station_key,normalized_name,source_station_id,original_name,endpoint_mentions,first_seen,last_seen,source_id_key_count,requires_review
000caea115a40a71,"hampton street, walworth",152,"Hampton Street, Walworth",82570,2020-01-01 01:47:00,2022-09-09 21:40:00,1,False
0024c9fe46793e2d,"hop exchange, the borough",194,"Hop Exchange, The Borough",309859,2020-01-01 00:25:00,2022-09-09 22:01:00,1,False
0090873da0922598,"maclise road, olympia",687,"Maclise Road, Olympia",34102,2020-01-01 05:03:00,2021-06-16 09:30:00,1,False
00f9cfe2ea19583e,"belgrove street, king's cross",14,"Belgrove Street , King's Cross",231212,2020-01-01 00:28:00,2022-09-09 23:10:00,1,False
019e8b7d83ed4e21,"ampton street, clerkenwell",26,"Ampton Street , Clerkenwell",48049,2020-01-01 00:17:00,2022-09-09 21:48:00,1,False
01b22b7cce4006ce,"warwick row, westminster",316,"Warwick Row, Westminster",113935,2020-01-01 00:32:00,2022-09-09 22:09:00,2,True
01b90083be4f129f,"borough road, elephant & castle",92,"Borough Road, Elephant & Castle",58593,2020-01-01 00:15:00,2022-09-09 21:36:00,1,False
01cab1c149678b7e,"beryl road, hammersmith",686,"Beryl Road, Hammersmith",46163,2020-01-01 00:29:00,2022-09-09 19:56:00,1,False
020756787841b5ab,"wenlock road, hoxton",42,"Wenlock Road , Hoxton",71499,2020-01-01 01:19:00,2022-09-09 21:58:00,1,False
0288eeaeff8c78a6,"olympia way, olympia",666,"Olympia Way, Olympia",19838,2020-01-01 02:26:00,2020-10-20 08:37:00,1,False
028ccaf586cdab98,"breams buildings, holborn",84,"Breams Buildings, Holborn",38906,2020-01-01 12:47:00,2022-09-09 19:47:00,1,False
029b778b462f407b,"torrens street, angel",75,"Torrens Street, Angel",48964,2020-01-01 00:29:00,2022-09-09 23:01:00,1,False
02f93af202db86e2,"wapping lane, wapping",458,"Wapping Lane, Wapping",78841,2020-01-01 00:54:00,2022-09-09 20:00:00,1,False
0300242469f4732f,"paddington street, marylebone",56,"Paddington Street, Marylebone",79109,2020-01-01 01:22:00,2022-09-09 23:08:00,1,False
035de42d048c0d34,"stepney green station, stepney",478,"Stepney Green Station, Stepney",111108,2020-01-01 00:36:00,2022-09-09 23:29:00,1,False
0372f62c606b2c3e,"taviton street, bloomsbury",19,"Taviton Street, Bloomsbury",66073,2020-01-01 00:24:00,2022-09-09 20:19:00,1,False
037a0878e3294314,"south audley street, mayfair",289,"South Audley Street, Mayfair",32122,2020-01-01 01:01:00,2022-09-09 18:42:00,1,False
0393e018eb73bad5,"brook green south, brook green",634,"Brook Green South, Brook Green",49373,2020-01-01 01:45:00,2022-09-09 22:01:00,1,False
043df174aeba8d44,"bank of england museum, bank",340,"Bank of England Museum, Bank",96077,2020-01-01 00:40:00,2022-09-09 21:15:00,1,False
04b46f9c353b0b9f,"leman street, aldgate",202,"Leman Street, Aldgate",120990,2020-01-01 00:23:00,2022-09-09 23:03:00,1,False
05580255f158d633,"pindar street, liverpool street",41,"Pindar Street, Liverpool Street",39680,2020-01-01 19:22:00,2022-09-09 21:00:00,2,True
059542cd7b559521,"allington street, victoria",826,"Allington Street, Victoria",157485,2020-01-01 00:34:00,2022-09-09 22:59:00,3,True
059e5e25641b0dcc,"st. john's park, cubitt town",504,"St. John's Park, Cubitt Town",20668,2020-01-01 03:14:00,2022-09-09 20:29:00,1,False
05dd88ba2395b19b,"wardour street, soho",192,"Wardour Street, Soho",137632,2020-01-01 00:17:00,2022-09-09 22:14:00,1,False
05dda17442b7c757,"devonshire square, liverpool street",87,"Devonshire Square, Liverpool Street",40655,2020-01-01 00:39:00,2022-09-09 20:10:00,1,False
0690a4371039d89b,"mallory street, marylebone",208,"Mallory Street, Marylebone",29776,2020-01-01 02:41:00,2022-09-09 20:56:00,1,False
07126cd8d40f397a,"ebury bridge, pimlico",424,"Ebury Bridge, Pimlico",62075,2020-01-01 00:11:00,2022-09-09 21:56:00,1,False
072edb11c39555b9,"dorothy road, clapham junction",683,"Dorothy Road, Clapham Junction",51057,2020-01-01 02:24:00,2022-09-09 22:32:00,1,False
075c30b29aa7478c,"vicarage gate, kensington",103,"Vicarage Gate, Kensington",41358,2020-01-01 04:49:00,2022-09-09 22:43:00,1,False
07c5220e19c4bc79,"shoreditch park, hoxton",253,"Shoreditch Park, Hoxton",94487,2020-01-01 00:31:00,2022-09-09 21:00:00,1,False
07f7bb5f82ce5293,"westfield southern terrace, shepherd's bush",571,"Westfield Southern Terrace ,Shepherd's Bush",46933,2020-01-01 11:21:00,2022-09-09 22:01:00,1,False
08136b45974271d3,"great percy street, clerkenwell",227,"Great Percy Street, Clerkenwell",52164,2020-01-01 00:36:00,2022-09-09 22:59:00,1,False
08b869041cba9429,"st. james's square, st. james's",228,"St. James's Square, St. James's",170156,2020-01-01 00:14:00,2022-09-09 23:25:00,1,False
08c2e9b228d35528,"cotton garden estate, kennington",62,"Cotton Garden Estate, Kennington",44881,2020-01-01 00:39:00,2022-09-09 22:32:00,1,False
08d7c16c119d8f90,"tanner street, bermondsey",85,"Tanner Street, Bermondsey",106146,2020-01-01 00:41:00,2022-09-09 22:06:00,1,False
092224cf075d9bdf,"courland grove, wandsworth road",624,"Courland Grove, Wandsworth Road",58909,2020-01-01 00:49:00,2022-09-09 21:40:00,1,False
0982aa0bc1d0f436,"vauxhall walk, vauxhall",437,"Vauxhall Walk, Vauxhall",55631,2020-01-01 01:25:00,2022-09-09 19:46:00,1,False
09b2c2871c5938de,"sloane avenue, knightsbridge",163,"Sloane Avenue, Knightsbridge",121261,2020-01-01 00:35:00,2022-09-09 21:25:00,1,False
0a470f23ce71391a,"lower marsh, waterloo",347,"Lower Marsh, Waterloo",73895,2020-01-01 12:01:00,2022-09-09 19:52:00,1,False
0a573d78b84c04f2,"ossulston street, somers town",797,"Ossulston Street, Somers Town",60948,2020-01-01 00:31:00,2022-09-09 21:02:00,1,False
0ac60ea279c10713,"sheepcote lane, battersea",632,"Sheepcote Lane, Battersea",41834,2020-01-01 04:27:00,2022-09-09 20:19:00,1,False
0b8a33254dbbe204,"strand, strand",174,"Strand, Strand",47089,2020-01-01 00:20:00,2022-09-09 20:57:00,1,False
0b93e40c1dd2a4b4,"saltoun road, brixton",833,"Saltoun Road, Brixton",99262,2020-01-01 01:15:00,2022-09-09 22:15:00,1,False
0bb10ff558213037,"commercial street, shoreditch",40,"Commercial Street, Shoreditch",62994,2020-01-01 01:34:00,2022-09-09 23:25:00,1,False
0bdfecc16cecc7fc,"bevington road west, north kensington",807,"Bevington Road West, North Kensington",85487,2020-01-01 01:27:00,2022-09-09 21:48:00,1,False
0c9d0231856ff822,"vauxhall street, vauxhall",352,"Vauxhall Street, Vauxhall",59066,2020-01-01 01:36:00,2022-09-09 21:33:00,1,False
0d18acb4c0819046,"paddington green police station, paddington",408,"Paddington Green Police Station, Paddington",1851,2020-01-01 00:31:00,2021-11-13 21:07:00,2,True
0d5b187b0e9ebd93,"milroy walk, south bank",195,"Milroy Walk, South Bank",82703,2020-01-01 21:34:00,2022-09-09 21:11:00,1,False
0d6d98670d99742b,"falcon road, clapham junction",638,"Falcon Road, Clapham Junction",114281,2020-01-01 01:18:00,2022-09-09 22:57:00,1,False
0da2c6107d2b20e3,"vincent square, westminster",299,"Vincent Square, Westminster",33667,2020-01-01 00:22:00,2022-09-09 23:19:00,1,False
0dbf0f7eed3c98f4,"binfield road, stockwell",772,"Binfield Road, Stockwell",98447,2020-01-01 00:43:00,2022-09-09 22:14:00,1,False
0dea6955394268aa,"jubilee crescent, cubitt town",447,"Jubilee Crescent, Cubitt Town",25825,2020-01-01 09:22:00,2022-09-09 22:12:00,1,False
0e01a7ecb04b8075,"wellington row, bethnal green",533,"Wellington Row, Bethnal Green",61958,2020-01-01 00:48:00,2022-09-09 21:02:00,1,False
0e1eda166aef0e09,"south quay east, canary wharf",494,"South Quay East, Canary Wharf",10665,2020-01-01 14:14:00,2022-09-09 21:17:00,1,False
0eabc6ff21f11db8,"the tennis courts, the regent's park",315,"The Tennis Courts, The Regent's Park",92479,2020-01-01 09:50:00,2022-09-09 19:54:00,1,False
0ecc5d21f78cddd0,"rochester row, westminster",118,"Rochester Row, Westminster",44901,2020-01-01 00:14:00,2022-09-09 20:33:00,1,False
0f2436344ca2f03f,"whitehall place, strand",229,"Whitehall Place, Strand",193215,2020-01-01 22:50:00,2022-09-09 23:19:00,1,False
0f248f27de4b8590,"devons road, bow",496,"Devons Road, Bow",41469,2020-01-01 00:19:00,2022-09-09 23:30:00,1,False
0f329cdd5c4e420f,"city road, angel",365,"City Road, Angel",51126,2020-01-01 00:15:00,2022-09-09 20:38:00,1,False
0f50652fd27ed604,"red lion street, holborn",436,"Red Lion Street, Holborn",85937,2020-01-01 00:42:00,2022-09-09 22:14:00,1,False
0fdbfcc6ad08cced,"clapham road, lingham street, stockwell",814,"Clapham Road, Lingham Street, Stockwell",48793,2020-01-01 01:22:00,2022-09-09 23:20:00,1,False
100f5067ced4cd7d,"st. bride street, holborn",703,"St. Bride Street, Holborn",75036,2020-01-01 00:34:00,2022-09-09 19:52:00,1,False
1076af231f253378,"riverlight north, nine elms",183,"Riverlight North, Nine Elms",126939,2020-01-01 00:11:00,2022-09-09 23:50:00,1,False
10932032d0707644,"east india dlr, blackwall",547,"East India DLR, Blackwall",55356,2020-01-01 03:39:00,2022-09-09 21:30:00,1,False
10ae8d279a4f87f8,"stainsby road, poplar",716,"Stainsby Road , Poplar",37791,2020-01-01 02:20:00,2022-09-09 20:33:00,1,False
10f9a2aa2c54fc0a,"william iv street, strand",64,"William IV Street, Strand",128518,2020-01-01 00:11:00,2022-09-09 22:36:00,1,False
117aa3d2ef751f2b,"vicarage crescent, battersea",701,"Vicarage Crescent, Battersea",92627,2020-01-01 01:05:00,2022-09-09 22:45:00,1,False
117db799868afa4d,"euston road, euston",69,"Euston Road, Euston",53593,2020-01-01 00:53:00,2022-09-09 21:43:00,1,False
11fb24bca8848e73,"haggerston road, haggerston",749,"Haggerston Road, Haggerston",105100,2020-01-01 01:40:00,2022-09-09 21:57:00,1,False
122b0737b1ccfd55,"earnshaw street, covent garden",244,"Earnshaw Street , Covent Garden",88812,2020-01-01 00:26:00,2022-09-09 21:57:00,1,False
127ad70a2d66ce92,"castlehaven road, camden town",457,"Castlehaven Road, Camden Town",103257,2020-01-01 08:59:00,2022-09-09 20:55:00,1,False
13ac086b7080d0fa,"chelsea green, chelsea",220,"Chelsea Green, Chelsea",60801,2020-01-01 14:19:00,2022-08-25 08:29:00,1,False
1411e79916f71426,"penywern road, earl's court",37,"Penywern Road, Earl's Court",83889,2020-01-01 01:54:00,2022-09-09 23:12:00,1,False
14454d2accdd76c1,"bermondsey street, bermondsey",321,"Bermondsey Street, Bermondsey",127694,2020-01-01 00:27:00,2022-09-09 22:18:00,1,False
145f5f6dfc2f1b4a,"snowsfields, london bridge",706,"Snowsfields, London Bridge",96490,2020-01-01 03:28:00,2022-09-09 22:10:00,1,False
15104d37897550d7,"new spring gardens walk, vauxhall",813,"New Spring Gardens Walk, Vauxhall",42992,2020-01-01 00:12:00,2022-09-09 23:43:00,1,False
157ec2085dda7afe,"holland park, kensington",398,"Holland Park, Kensington",47951,2020-01-01 02:44:00,2022-09-09 20:53:00,1,False
158f037cd07c0d0e,"edgware road station, marylebone",410,"Edgware Road Station, Marylebone",81550,2020-01-01 00:28:00,2022-09-09 23:32:00,1,False
159f93995c29e618,"tower gardens, tower",130,"Tower Gardens , Tower",223093,2020-01-01 00:26:00,2022-09-09 22:51:00,1,False
15ceb60509163ff2,"chrisp street market, poplar",516,"Chrisp Street Market, Poplar",50462,2020-01-01 00:25:00,2022-09-09 20:33:00,1,False
15e70aebb5b12f36,"old street station, st. luke's",73,"Old Street Station, St. Luke's",114854,2020-01-01 01:05:00,2022-09-09 22:19:00,1,False
164ed9bf6271ad75,"st. luke's church, chelsea",218,"St. Luke's Church, Chelsea",77271,2020-01-01 00:29:00,2022-09-09 23:38:00,1,False
1670d100fee8a1db,"gower place, euston",65,"Gower Place , Euston",7424,2020-01-01 05:54:00,2022-09-09 22:08:00,1,False
16d5b9f1945968ad,"borough high street, the borough",125,"Borough High Street, The Borough",74337,2020-01-01 00:36:00,2022-08-23 16:18:00,1,False
173e55a6d87704c9,"queen victoria street, st. paul's",136,"Queen Victoria Street, St. Paul's",92550,2020-01-01 00:05:00,2022-09-09 22:47:00,1,False
1759d4279a1f9be0,"great dover street, the borough",61,"Great Dover Street, The Borough",74749,2020-01-01 00:15:00,2022-09-09 20:39:00,1,False
17bfbc376b718d08,"warwick square, pimlico",178,"Warwick Square, Pimlico",76845,2020-01-01 02:18:00,2022-09-09 22:38:00,1,False
17f90c6e04836fc6,"rampayne street, pimlico",190,"Rampayne Street, Pimlico",83499,2020-01-01 00:15:00,2022-09-09 23:00:00,1,False
184eec9a9e2242fe,"belgrave road, victoria",268,"Belgrave Road, Victoria",74786,2020-01-01 00:10:00,2022-09-09 21:41:00,1,False
18b671734b596bf9,"mile end park leisure centre, mile end",763,"Mile End Park Leisure Centre, Mile End",71444,2020-01-01 01:15:00,2022-09-09 20:29:00,1,False
191831d0cf7d7c87,"horseferry road, westminster",221,"Horseferry Road, Westminster",71614,2020-01-01 00:12:00,2022-09-09 21:03:00,1,False
19c535b3235e1475,"graham street, angel",326,"Graham Street, Angel",93284,2020-01-01 00:20:00,2022-09-09 19:26:00,1,False
1ac5586c9af9eb75,"hibbert street, battersea",673,"Hibbert Street, Battersea",82463,2020-01-01 00:42:00,2022-09-09 23:27:00,1,False
1af3a0e16ad3f9a3,"clapham common north side, clapham common",768,"Clapham Common North Side, Clapham Common",103576,2020-01-01 00:21:00,2022-09-09 22:31:00,1,False
1b2dfd828eb06955,"eastbourne mews, paddington",330,"Eastbourne Mews, Paddington",80947,2020-01-01 00:14:00,2022-09-09 23:34:00,1,False
1b39350a514430f8,"harriet street, knightsbridge",368,"Harriet Street, Knightsbridge",86835,2020-01-01 00:12:00,2022-09-09 22:55:00,1,False
1b824aafc9ba94ab,"norton folgate, liverpool street",122,"Norton Folgate, Liverpool Street",69372,2020-01-01 00:12:00,2022-09-09 22:11:00,1,False
1c3ebd0989bcb780,"crabtree lane, fulham",655,"Crabtree Lane, Fulham",50267,2020-01-01 01:28:00,2022-09-09 22:02:00,1,False
1cbd402f0f47319c,"fore street, guildhall",509,"Fore Street, Guildhall",34403,2020-01-01 17:47:00,2022-09-09 22:38:00,1,False
1cdcac7418c03499,"guilford street, bloomsbury",57,"Guilford Street , Bloomsbury",87376,2020-01-01 00:52:00,2022-09-09 23:10:00,1,False
1d6f554c10813ba0,"kingsway southbound, strand",594,"Kingsway Southbound, Strand",54073,2020-01-01 00:20:00,2022-09-09 19:39:00,1,False
1d6fafeee9d5a1e2,"grove end road, st. john's wood",312,"Grove End Road, St. John's Wood",64291,2020-01-01 04:03:00,2022-09-09 21:31:00,1,False
1dbafc137277fffd,"broadcasting house, marylebone",6,"Broadcasting House, Marylebone",80011,2020-01-01 00:49:00,2022-09-09 19:14:00,1,False
1dfca137db987c70,"watney market, stepney",513,"Watney Market, Stepney",57895,2020-01-01 01:02:00,2022-09-09 21:36:00,1,False
1e02cd0f75d1a015,"westferry circus, canary wharf",811,"Westferry Circus, Canary Wharf",114056,2020-01-01 00:22:00,2022-09-09 21:32:00,1,False
1e358fdb73a2acf0,"hoxton street, hoxton",588,"Hoxton Street, Hoxton",38310,2020-01-01 01:52:00,2022-09-09 22:19:00,1,False
1e4eb51b49738753,"trebovir road, earl's court",158,"Trebovir Road, Earl's Court",70330,2020-01-01 01:20:00,2022-09-09 21:50:00,1,False
1e68e6618dcf321b,"timber lodge, queen elizabeth olympic park",787,"Timber Lodge, Queen Elizabeth Olympic Park",94813,2020-01-01 04:21:00,2022-09-09 23:03:00,1,False
1e9829cae4cdf4a0,"soho square, soho",109,"Soho Square , Soho",192402,2020-01-01 00:17:00,2022-09-09 23:22:00,1,False
1eecfaa7e4c825c1,"somerset house, strand",564,"Somerset House, Strand",152228,2020-01-02 05:22:00,2022-09-09 22:51:00,1,False
1f4c3c30b7a1c6b5,"abbotsbury road, holland park",559,"Abbotsbury Road, Holland Park",31126,2020-01-01 12:44:00,2022-09-09 19:45:00,1,False
1f99db4fe87ec2fd,"cloudesley road, angel",93,"Cloudesley Road, Angel",49384,2020-01-01 01:57:00,2022-09-09 21:22:00,1,False
1fa0f4a09e4af522,"ada street, hackney central",718,"Ada Street, Hackney Central",63295,2020-01-01 01:22:00,2022-09-09 23:36:00,1,False
1fb686eabcd3e746,"albert bridge road, battersea park",710,"Albert Bridge Road, Battersea Park",112749,2020-01-01 00:19:00,2022-09-09 22:41:00,1,False
1fd7b357620188a6,"malmesbury road, bow",472,"Malmesbury Road, Bow",13472,2020-01-01 05:38:00,2022-09-09 19:18:00,1,False
1fee4e26839044fa,"bishop's avenue, fulham",681,"Bishop's Avenue, Fulham",71732,2020-01-01 00:01:00,2022-09-09 21:33:00,1,False
20bf332b5ffa1bfa,"bonny street, camden town",462,"Bonny Street, Camden Town",94092,2020-01-01 00:41:00,2022-09-09 22:34:00,1,False
216a0755c5b142de,"ferndale road, brixton",832,"Ferndale Road, Brixton",97065,2020-01-01 00:44:00,2022-09-09 21:31:00,2,True
21e9c2e95cfd006a,"st. katharine's way, tower",452,"St. Katharine's Way, Tower",69382,2020-01-01 00:46:00,2022-09-09 21:15:00,1,False
21ebff74b9f6c4be,"mudchute dlr, cubitt town",586,"Mudchute DLR, Cubitt Town",20704,2020-01-01 02:03:00,2022-09-09 19:18:00,1,False
21ed84e8fe47fcb8,"serpentine car park, hyde park",300,"Serpentine Car Park, Hyde Park",236782,2020-01-01 00:23:00,2022-09-09 20:10:00,1,False
227f5b2cc98e449e,"hinde street, marylebone",210,"Hinde Street, Marylebone",102664,2020-01-01 01:02:00,2022-09-09 22:49:00,1,False
22bc786fc97337c0,"westferry dlr, limehouse",510,"Westferry DLR, Limehouse",108319,2020-01-01 01:38:00,2022-09-09 22:09:00,1,False
22cfe12dd9a388c7,"penfold street, marylebone",402,"Penfold Street, Marylebone",31853,2020-01-01 00:06:00,2022-09-09 23:26:00,1,False
2396320a52484577,"cantrell road, bow",468,"Cantrell Road, Bow",24155,2020-01-01 00:26:00,2022-09-09 23:34:00,1,False
23cb0dc44f2f8877,"tysoe street, clerkenwell",264,"Tysoe Street, Clerkenwell",90403,2020-01-01 01:26:00,2022-09-09 23:34:00,1,False
24399f6cc9bcbab1,"finsbury library, finsbury",51,"Finsbury Library , Finsbury",42755,2020-01-01 02:29:00,2022-09-09 22:14:00,1,False
246537e5ba3a3edc,"pont street, knightsbridge",143,"Pont Street, Knightsbridge",75072,2020-01-01 01:15:00,2022-09-09 21:24:00,1,False
247307470d3a1185,"south kensington station, south kensington",356,"South Kensington Station, South Kensington",150455,2020-01-01 01:03:00,2022-09-09 22:12:00,1,False
2595800d16ae0d5f,"lansdowne road, ladbroke grove",622,"Lansdowne Road, Ladbroke Grove",70025,2020-01-01 00:46:00,2022-09-09 23:00:00,1,False
26dfc5e3bf19df83,"southern grove, bow",467,"Southern Grove, Bow",34012,2020-01-01 01:38:00,2022-09-09 22:23:00,1,False
26e6ece9a350fca5,"black prince road, vauxhall",310,"Black Prince Road, Vauxhall",71258,2020-01-01 00:02:00,2022-09-09 22:18:00,1,False
278446fffba3ed42,"arundel street, temple",79,"Arundel Street, Temple",40879,2020-01-01 00:39:00,2022-09-09 19:13:00,2,True
28a7e41b2ed5a138,"spanish road, clapham junction",689,"Spanish Road, Clapham Junction",19169,2020-01-01 03:33:00,2022-09-09 20:02:00,1,False
28ca41891e223c4f,"harper road, the borough",249,"Harper Road, The Borough",56564,2020-01-01 01:29:00,2022-09-09 20:30:00,1,False
2930aa3f7d860f5a,"wellington street, strand",338,"Wellington Street , Strand",128632,2020-01-01 02:27:00,2022-09-09 22:18:00,1,False
294d94bd6ea54f4a,"buxton street 1, shoreditch",390,"Buxton Street 1, Shoreditch",34391,2020-01-01 09:45:00,2022-09-09 20:00:00,1,False
294f81dc06352547,"cadogan close, victoria park",692,"Cadogan Close, Victoria Park",100085,2020-01-01 02:10:00,2022-09-09 23:52:00,1,False
2955d6512c4ae70f,"lincoln's inn fields, holborn",809,"Lincoln's Inn Fields, Holborn",48378,2020-01-01 00:23:00,2022-09-09 23:10:00,1,False
296ac6be47e0c35f,"victoria park road, hackney central",719,"Victoria Park Road, Hackney Central",98959,2020-01-01 00:50:00,2022-09-09 22:24:00,1,False
2a825a3a386768af,"duke street hill, london bridge",732,"Duke Street Hill, London Bridge",243501,2020-01-01 00:10:00,2022-09-09 22:15:00,1,False
2af410b8bbc37f49,"handyside street, king's cross",806,"Handyside Street, King's Cross",63250,2020-01-01 03:42:00,2022-09-09 23:10:00,1,False
2af9d9e226450fc2,"pembridge villas, notting hill",337,"Pembridge Villas, Notting Hill",54238,2020-01-01 03:18:00,2022-09-09 21:10:00,1,False
2b017dc6990b249b,"west smithfield rotunda, farringdon",203,"West Smithfield Rotunda, Farringdon",83269,2020-01-01 00:50:00,2022-09-09 21:50:00,1,False
2c15286165525dbc,"frampton street, paddington",238,"Frampton Street, Paddington",47995,2020-01-01 00:36:00,2022-09-09 21:46:00,1,False
2c525584d32b1530,"lower thames street, monument",276,"Lower Thames Street, Monument",47063,2020-01-01 08:21:00,2022-08-08 07:42:00,1,False
2cad87ae8fb84ed9,"parkway, camden town",456,"Parkway, Camden Town",51626,2020-01-01 00:33:00,2022-09-09 22:01:00,1,False
2cbf87dc42b5de27,"mexfield road, east putney",704,"Mexfield Road, East Putney",20676,2020-01-01 01:28:00,2022-09-09 21:54:00,1,False
2dc4a2cd899e879d,"clarendon road, avondale",663,"Clarendon Road, Avondale",32988,2020-01-01 00:28:00,2022-09-09 19:50:00,1,False
2dc8066732229426,"north audley street, mayfair",180,"North Audley Street, Mayfair",92767,2020-01-01 00:13:00,2022-09-09 21:18:00,1,False
2dfeee43774bd2f5,"porchester place, paddington",169,"Porchester Place, Paddington",114820,2020-01-01 00:22:00,2022-09-09 22:05:00,1,False
2ef219e2abc86f16,"lmu commercial road, whitechapel",200,"LMU Commercial Road, Whitechapel",86635,2020-01-01 02:05:00,2022-09-09 23:04:00,1,False
2fc10e21f43aed07,"pall mall east, west end",233,"Pall Mall East, West End",138927,2020-01-01 00:14:00,2022-09-09 22:38:00,1,False
308054f82b07f516,"south parade, chelsea",430,"South Parade, Chelsea",54002,2020-01-01 00:52:00,2022-09-09 23:39:00,1,False
30ade85d8678cb39,"simpson street, clapham junction",653,"Simpson Street, Clapham Junction",87080,2020-01-01 00:42:00,2022-09-09 21:57:00,1,False
30da8b8eac507497,"peterborough road, sands end",648,"Peterborough Road, Sands End",32869,2020-01-01 04:53:00,2022-09-09 19:31:00,1,False
31161e65a6764781,"hampstead road, euston",98,"Hampstead Road, Euston",87346,2020-01-01 00:33:00,2022-09-09 22:51:00,1,False
3142ea84a77f7d40,"driffield road, old ford",521,"Driffield Road, Old Ford",81006,2020-01-01 00:22:00,2022-09-09 21:59:00,1,False
3180b00e64977df2,"royal avenue 1, chelsea",250,"Royal Avenue 1, Chelsea",49168,2020-01-01 00:28:00,2022-09-09 21:16:00,1,False
3371788910cd32dc,"westminster bridge road, elephant & castle",548,"Westminster Bridge Road, Elephant & Castle",21069,2020-01-01 00:31:00,2022-09-09 20:46:00,1,False
340d9625e621f916,"normand park, west kensington",626,"Normand Park, West Kensington",92253,2020-01-01 00:24:00,2022-09-09 22:53:00,1,False
3426384f7e12e637,"stratford station, stratford",790,"Stratford Station, Stratford",73544,2020-01-01 03:46:00,2022-09-09 19:39:00,1,False
3452ca9f3e3b6374,"battersea park road, nine elms",631,"Battersea Park Road, Nine Elms",89090,2020-01-01 00:31:00,2022-09-09 22:09:00,1,False
35a5f220534269f4,"aberfeldy street, poplar",554,"Aberfeldy Street, Poplar",23333,2020-01-01 01:18:00,2022-09-09 19:59:00,1,False
35facc1bc92eec65,"crosswall, tower",104,"Crosswall, Tower",131604,2020-01-01 00:11:00,2022-09-09 23:32:00,1,False
36671b9492d0f521,"the guildhall, guildhall",120,"The Guildhall, Guildhall",34369,2020-01-01 05:16:00,2022-09-09 22:08:00,1,False
36a03d6386266888,"queen street 1, bank",101,"Queen Street 1, Bank",137425,2020-01-01 00:39:00,2022-09-09 22:33:00,1,False
36d7cd39e1b79a6c,"putney bridge road, east putney",728,"Putney Bridge Road, East Putney",30173,2020-01-01 09:35:00,2022-09-09 18:49:00,1,False
37200f6ca9178cd1,"st. mary & st. michael church, stepney",464,"St. Mary & St. Michael Church, Stepney",17701,2020-01-01 01:01:00,2022-09-09 20:10:00,1,False
37ac18565df65487,"wormwood street, liverpool street",217,"Wormwood Street, Liverpool Street",218859,2020-01-01 00:25:00,2022-09-09 21:57:00,1,False
37afc858be519971,"central house, aldgate",33,"Central House, Aldgate",84550,2020-01-01 00:36:00,2022-08-07 13:47:00,1,False
37fec88973a36c24,"sardinia street, holborn",372,"Sardinia Street, Holborn",47183,2020-01-01 00:30:00,2022-09-09 19:57:00,1,False
3809cec247ec82cd,"london zoo, the regent's park",271,"London Zoo,  The Regent's Park",71145,2020-01-01 00:17:00,2022-09-09 21:36:00,1,False
387901b2f47c080d,"sirdar road, avondale",740,"Sirdar Road, Avondale",15449,2020-01-01 03:41:00,2022-09-09 16:24:00,1,False
38b0151cbc2df15d,"shepherd's bush road north, shepherd's bush",667,"Shepherd's Bush Road North, Shepherd's Bush",67075,2020-01-01 00:46:00,2022-09-09 22:05:00,1,False
3917bfafac17bd05,"risinghill street, angel",339,"Risinghill Street, Angel",26930,2020-01-01 20:07:00,2022-09-09 18:44:00,1,False
39d5fb9e56a122f5,"lindfield street, poplar",469,"Lindfield Street, Poplar",48390,2020-01-01 01:18:00,2022-09-09 22:09:00,1,False
39d7750e4bfe075d,"blenheim crescent, ladbroke grove",742,"Blenheim Crescent, Ladbroke Grove",66895,2020-01-01 00:59:00,2022-09-09 20:58:00,1,False
3a51a9df146d064d,"kensington church street, kensington",277,"Kensington Church Street, Kensington",86287,2020-01-01 02:47:00,2022-09-09 21:40:00,1,False
3a948bee52527459,"rainville road, hammersmith",644,"Rainville Road, Hammersmith",58896,2020-01-01 00:13:00,2022-09-09 20:46:00,1,False
3ad8e64a74d8cdae,"southwark station 1, southwark",420,"Southwark Station 1, Southwark",57143,2020-01-01 10:09:00,2022-09-09 21:40:00,1,False
3b35dbf01892998e,"st martins close, camden town",604,"St Martins Close, Camden Town",27918,2020-01-01 01:30:00,2022-09-08 01:23:00,1,False
3b4bb93453e72da6,"columbia road, shoreditch",401,"Columbia Road, Shoreditch",83447,2020-01-01 00:50:00,2022-09-09 22:42:00,1,False
3b83368107f06aa6,"royal college street, camden town",362,"Royal College Street, Camden Town",55475,2020-01-01 02:57:00,2022-09-09 19:53:00,1,False
3bc4432a4693d542,"elysium place, fulham",617,"Elysium Place, Fulham",32736,2020-01-01 01:06:00,2022-09-09 20:45:00,1,False
3cd62f850858a687,"beaumont street, marylebone",242,"Beaumont Street, Marylebone",74996,2020-01-01 01:08:00,2022-09-09 20:46:00,1,False
3d0c2057d1593a58,"pancras road, king's cross",34,"Pancras Road, King's Cross",45656,2020-01-01 01:09:00,2022-09-09 20:34:00,1,False
3d7b86cbbb543733,"bancroft road, bethnal green",520,"Bancroft Road, Bethnal Green",51370,2020-01-01 01:39:00,2022-09-09 23:32:00,1,False
3d916652703ab89a,"portman square, marylebone",514,"Portman Square, Marylebone",74844,2020-01-01 01:08:00,2022-09-09 22:09:00,1,False
3da6a07989df877a,"st. john's road, clapham junction",764,"St. John's Road, Clapham Junction",75794,2020-01-01 00:37:00,2022-09-09 22:12:00,1,False
3e9985ef62d4412e,"knightsbridge, hyde park",222,"Knightsbridge, Hyde Park",69633,2020-01-01 02:13:00,2022-09-09 22:37:00,1,False
3ebfa647bac9e49e,"tachbrook street, victoria",148,"Tachbrook Street, Victoria",75917,2020-01-01 00:16:00,2022-09-09 23:36:00,1,False
3ec7a20317426768,"webber street, southwark",80,"Webber Street , Southwark",69755,2020-01-01 00:29:00,2022-09-09 21:30:00,1,False
3ec802a9e4428372,"great titchfield street, fitzrovia",81,"Great Titchfield Street, Fitzrovia",61516,2020-01-01 00:43:00,2022-09-09 22:53:00,1,False
3f5a3e281b701554,"st. mary axe, aldgate",263,"St. Mary Axe, Aldgate",61724,2020-01-01 00:44:00,2022-09-09 19:42:00,1,False
3f7f5ef639530bdb,"albert embankment, vauxhall",100,"Albert Embankment, Vauxhall",68706,2020-01-01 00:22:00,2022-09-09 21:56:00,1,False
3f8e6371be724785,"hertford road, de beauvoir town",748,"Hertford Road, De Beauvoir Town",74556,2020-01-01 01:16:00,2022-09-09 21:47:00,1,False
3ff2eeec3540a72b,"northfields, wandsworth",688,"Northfields, Wandsworth",27339,2020-01-01 04:10:00,2022-09-09 20:24:00,1,False
405f050fa690a431,"claremont square, angel",189,"Claremont Square, Angel",40475,2020-01-01 00:51:00,2022-09-09 22:16:00,1,False
4085be9e7d31f3e8,"sackville street, mayfair",318,"Sackville Street, Mayfair",79901,2020-01-01 10:01:00,2022-09-09 21:52:00,1,False
408daea21a72d3c6,"belford house, haggerston",699,"Belford House, Haggerston",30337,2020-01-01 00:34:00,2022-09-09 20:55:00,1,False
40c04aef6bd15fab,"ansell house, stepney",500,"Ansell House, Stepney",100033,2020-01-01 01:04:00,2022-09-09 23:15:00,1,False
412e9f283f0f6010,"cranmer road, stockwell",827,"Cranmer Road, Stockwell",94124,2020-01-01 00:06:00,2022-09-09 20:49:00,1,False
414b67684fa15ef0,"collingham gardens, earl's court",171,"Collingham Gardens, Earl's Court",63207,2020-01-01 00:45:00,2022-09-09 20:26:00,1,False
41a0a6074641b633,"chelsea bridge, pimlico",419,"Chelsea Bridge, Pimlico",94664,2020-01-01 01:00:00,2022-09-09 23:33:00,1,False
41af53271dc35eca,"charing cross hospital, hammersmith",696,"Charing Cross Hospital, Hammersmith",56058,2020-01-01 02:47:00,2022-09-09 22:09:00,1,False
42533f50fa13c909,"upper richmond road, putney",705,"Upper Richmond Road, Putney",30053,2020-01-01 02:07:00,2022-09-09 19:23:00,1,False
42ab9ea432d807a7,"cleveland gardens, bayswater",164,"Cleveland Gardens, Bayswater",46127,2020-01-01 04:10:00,2022-09-09 21:27:00,1,False
43157a7068425f7b,"fournier street, whitechapel",508,"Fournier Street, Whitechapel",103941,2020-01-01 00:12:00,2022-09-09 22:00:00,1,False
43357b895d284dbb,"park road (baker street), the regent's park",114,"Park Road (Baker Street), The Regent's Park",124933,2020-01-01 00:25:00,2022-09-09 22:34:00,1,False
4387ae49cff84f96,"lansdowne walk, ladbroke grove",543,"Lansdowne Walk, Ladbroke Grove",18994,2020-01-01 08:18:00,2022-09-09 18:04:00,1,False
4456afbafd47ebb0,"alpha grove, millwall",576,"Alpha Grove, Millwall",33925,2020-01-01 10:14:00,2022-09-09 20:05:00,1,False
44739233bbea3b21,"kennington oval, oval",440,"Kennington Oval, Oval",64786,2020-01-01 00:58:00,2022-09-09 21:11:00,1,False
44ba6852a86eeb58,"bolsover street, fitzrovia",28,"Bolsover Street, Fitzrovia",87988,2020-01-01 01:01:00,2022-09-09 21:28:00,1,False
44c9627b654d652e,"east road, hoxton",50,"East Road, Hoxton",51898,2020-01-01 01:31:00,2022-09-09 20:28:00,1,False
44d760c6c2691f61,"pitfield street north, hoxton",465,"Pitfield Street North,Hoxton",85865,2020-01-01 00:23:00,2022-09-09 22:15:00,1,False
44df33c2b0f07b0b,"regency street, westminster",267,"Regency Street, Westminster",66052,2020-01-01 00:35:00,2022-09-09 23:08:00,1,False
4514f1c2d6f6731b,"twig folly bridge, mile end",531,"Twig Folly Bridge, Mile End",83627,2020-01-01 00:56:00,2022-09-09 22:13:00,1,False
4590fa90b3722808,"holden street, battersea",627,"Holden Street, Battersea",25200,2020-01-01 10:20:00,2022-09-09 19:40:00,1,False
45915b8f58991a7b,"sumner place, south kensington",172,"Sumner Place, South Kensington",59841,2020-01-01 01:26:00,2022-09-09 22:15:00,1,False
45943d7e31c1a634,"eversholt street, camden town",131,"Eversholt Street , Camden Town",44570,2020-01-01 01:36:00,2022-09-09 18:55:00,1,False
4666bae5d49df101,"wandsworth rd, isley court, wandsworth road",612,"Wandsworth Rd, Isley Court, Wandsworth Road",63799,2020-01-01 00:29:00,2022-09-09 20:18:00,1,False
469f1e10096ea982,"storey's gate, westminster",762,"Storey's Gate, Westminster",216433,2020-01-01 08:56:00,2022-09-09 22:47:00,1,False
473d3dc72eb02561,"chancery lane, holborn",82,"Chancery Lane, Holborn",39425,2020-01-01 13:31:00,2022-09-09 20:28:00,1,False
475de6a16942dfa2,"morie street, wandsworth",629,"Morie Street, Wandsworth",23267,2020-01-01 09:33:00,2022-09-09 19:27:00,1,False
478979061b15a7f7,"doddington grove, kennington",580,"Doddington Grove, Kennington",82243,2020-01-01 00:46:00,2022-09-09 22:52:00,1,False
481637db886bd8fa,"harrington square 2, camden town",425,"Harrington Square 2, Camden Town",28117,2020-01-01 00:58:00,2021-09-18 05:09:00,1,False
4875590a96fe8357,"monument street, monument",587,"Monument Street, Monument",117861,2020-01-01 00:11:00,2022-09-09 21:24:00,1,False
48ab508d6ac22597,"wynne road, stockwell",829,"Wynne Road, Stockwell",32260,2020-01-01 01:27:00,2022-09-09 20:44:00,1,False
48b01e36f86d2267,"river street, clerkenwell",1,"River Street , Clerkenwell",33595,2020-01-01 00:39:00,2022-09-09 19:59:00,1,False
48b20b57ab3f9cc0,"smith square, westminster",281,"Smith Square, Westminster",69254,2020-01-01 00:10:00,2022-09-09 21:20:00,1,False
48c2550eec394a79,"austin road, battersea park",664,"Austin Road, Battersea Park",80551,2020-01-01 01:13:00,2022-09-09 22:28:00,1,False
48c42378c2a1ec99,"new kent road, the borough",156,"New Kent Road, The Borough",56048,2020-01-01 03:08:00,2022-09-09 20:48:00,1,False
48cd06921abc6821,"pritchard's road, bethnal green",512,"Pritchard's Road, Bethnal Green",104034,2020-01-01 01:31:00,2022-09-09 22:07:00,1,False
48e6d173e97375e1,"howland street, fitzrovia",357,"Howland Street, Fitzrovia",83961,2020-01-01 00:30:00,2022-09-09 21:53:00,1,False
4919522db43d24b1,"london zoo car park, the regent's park",343,"London Zoo Car Park, The Regent's Park",56300,2020-01-01 00:17:00,2022-09-09 19:37:00,1,False
497bd9ca245770f6,"bruton street, mayfair",44,"Bruton Street, Mayfair",46320,2020-01-01 00:42:00,2022-09-09 22:36:00,1,False
499d2b52b30a4f67,"rectory square, stepney",561,"Rectory Square, Stepney",48267,2020-01-01 01:12:00,2022-09-09 22:08:00,1,False
49a39626cef4816d,"garnet street, shadwell",453,"Garnet Street, Shadwell",57981,2020-01-01 00:04:00,2022-09-09 23:29:00,1,False
49cceb18fa38cdf8,"argyll road, kensington",168,"Argyll Road, Kensington",56774,2020-01-01 04:59:00,2022-09-09 20:50:00,1,False
49f4d17f3567b8a6,"berry street, clerkenwell",246,"Berry Street, Clerkenwell",88199,2020-01-01 03:20:00,2022-09-09 22:02:00,1,False
4ae5c835e2018d81,"royal london hospital, whitechapel",282,"Royal London Hospital, Whitechapel",141867,2020-01-01 00:54:00,2022-09-09 23:29:00,1,False
4b49addf18c73241,"star road, west kensington",720,"Star Road, West Kensington",56073,2020-01-01 01:09:00,2022-09-09 22:05:00,1,False
4b83a8a9fbe10ce5,"exhibition road, knightsbridge",428,"Exhibition Road, Knightsbridge",179351,2020-01-01 00:14:00,2022-09-09 21:23:00,1,False
4b8492e1d61fe0df,"margery street, clerkenwell",204,"Margery Street, Clerkenwell",45046,2020-01-01 07:39:00,2022-09-09 23:47:00,1,False
4bc7ad3bea9fd0e6,"poured lines, bankside",230,"Poured Lines, Bankside",52776,2020-01-01 00:27:00,2022-09-09 19:29:00,1,False
4c3ac5ad68f450de,"walworth square, walworth",725,"Walworth Square, Walworth",95500,2020-01-01 00:25:00,2022-09-09 23:05:00,2,True
4e10633611f5fa70,"greenberry street, st.john's wood",590,"Greenberry Street, St.John's Wood",23841,2020-01-01 00:21:00,2022-09-09 21:24:00,1,False
4e1668e10496fc4b,"holy trinity brompton, knightsbridge",150,"Holy Trinity Brompton, Knightsbridge",76370,2020-01-01 00:37:00,2022-09-09 21:44:00,1,False
4e76152f6dee2e53,"charlbert street, st. john's wood",7,"Charlbert Street, St. John's Wood",52922,2020-01-01 00:29:00,2022-09-09 20:34:00,1,False
4e81d9528d8edf08,"hewison street, old ford",471,"Hewison Street, Old Ford",53046,2020-01-01 01:32:00,2022-09-09 21:58:00,1,False
4ef6346d64ffada4,"good's way, king's cross",804,"Good's Way, King's Cross",115738,2020-01-01 00:24:00,2022-09-09 22:33:00,1,False
4f3a612347548f50,"kennington road, vauxhall",235,"Kennington Road  , Vauxhall",62301,2020-01-01 00:20:00,2022-09-09 22:15:00,1,False
4f6626442caa89e5,"birkenhead street, king's cross",798,"Birkenhead Street, King's Cross",75192,2020-01-01 00:17:00,2022-09-09 22:11:00,1,False
4f7b528c8e3dae88,"devonshire terrace, bayswater",397,"Devonshire Terrace, Bayswater",103484,2020-01-01 00:02:00,2022-09-09 19:55:00,1,False
4f842b6a76641749,"hatton wall, holborn",17,"Hatton Wall, Holborn",99653,2020-01-01 00:07:00,2022-09-09 21:58:00,1,False
4f94141e10596c6b,"riverlight south, nine elms",817,"Riverlight South, Nine Elms",99459,2020-01-01 00:28:00,2022-09-09 20:34:00,1,False
4f9831e34aa56b7a,"york way, kings cross",836,"York Way, Kings Cross",56224,2020-01-01 06:41:00,2022-09-09 21:08:00,1,False
5053e3e0247ed1c1,"harrowby street, marylebone",367,"Harrowby Street, Marylebone",57891,2020-01-01 06:01:00,2022-09-09 19:57:00,1,False
5132131db6dc515a,"charlotte terrace, angel",697,"Charlotte Terrace, Angel",46261,2020-01-01 03:02:00,2022-09-09 22:33:00,1,False
514a1c1a121aec7f,"coomer place, west kensington",639,"Coomer Place, West Kensington",89016,2020-01-01 01:12:00,2022-09-09 22:01:00,1,False
5184c9dbdf29ac8e,"albert gardens, stepney",483,"Albert Gardens, Stepney",64435,2020-01-01 01:07:00,2022-09-09 22:48:00,1,False
5253c84723048032,"bonner gate, victoria park",502,"Bonner Gate, Victoria Park",131935,2020-01-01 00:50:00,2022-09-09 23:45:00,2,True
525a2703c5925107,"humbolt road, fulham",761,"Humbolt Road, Fulham",59007,2020-01-01 00:45:00,2022-09-09 23:20:00,1,False
5263b5e7d033f851,"charles ii street, west end",226,"Charles II Street, West End",89462,2020-01-01 00:22:00,2022-09-09 22:26:00,1,False
52a49cc863511f32,"aylward street, stepney",715,"Aylward Street, Stepney",38403,2020-01-01 01:15:00,2022-09-09 22:16:00,1,False
52b80af01901b76e,"victoria & albert museum, south kensington",781,"Victoria & Albert Museum, South Kensington",40203,2020-01-01 03:29:00,2022-09-09 22:51:00,1,False
52d219c4f3cb9f1a,"george place mews, marylebone",403,"George Place Mews, Marylebone",60711,2020-01-01 00:41:00,2022-09-09 22:53:00,1,False
5330e32c5cba6a45,"farringdon lane, clerkenwell",72,"Farringdon Lane, Clerkenwell",54497,2020-01-01 08:48:00,2022-09-09 23:32:00,1,False
5353d756e809518f,"waterloo place, st. james's",160,"Waterloo Place, St. James's",94126,2020-01-01 01:00:00,2022-09-09 21:38:00,1,False
53853d0a7295d3f0,"abingdon green, westminster",583,"Abingdon Green, Westminster",83421,2020-01-01 00:24:00,2022-09-08 19:56:00,1,False
5393e0f5fb4dc69f,"colombo street, southwark",240,"Colombo Street, Southwark",20168,2020-01-01 01:45:00,2022-07-11 08:46:00,1,False
53c89eddb92bb509,"prince consort road, knightsbridge",373,"Prince Consort Road, Knightsbridge",40549,2020-01-01 08:02:00,2022-09-09 23:33:00,1,False
53e38ed0801dbc1d,"king edward walk, waterloo",371,"King Edward Walk, Waterloo",23337,2020-01-01 00:53:00,2022-09-09 22:59:00,1,False
5463d079d57b965e,"stewart's road, wandsworth road",714,"Stewart's Road, Wandsworth Road",32373,2020-01-01 00:48:00,2022-09-09 17:17:00,1,False
547d540ffa2b3746,"drayton gardens, west chelsea",589,"Drayton Gardens, West Chelsea",115740,2020-01-01 00:19:00,2022-09-09 22:53:00,1,False
5551f9ca489576fe,"baylis road, waterloo",272,"Baylis Road, Waterloo",138009,2020-01-01 00:05:00,2022-09-09 23:10:00,1,False
559f67901ebab8d3,"goldsmith's row, haggerston",534,"Goldsmith's Row, Haggerston",88231,2020-01-01 05:30:00,2022-09-09 21:15:00,1,False
56046750aa5340ef,"swan street, the borough",295,"Swan Street, The Borough",56741,2020-01-01 04:52:00,2022-09-09 21:40:00,1,False
5620b891bacdf753,"russell square station, bloomsbury",77,"Russell Square Station, Bloomsbury",87774,2020-01-01 00:57:00,2022-09-09 23:13:00,1,False
5642505f3be9f20e,"albany street, the regent's park",540,"Albany Street, The Regent's Park",81140,2020-01-01 00:46:00,2022-09-09 21:35:00,1,False
568d1fe0bd2e3d3c,"bourne street, belgravia",259,"Bourne Street, Belgravia",71966,2020-01-01 00:22:00,2022-09-09 21:53:00,2,True
56c3e84df1f10d1e,"shouldham street, marylebone",396,"Shouldham Street, Marylebone",62252,2020-01-01 02:51:00,2022-09-09 23:43:00,1,False
56c4ff241e50682f,"barons court station, west kensington",707,"Barons Court Station, West Kensington",69131,2020-01-01 01:28:00,2022-09-09 22:09:00,1,False
5741e835a6836969,"putney pier, wandsworth",302,"Putney Pier, Wandsworth",72078,2020-01-01 00:45:00,2022-09-09 21:49:00,1,False
574e0ade83bf2fef,"royal avenue 2, chelsea",280,"Royal Avenue 2, Chelsea",89609,2020-01-01 02:21:00,2022-09-09 23:10:00,1,False
5809b8345cd18653,"gas holders, battersea park",834,"Gas Holders, Battersea Park",119726,2020-01-01 00:15:00,2022-09-09 22:45:00,1,False
58c8a46a6afcff97,"roscoe street, st. luke's",52,"Roscoe Street, St. Luke's",64855,2020-01-01 07:05:00,2022-09-09 21:10:00,1,False
5968f6292ae51699,"addison road, holland park",606,"Addison Road, Holland Park",32531,2020-01-01 01:27:00,2022-09-09 19:48:00,1,False
596c0b19e814db1f,"green street, mayfair",138,"Green Street, Mayfair",129579,2020-01-01 00:46:00,2022-09-09 22:12:00,1,False
59a32dea15a2aa8c,"chesilton road, fulham",727,"Chesilton Road, Fulham",74863,2020-01-01 00:01:00,2022-09-09 21:12:00,1,False
59cc63db9c3b3b23,"broadwick street, soho",260,"Broadwick Street, Soho",94760,2020-01-01 00:25:00,2022-09-09 22:37:00,1,False
5a2c248432b626fc,"tate modern, bankside",810,"Tate Modern, Bankside",75248,2020-01-01 00:26:00,2022-09-09 20:27:00,1,False
5a3840b1fb28b020,"preston's road, cubitt town",563,"Preston's Road, Cubitt Town",26534,2020-01-01 03:28:00,2022-09-09 22:30:00,1,False
5a41b6050032a9f1,"furze green, bow",499,"Furze Green, Bow",76042,2020-01-01 01:08:00,2022-09-09 22:32:00,1,False
5a5ef87813067a9d,"palace gardens terrace, notting hill",333,"Palace Gardens Terrace, Notting Hill",80639,2020-01-01 01:59:00,2022-09-09 22:13:00,1,False
5a61000151ec0ce4,"kingsway, covent garden",283,"Kingsway, Covent Garden",24050,2020-01-01 20:04:00,2022-09-09 19:59:00,1,False
5a6e87aa4100e5e0,"christopher street, liverpool street",3,"Christopher Street, Liverpool Street",42407,2020-01-01 19:47:00,2022-09-09 22:43:00,1,False
5a902e6f3ea0d839,"rifle place, avondale",771,"Rifle Place, Avondale",22699,2020-01-01 06:17:00,2022-09-09 18:40:00,1,False
5abe1ca9002223cf,"great marlborough street, soho",159,"Great Marlborough Street, Soho",68043,2020-01-01 00:49:00,2021-06-29 11:38:00,1,False
5b803d47765fbabe,"victory place, walworth",820,"Victory Place, Walworth",48555,2020-01-01 00:41:00,2022-09-09 22:17:00,1,False
5b85a5064656d271,"gloucester street, pimlico",243,"Gloucester Street, Pimlico",85383,2020-01-01 00:58:00,2022-09-09 22:59:00,1,False
5b9a2bca61950734,"wandsworth town station, wandsworth",621,"Wandsworth Town Station, Wandsworth",68679,2020-01-01 00:54:00,2022-09-09 22:55:00,1,False
5c457953405f326e,"marloes road, kensington",384,"Marloes Road, Kensington",35312,2020-01-01 11:56:00,2022-09-09 20:52:00,1,False
5ca7a7a961a8c85f,"fisherman's walk west, canary wharf",448,"Fisherman's Walk West, Canary Wharf",64228,2020-01-01 02:06:00,2022-09-09 21:50:00,1,False
5cf242de49d712f1,"craven street, strand",341,"Craven Street, Strand",180364,2020-01-01 18:24:00,2022-09-09 21:56:00,1,False
5cff9a9c90730488,"york hall, bethnal green",446,"York Hall, Bethnal Green",71823,2020-01-01 02:01:00,2022-09-09 21:34:00,1,False
5d3d59ed16fd38e5,"millbank tower, pimlico",376,"Millbank Tower, Pimlico",87425,2020-01-01 00:09:00,2022-09-09 19:24:00,1,False
5d460f35d0d91f39,"chepstow villas, notting hill",151,"Chepstow Villas, Notting Hill",54008,2020-01-01 03:07:00,2022-09-09 23:51:00,1,False
5dbd8e2de88f1412,"gloucester road (north), kensington",97,"Gloucester Road (North), Kensington",79085,2020-01-01 00:15:00,2022-09-09 22:45:00,1,False
5dd4d5677b225e05,"kensington town hall, kensington",375,"Kensington Town Hall, Kensington",38285,2020-01-01 02:10:00,2022-09-09 23:27:00,1,False
5e46dbedf21545b9,"east ferry road, cubitt town",455,"East Ferry Road, Cubitt Town",29888,2020-01-01 09:18:00,2022-09-09 17:13:00,1,False
5e497be3e4b0b06e,"sea containers, south bank",839,"Sea Containers, South Bank",97214,2020-01-01 00:07:00,2022-09-09 23:05:00,1,False
5e87d83acb9543b0,"felsham road, putney",693,"Felsham Road, Putney",44796,2020-01-01 00:45:00,2022-09-09 21:35:00,1,False
5f3bc4ea7c02d64b,"seymour place, marylebone",605,"Seymour Place, Marylebone",48287,2020-01-01 00:06:00,2022-09-09 20:59:00,1,False
5f3bd424f6468b5d,"fawcett close, battersea",642,"Fawcett Close, Battersea",31063,2020-01-01 01:17:00,2022-09-09 22:19:00,1,False
5f6728bf87708209,"cephas street, bethnal green",501,"Cephas Street, Bethnal Green",53908,2020-01-01 02:14:00,2022-09-09 20:58:00,1,False
5fb0a3e75d09425f,"holborn circus, holborn",66,"Holborn Circus, Holborn",117741,2020-01-01 01:04:00,2022-09-09 21:55:00,1,False
5fbc6e247a7767c5,"westfield ariel way, white city",566,"Westfield Ariel Way, White City",77677,2020-01-01 01:13:00,2022-09-09 22:07:00,1,False
5ff71b7b917142f9,"brunswick square, bloomsbury",11,"Brunswick Square, Bloomsbury",75858,2020-01-01 01:07:00,2022-09-09 23:32:00,1,False
6003ff8c59b80a14,"great suffolk street, the borough",645,"Great Suffolk Street, The Borough",53184,2020-01-01 00:56:00,2022-09-09 22:10:00,1,False
60e50b6d8b1c2046,"wendon street, old ford",721,"Wendon Street, Old Ford",46920,2020-01-01 02:30:00,2022-09-09 22:11:00,1,False
60fcc46cc2a6a9c9,"bromley high street, bow",484,"Bromley High Street, Bow",42916,2020-01-01 11:38:00,2022-09-09 21:11:00,1,False
61589b7611b5a790,"baldwin street, st. luke's",319,"Baldwin Street, St. Luke's",74277,2020-01-01 02:51:00,2022-09-09 22:56:00,1,False
61c9afcddba7775d,"ford road, old ford",517,"Ford Road, Old Ford",48888,2020-01-01 02:39:00,2022-09-09 22:21:00,1,False
62033c30e95eebbd,"park lane, mayfair",733,"Park Lane, Mayfair",43992,2020-01-01 00:52:00,2022-09-09 22:49:00,1,False
62222f7efa8aa195,"hurlingham park, parsons green",774,"Hurlingham Park, Parsons Green",31769,2020-01-01 01:38:00,2022-09-09 19:34:00,1,False
6273c53dedb18f67,"eel brook common, walham green",618,"Eel Brook Common, Walham Green",59706,2020-01-01 01:47:00,2022-09-09 22:45:00,1,False
62cef2ebd02561b2,"albert square, stockwell",802,"Albert Square, Stockwell",79935,2020-01-01 02:11:00,2022-09-09 23:31:00,1,False
62e026f54d5f82e4,"kennington road post office, oval",149,"Kennington Road Post Office, Oval",79233,2020-01-01 00:05:00,2022-09-09 21:31:00,1,False
62e6f4993d600f2a,"black lion gate, kensington gardens",307,"Black Lion Gate, Kensington Gardens",277985,2020-01-01 07:52:00,2022-09-09 19:50:00,1,False
639a4ea472a23d13,"turquoise island, notting hill",379,"Turquoise Island, Notting Hill",81173,2020-01-01 03:04:00,2022-09-09 21:33:00,1,False
64275942670fb31f,"durant street, bethnal green",702,"Durant Street, Bethnal Green",62344,2020-01-01 01:20:00,2022-09-09 22:49:00,1,False
644b7affaaeb3f37,"embankment (savoy), strand",309,"Embankment (Savoy), Strand",72328,2020-01-01 20:27:00,2022-09-09 22:41:00,1,False
644f8f116e7fd649,"erin close, walham green",691,"Erin Close, Walham Green",99325,2020-01-01 00:20:00,2022-09-09 22:58:00,1,False
64c0198f97e1f5ba,"disraeli road, putney",708,"Disraeli Road, Putney",38017,2020-01-01 00:25:00,2022-09-09 20:24:00,1,False
65054869d01d9d1a,"prince albert road, the regent's park",329,"Prince Albert Road, The Regent's Park",88156,2020-01-01 00:10:00,2022-09-09 21:11:00,1,False
65060369452f099e,"globe town market, bethnal green",577,"Globe Town Market, Bethnal Green",76020,2020-01-01 01:56:00,2022-09-09 21:59:00,1,False
65419ff343eee833,"aston street, stepney",461,"Aston Street, Stepney",45998,2020-01-01 00:25:00,2022-09-09 20:14:00,1,False
65425e74e4fb1d93,"howick place, westminster",360,"Howick Place, Westminster",86430,2020-01-01 00:00:00,2022-09-09 22:15:00,1,False
65708ca5edaff6bf,"millennium hotel, mayfair",366,"Millennium Hotel, Mayfair",38481,2020-01-01 10:34:00,2022-09-09 19:51:00,1,False
65c80e9ea7096c0d,"queen's circus, battersea park",625,"Queen's Circus, Battersea Park",172058,2020-01-01 01:32:00,2022-09-09 23:17:00,1,False
65ccd8da304d97ba,"walmer road, avondale",442,"Walmer Road, Avondale",28612,2020-01-01 08:27:00,2022-09-09 19:54:00,1,False
662d1b3446dc142f,"st. john street, finsbury",123,"St. John Street, Finsbury",36039,2020-01-01 05:02:00,2022-09-09 22:55:00,1,False
66709659b9de415a,"scala street, fitzrovia",13,"Scala Street, Fitzrovia",44820,2020-01-01 06:21:00,2022-09-09 22:04:00,1,False
6678c5b4ad28de68,"battersea power station, battersea park",821,"Battersea Power Station, Battersea Park",186630,2020-01-01 00:09:00,2022-09-09 23:17:00,1,False
66b713600494d704,"all saints church, portobello",661,"All Saints Church, Portobello",99528,2020-01-01 00:15:00,2022-09-09 22:39:00,1,False
66d963ef70ff6132,"kensington olympia station, olympia",293,"Kensington Olympia Station, Olympia",48378,2020-01-01 01:28:00,2022-09-09 23:13:00,1,False
66e5e7e8f3e6a786,"nantes close, wandsworth",623,"Nantes Close, Wandsworth",27452,2020-01-01 10:14:00,2022-09-09 22:54:00,1,False
6775f407d61354b6,"new fetter lane, holborn",546,"New Fetter Lane, Holborn",63053,2020-01-01 00:31:00,2022-09-09 18:19:00,1,False
677e7d73b2cba47c,"windsor terrace, hoxton",30,"Windsor Terrace, Hoxton",59295,2020-01-01 04:23:00,2022-09-09 22:18:00,1,False
67bd50cab63ab8f4,"warwick road, olympia",274,"Warwick Road, Olympia",91922,2020-01-01 00:56:00,2022-09-09 21:54:00,1,False
67e9900dc55e6f61,"clarkson street, bethnal green",507,"Clarkson Street, Bethnal Green",30731,2020-01-01 03:07:00,2022-09-09 22:32:00,1,False
68667db4e6299328,"mile end stadium, mile end",712,"Mile End Stadium, Mile End",68436,2020-01-01 00:18:00,2022-09-09 21:55:00,1,False
690d03718d4188b6,"albert gate, hyde park",303,"Albert Gate, Hyde Park",289546,2020-01-01 00:55:00,2022-09-09 21:46:00,1,False
69276eba1480a6d9,"heath road, battersea",677,"Heath Road, Battersea",33829,2020-01-01 11:27:00,2022-09-09 19:44:00,1,False
6939ea75f4f053f9,"north wharf road, paddington",279,"North Wharf Road, Paddington",58293,2020-01-01 00:39:00,2022-09-09 23:27:00,1,False
69d72caf67dc4230,"emperor's gate, south kensington",128,"Emperor's Gate, South Kensington",69514,2020-01-01 00:19:00,2022-09-09 21:52:00,1,False
69fe2768e80dbd68,"danvers street, west chelsea",610,"Danvers Street, West Chelsea",74200,2020-01-01 00:12:00,2022-09-09 23:24:00,1,False
6a46a142c3c0d739,"southampton street, strand",388,"Southampton Street, Strand",98201,2020-01-01 00:25:00,2022-09-09 22:13:00,1,False
6a46c3a56489332c,"northumberland avenue, strand",354,"Northumberland Avenue, Strand",101520,2020-01-01 20:43:00,2022-09-09 22:33:00,1,False
6aa03322b74246aa,"lightermans road, millwall",475,"Lightermans Road, Millwall",50705,2020-01-01 05:16:00,2022-09-09 20:29:00,1,False
6aa2a3efb4cb5495,"southampton place, holborn",162,"Southampton Place, Holborn",73590,2020-01-01 00:39:00,2022-09-09 21:36:00,1,False
6b160da9a332571d,"bishop's bridge road west, bayswater",568,"Bishop's Bridge Road West, Bayswater",100042,2020-01-01 07:52:00,2022-09-09 21:40:00,1,False
6bb35a21bb52f3ad,"wellington arch, hyde park",213,"Wellington Arch, Hyde Park",314448,2020-01-01 00:02:00,2022-09-09 22:39:00,1,False
6bb40c183850322c,"northington street, holborn",22,"Northington Street , Holborn",76816,2020-01-01 11:57:00,2022-09-09 22:52:00,1,False
6bb7499836246905,"fashion street, whitechapel",236,"Fashion Street, Whitechapel",47482,2020-01-01 04:23:00,2022-09-09 23:29:00,1,False
6be4f270234170e1,"heron quays dlr, canary wharf",556,"Heron Quays DLR, Canary Wharf",24732,2020-01-01 02:16:00,2022-09-09 19:51:00,1,False
6c4b60ea6e52a9df,"queen's gate (south), south kensington",187,"Queen's Gate (South), South Kensington",80450,2020-01-01 01:54:00,2022-09-09 19:03:00,1,False
6c72d855f270f8f3,"stephendale road, sands end",723,"Stephendale Road, Sands End",102253,2020-01-01 00:56:00,2022-09-09 22:02:00,1,False
6cb36045e1d0f35a,"crisp road, hammersmith",682,"Crisp Road, Hammersmith",93030,2020-01-01 00:29:00,2022-09-09 21:40:00,1,False
6cfdd9f709c3179d,"langdon park, poplar",523,"Langdon Park, Poplar",26054,2020-01-01 12:26:00,2022-09-09 20:18:00,1,False
6dc117ca83523872,"worship street, shoreditch",175,"Worship Street, Shoreditch",60306,2020-01-01 03:33:00,2022-09-09 22:20:00,2,True
6de509caf817f76b,"tallis street, temple",773,"Tallis Street, Temple",56737,2020-01-01 02:27:00,2022-09-09 18:57:00,1,False
6e1f03169f652e18,"christian street, whitechapel",489,"Christian Street, Whitechapel",60134,2020-01-01 00:45:00,2022-05-30 14:42:00,1,False
6e571cf13cc53a38,"nutford place, marylebone",188,"Nutford Place, Marylebone",45573,2020-01-01 01:00:00,2022-09-09 20:44:00,1,False
6e81139fde883696,"fulham park road, fulham",597,"Fulham Park Road, Fulham",56989,2020-01-01 00:33:00,2022-09-09 22:10:00,1,False
6f4f38732bab6625,"museum of london, barbican",126,"Museum of London, Barbican",69387,2020-01-01 14:40:00,2022-09-09 20:13:00,1,False
6faa3beeb07bf512,"new cavendish street, marylebone",581,"New Cavendish Street, Marylebone",85720,2020-01-01 11:29:00,2022-09-09 20:12:00,1,False
6fb3402e5bbd3f2e,"st. john's wood church, the regent's park",247,"St. John's Wood Church, The Regent's Park",62321,2020-01-01 00:25:00,2022-09-09 19:44:00,1,False
6ff7f629ef16b3de,"bayley street, bloomsbury",88,"Bayley Street , Bloomsbury",104610,2020-01-01 01:03:00,2022-09-09 19:32:00,1,False
7066d2feb9ed58b1,"page street, westminster",558,"Page Street, Westminster",87115,2020-01-01 00:00:00,2022-09-09 23:50:00,1,False
70da73f27e18767c,"st. mark's road, north kensington",650,"St. Mark's Road, North Kensington",55828,2020-01-01 01:56:00,2022-09-09 21:18:00,1,False
71175d49a102878e,"queen mary's, mile end",491,"Queen Mary's, Mile End",74753,2020-01-01 00:56:00,2022-09-09 23:33:00,1,False
71f2215a1d77e331,"surrey lane, battersea",620,"Surrey Lane, Battersea",52995,2020-01-01 00:30:00,2022-09-09 21:16:00,1,False
723ab54f3d2eb826,"gaywood street, elephant & castle",549,"Gaywood  Street, Elephant & Castle",61312,2020-01-01 00:02:00,2022-09-09 21:29:00,1,False
72daf644f0c0ca28,"cheapside, bank",427,"Cheapside, Bank",164306,2020-01-01 00:19:00,2022-09-09 21:10:00,1,False
72fb85861ae08dcc,"cleaver street, kennington",412,"Cleaver Street, Kennington",39059,2020-01-01 10:58:00,2022-09-09 19:01:00,1,False
730e382045666312,"waterloo station 3, waterloo",154,"Waterloo Station 3, Waterloo",213075,2020-01-01 15:49:00,2022-09-09 20:53:00,1,False
735a13d39a71ccba,"jewry street, aldgate",102,"Jewry Street, Aldgate",81727,2020-01-01 02:25:00,2022-09-09 23:13:00,1,False
73cd2eb5961f0af4,"gwendwr road, west kensington",770,"Gwendwr Road, West Kensington",49347,2020-01-01 04:11:00,2022-09-09 21:23:00,1,False
742e4f85c9c8a0d2,"empire square, the borough",269,"Empire Square, The Borough",89042,2020-01-01 03:28:00,2022-09-09 22:10:00,1,False
7437977a0ed3aa2a,"upper bank street, canary wharf",570,"Upper Bank Street, Canary Wharf",81846,2020-01-01 02:31:00,2022-09-09 21:55:00,1,False
7461f9d78d587cf6,"sadlers sports centre, finsbury",78,"Sadlers Sports Centre, Finsbury",62204,2020-01-01 03:11:00,2022-09-09 22:08:00,1,False
74b5ae912f52cadd,"southwark street, bankside",803,"Southwark Street, Bankside",42409,2020-01-01 00:25:00,2022-09-09 21:48:00,1,False
74ed9d9c3c44601e,"vereker road, west kensington",633,"Vereker Road, West Kensington",81223,2020-01-01 00:31:00,2022-09-09 22:42:00,1,False
75a1013313421c4f,"stockwell roundabout, stockwell",808,"Stockwell Roundabout, Stockwell",591,2020-01-01 00:55:00,2021-01-26 22:28:00,2,True
75d2db22fda6f731,"st. martin's street, west end",325,"St. Martin's Street, West End",55867,2020-01-01 00:03:00,2022-09-09 22:53:00,1,False
762c1d2afafff438,"wells street, fitzrovia",313,"Wells Street, Fitzrovia",91661,2020-01-01 01:07:00,2022-09-09 21:15:00,1,False
765345c4e38bb9bc,"abbey orchard street, westminster",108,"Abbey Orchard Street, Westminster",75773,2020-01-01 00:11:00,2022-09-09 22:10:00,1,False
7843c342d519e76f,"kennington station, kennington",435,"Kennington Station, Kennington",64747,2020-01-01 00:21:00,2022-09-09 22:57:00,1,False
78b19ec47bba6579,"flamborough street, limehouse",480,"Flamborough Street, Limehouse",127455,2020-01-01 00:33:00,2022-09-09 21:24:00,1,False
79eabdda41197796,"park lane, hyde park",111,"Park Lane , Hyde Park",237469,2020-01-01 00:35:00,2022-09-09 21:38:00,1,False
79ef48e3e46cf440,"merchant street, bow",497,"Merchant Street, Bow",34389,2020-01-01 00:12:00,2022-09-09 20:10:00,1,False
7a08f8b68b1b2036,"grosvenor crescent, belgravia",207,"Grosvenor Crescent, Belgravia",25555,2020-01-01 00:47:00,2022-09-09 20:11:00,1,False
7a142e7085f733f7,"frith street, soho",383,"Frith Street, Soho",98258,2020-01-01 02:51:00,2022-09-09 22:08:00,1,False
7a3e1041d8d1d43f,"wapping high street, wapping",134,"Wapping High Street, Wapping",60450,2020-01-01 00:26:00,2022-09-09 19:44:00,1,False
7a9b55e8b7d3b9a2,"hawley crescent, camden town",713,"Hawley Crescent, Camden Town",34485,2020-01-01 00:32:00,2022-09-09 20:24:00,1,False
7abfbf3938ff1c9e,"sail street, vauxhall",441,"Sail Street, Vauxhall",47389,2020-01-01 00:23:00,2022-09-09 19:41:00,1,False
7ac677ca47a628e7,"canton street, poplar",487,"Canton Street, Poplar",35849,2020-01-01 03:55:00,2022-09-09 20:14:00,1,False
7afc6fdca3e79d39,"prince of wales drive, battersea park",756,"Prince of Wales Drive, Battersea Park",84582,2020-01-01 01:10:00,2022-09-09 21:45:00,1,False
7b040fc734aaa706,"goswell road (city uni), finsbury",344,"Goswell Road (City Uni), Finsbury",37611,2020-01-01 00:39:00,2022-09-09 22:43:00,1,False
7b6626f28bbe009a,"southwark station 2, southwark",421,"Southwark Station 2, Southwark",53366,2020-01-01 00:29:00,2022-09-09 21:40:00,1,False
7b81660cd2feafd4,"pott street, bethnal green",479,"Pott Street, Bethnal Green",84192,2020-01-01 00:39:00,2022-09-09 22:33:00,1,False
7b8a6850975bbdb6,"eagle wharf road, hoxton",574,"Eagle Wharf Road, Hoxton",126793,2020-01-01 00:00:00,2022-09-09 23:01:00,1,False
7c1d1a5dd6f3b455,"hampstead road (cartmel), euston",21,"Hampstead Road (Cartmel), Euston",3842,2020-01-01 15:26:00,2020-06-29 12:59:00,3,True
7c79fe7a17af4e7c,"golden square, soho",129,"Golden Square, Soho",102057,2020-01-01 00:07:00,2022-09-09 22:10:00,1,False
7cccd66af467ecf8,"hammersmith road, hammersmith",595,"Hammersmith Road, Hammersmith",74849,2020-01-01 02:09:00,2022-09-09 23:33:00,1,False
7cd81808140e2183,"stonecutter street, holborn",112,"Stonecutter Street, Holborn",32454,2020-01-01 01:24:00,2022-09-09 18:57:00,1,False
7d22a8cdd4f2982d,"eaton square, belgravia",124,"Eaton Square, Belgravia",39650,2020-01-01 00:33:00,2022-09-09 22:53:00,1,False
7d819c9af43bb0aa,"farringdon street, holborn",835,"Farringdon Street, Holborn",50088,2020-01-01 00:25:00,2022-09-09 18:56:00,1,False
7d95cd8997beea2b,"marylebone lane, marylebone",301,"Marylebone Lane, Marylebone",114828,2020-01-01 00:22:00,2022-09-09 22:02:00,1,False
7dd6b440aebf4271,"colet gardens, hammersmith",608,"Colet Gardens, Hammersmith",8872,2020-01-01 12:28:00,2022-09-09 17:37:00,1,False
7e8057990310b2b2,"salmon lane, limehouse",542,"Salmon Lane, Limehouse",65336,2020-01-01 01:26:00,2022-09-09 22:08:00,1,False
7f369b4de01b5d57,"phillimore gardens, kensington",2,"Phillimore Gardens, Kensington",105183,2020-01-01 10:47:00,2022-09-09 20:53:00,1,False
7f4b3c28dfdeb6cd,"longford street, the regent's park",76,"Longford Street, The Regent's Park",39114,2020-01-01 01:15:00,2022-09-09 19:38:00,1,False
7f993811a0acc47b,"old ford road, bethnal green",485,"Old Ford Road, Bethnal Green",57295,2020-01-01 00:27:00,2022-09-09 22:07:00,1,False
7fdd9b7c2b0a88a3,"caldwell street, stockwell",603,"Caldwell Street, Stockwell",76246,2020-01-01 00:22:00,2022-09-09 22:31:00,1,False
8049df2ddd6ad598,"sandilands road, walham green",769,"Sandilands Road, Walham Green",71645,2020-01-01 04:15:00,2022-09-09 22:58:00,1,False
80ca2bafd296fdb5,"gloucester road station, south kensington",405,"Gloucester Road Station, South Kensington",137903,2020-01-01 00:37:00,2022-09-09 22:21:00,1,False
81bf5a2a40cf3521,"boston place, marylebone",45,"Boston Place, Marylebone",84088,2020-01-01 01:52:00,2022-09-09 23:44:00,1,False
81f25e65ab004713,"lsbu (borough road), elephant & castle",262,"LSBU (Borough Road), Elephant & Castle",48922,2020-01-01 00:15:00,2022-09-09 22:26:00,1,False
82199f2f63bf71c7,"princes square, bayswater",261,"Princes Square, Bayswater",39492,2020-01-01 00:58:00,2022-09-09 19:55:00,1,False
839c64e978432261,"queen street 2, bank",579,"Queen Street 2, Bank",164342,2020-01-01 00:00:00,2022-09-09 22:37:00,1,False
845bc42f9229d61f,"smugglers way, wandsworth",665,"Smugglers Way, Wandsworth",41473,2020-01-01 00:11:00,2022-09-09 21:31:00,1,False
851dc006f9748b07,"fore street avenue, guildhall",838,"Fore Street Avenue, Guildhall",39483,2020-01-01 12:58:00,2022-09-09 23:00:00,1,False
851eb47f37663c37,"all saints' road, portobello",643,"All Saints' Road, Portobello",39123,2020-01-01 01:51:00,2022-09-09 19:59:00,1,False
8536a4319082511d,"claverton street, pimlico",291,"Claverton Street, Pimlico",71901,2020-01-01 00:28:00,2022-09-09 21:51:00,1,False
8568b40c1b06f9a5,"monier road, hackney wick",783,"Monier Road, Hackney Wick",83756,2020-01-01 02:11:00,2022-09-09 22:11:00,1,False
85750ba3b7ac93da,"sancroft street, vauxhall",86,"Sancroft Street, Vauxhall",40365,2020-01-01 00:29:00,2022-09-09 22:57:00,1,False
85bb97356ee1e8c3,"coram street, bloomsbury",796,"Coram Street, Bloomsbury",49360,2020-01-01 03:49:00,2022-09-09 20:29:00,1,False
880dcd924da3ba3a,"bunhill row, moorgate",331,"Bunhill Row, Moorgate",102072,2020-01-01 02:12:00,2022-09-09 20:27:00,1,False
88e5458acd7474f7,"cheshire street, bethnal green",445,"Cheshire Street, Bethnal Green",55139,2020-01-01 00:31:00,2022-09-09 22:38:00,1,False
892eeca8361c3362,"notting hill gate station, notting hill",225,"Notting Hill Gate Station, Notting Hill",110725,2020-01-01 00:15:00,2022-09-09 22:59:00,1,False
89402df4037f0522,"william morris way, sands end",628,"William Morris Way, Sands End",61483,2020-01-01 06:33:00,2022-09-09 21:23:00,1,False
899be35df3a0340d,"old montague street, whitechapel",537,"Old Montague Street, Whitechapel",71542,2020-01-01 03:31:00,2022-09-09 21:38:00,1,False
8a0da7ef548b8799,"houndsditch, aldgate",779,"Houndsditch, Aldgate",67292,2020-01-01 00:49:00,2022-09-09 21:27:00,1,False
8a1ef7696422b4ce,"kennington cross, kennington",144,"Kennington Cross, Kennington",108039,2020-01-01 01:19:00,2022-09-09 22:23:00,1,False
8b9a87db2abeb0ff,"hermitage court, wapping",451,"Hermitage Court, Wapping",51603,2020-01-01 00:45:00,2022-09-09 23:52:00,1,False
8ba66342e7a9ec38,"lee valley velopark, queen elizabeth olympic park",786,"Lee Valley VeloPark, Queen Elizabeth Olympic Park",86268,2020-01-01 01:14:00,2022-09-09 22:29:00,1,False
8c05c08eeecdf1ea,"golden lane, barbican",54,"Golden Lane, Barbican",53782,2020-01-01 00:20:00,2022-09-09 23:34:00,1,False
8c0b9c8cd0cc6d70,"grafton street, mayfair",53,"Grafton Street, Mayfair",41147,2020-01-01 11:09:00,2022-09-09 19:45:00,1,False
8d29c4ea68351310,"evesham street, avondale",652,"Evesham Street, Avondale",24228,2020-01-02 07:07:00,2022-09-09 20:59:00,1,False
8d2e80da2ffccc4f,"granby street, shoreditch",486,"Granby Street, Shoreditch",93347,2020-01-01 01:20:00,2022-09-09 22:58:00,1,False
8d35da6b684ddc1d,"irene road, parsons green",619,"Irene Road, Parsons Green",49679,2020-01-01 04:29:00,2022-09-09 21:18:00,1,False
8d671fe2056363d6,"teviot street, poplar",519,"Teviot Street, Poplar",14836,2020-01-02 12:46:00,2022-09-09 19:49:00,1,False
8da2f551f8b25a10,"lambeth north station, waterloo",284,"Lambeth North Station, Waterloo",53840,2020-01-01 00:18:00,2022-09-09 22:23:00,1,False
8ed8a121eea8de22,"foley street, fitzrovia",311,"Foley Street, Fitzrovia",67487,2020-01-01 03:22:00,2022-09-09 23:34:00,1,False
8ee01ad311370fd2,"palissy street, shoreditch",322,"Palissy Street, Shoreditch",52432,2020-01-01 01:18:00,2022-09-09 22:08:00,1,False
8f6bd7f786ebc8f6,"orbel street, battersea",679,"Orbel Street, Battersea",48179,2020-01-01 02:49:00,2022-09-09 20:12:00,1,False
8fbbd97a40a538aa,"imperial wharf station, sands end",780,"Imperial Wharf Station, Sands End",110222,2020-01-01 00:12:00,2022-09-09 21:50:00,1,False
90837d64432e5878,"new north road 1, hoxton",327,"New North Road 1, Hoxton",17989,2020-01-01 05:28:00,2022-09-09 21:48:00,1,False
90877d88290b1e5b,"south lambeth road, vauxhall",600,"South Lambeth Road, Vauxhall",113301,2020-01-01 00:33:00,2022-09-09 22:18:00,1,False
9171ca1d68ea0ec0,"theobald's road, holborn",68,"Theobald's Road , Holborn",78950,2020-01-01 00:27:00,2022-09-09 21:52:00,1,False
91a9ed440347e772,"burdett road, mile end",460,"Burdett Road, Mile End",71098,2020-01-01 00:56:00,2022-09-09 23:25:00,1,False
9374a18f161e7d3c,"woodstock street, mayfair",106,"Woodstock Street, Mayfair",56582,2020-01-01 00:19:00,2022-09-09 20:31:00,1,False
93807ce3291f7ff2,"world's end place, west chelsea",649,"World's End Place, West Chelsea",80395,2020-01-01 02:59:00,2022-09-09 22:42:00,1,False
93ab62bc3cb9c850,"bow road station, bow",498,"Bow Road Station, Bow",62020,2020-01-01 01:12:00,2022-09-09 22:45:00,1,False
93bc5bc532696b92,"clinton road, mile end",522,"Clinton Road, Mile End",72028,2020-01-01 02:44:00,2022-09-09 22:23:00,1,False
95208c035a3e2427,"maida vale, maida vale",8,"Maida Vale, Maida Vale",108159,2020-01-01 00:56:00,2022-09-09 21:48:00,2,True
9554fefe541783bb,"broadley terrace, marylebone",759,"Broadley Terrace, Marylebone",26736,2020-01-01 01:30:00,2022-09-09 21:08:00,1,False
95f8a638c20387d6,"bury place, holborn",562,"Bury Place, Holborn",56115,2020-01-01 00:56:00,2022-09-09 19:55:00,1,False
9657ff7e5441fe13,"dock street, wapping",237,"Dock Street, Wapping",80568,2020-01-01 00:18:00,2022-09-09 22:39:00,1,False
967faf2255e2ecbd,"the vale, chelsea",755,"The Vale, Chelsea",100056,2020-01-01 00:15:00,2022-09-09 23:52:00,1,False
96cba7770e1bd82b,"falkirk street, hoxton",96,"Falkirk Street, Hoxton",55209,2020-01-01 00:39:00,2022-09-09 20:42:00,1,False
96d0dfba757b7e32,"battersea church road, battersea",700,"Battersea Church Road, Battersea",68930,2020-01-01 00:09:00,2022-09-09 22:13:00,1,False
9711ae957ea82bd6,"buckingham gate, westminster",646,"Buckingham Gate, Westminster",98994,2020-01-01 00:27:00,2022-09-09 22:34:00,1,False
972d85074eea6862,"russell gardens, olympia",515,"Russell Gardens, Olympia",30195,2020-01-01 01:09:00,2022-09-09 23:00:00,1,False
977e55e3003daa08,"farm street, mayfair",382,"Farm Street, Mayfair",36828,2020-01-01 00:52:00,2022-09-09 21:21:00,1,False
97937fd2968a1732,"south park, sands end",636,"South Park, Sands End",49934,2020-01-01 00:28:00,2022-09-09 21:16:00,1,False
98ed891b966ff44b,"saunders ness road, cubitt town",481,"Saunders Ness Road, Cubitt Town",90551,2020-01-01 02:38:00,2022-09-09 20:37:00,1,False
99575c463f978ef5,"liverpool road (n1 centre), angel",234,"Liverpool Road (N1 Centre), Angel",92146,2020-01-01 00:56:00,2022-09-09 21:03:00,1,False
9a4eccbbc04b5791,"red lion square, holborn",23,"Red Lion Square, Holborn",37500,2020-01-01 00:36:00,2022-09-09 22:00:00,1,False
9a4feedeb2a58aee,"st john's crescent, brixton",831,"St John's Crescent, Brixton",46041,2020-01-01 00:36:00,2022-09-09 22:03:00,1,False
9ae635b1c57be252,"ashmole estate, oval",654,"Ashmole Estate, Oval",64848,2020-01-01 01:13:00,2022-09-09 23:31:00,1,False
9b1c1b7cf7898899,"stamford street, south bank",197,"Stamford Street, South Bank",67008,2020-01-01 19:16:00,2022-09-09 21:37:00,1,False
9b6b67f3c2ef3bb7,"queensdale road, shepherd's bush",736,"Queensdale Road, Shepherd's Bush",31066,2020-01-01 10:47:00,2022-09-09 20:02:00,1,False
9b77ae297541e92f,"ormonde gate, chelsea",747,"Ormonde Gate, Chelsea",66974,2020-01-01 00:26:00,2022-09-09 21:50:00,1,False
9ba17a30c4e4935c,"seville street, knightsbridge",166,"Seville Street, Knightsbridge",86470,2020-01-01 00:35:00,2022-09-09 21:21:00,1,False
9c105fb6c1a52136,"barbican centre, barbican",275,"Barbican Centre, Barbican",60133,2020-01-01 09:30:00,2022-09-09 23:04:00,1,False
9c185dbfb764cf5f,"concert hall approach 2, south bank",336,"Concert Hall Approach 2, South Bank",51804,2020-01-01 11:02:00,2022-09-09 19:56:00,1,False
9c336747c45dc3f5,"st. george street, mayfair",349,"St. George Street, Mayfair",66094,2020-01-01 10:57:00,2022-09-09 19:57:00,1,False
9c419bcc25600717,"wood street, guildhall",127,"Wood Street, Guildhall",37323,2020-01-01 07:05:00,2022-09-09 19:39:00,1,False
9c4a311362731671,"lisson grove, st. john's wood",60,"Lisson Grove, St. John's Wood",32357,2020-01-01 10:08:00,2022-09-09 21:55:00,1,False
9ca41e16b789f6e4,"bbc white city, white city",601,"BBC White City, White City",66050,2020-01-01 01:03:00,2022-09-09 23:32:00,1,False
9cc6f2b899e97fbd,"teversham lane, stockwell",669,"Teversham Lane, Stockwell",40181,2020-01-01 01:12:00,2022-09-09 21:30:00,1,False
9d0afb0185356927,"hardwick street, clerkenwell",170,"Hardwick Street, Clerkenwell",30629,2020-01-01 00:23:00,2022-09-09 21:42:00,1,False
9d461f338fefa5e4,"aintree street, fulham",616,"Aintree Street, Fulham",67558,2020-01-01 02:53:00,2022-09-09 23:51:00,1,False
9d4b1691ee526b70,"lollard street, vauxhall",117,"Lollard Street, Vauxhall",72802,2020-01-01 09:20:00,2022-09-09 22:53:00,1,False
9dd8e8298143ecb0,"bethnal green garden, bethnal green",444,"Bethnal Green Garden, Bethnal Green",60920,2020-01-01 00:36:00,2022-09-09 22:48:00,1,False
9e25f1743836a001,"nevern place, earl's court",332,"Nevern Place, Earl's Court",46642,2020-01-01 00:33:00,2022-09-09 20:55:00,1,False
9f19c0e8a406234c,"geraldine street, elephant & castle",297,"Geraldine Street, Elephant & Castle",24918,2020-01-01 10:49:00,2022-09-09 21:52:00,1,False
9f3c3df049eb1aaf,"aldersgate street, barbican",95,"Aldersgate Street, Barbican",89288,2020-01-01 00:36:00,2022-09-09 23:04:00,1,False
9fc8435b359819f8,"godliman street, st. paul's",48,"Godliman Street, St. Paul's",78923,2020-01-01 00:14:00,2022-09-09 19:54:00,1,False
9fec329df9cd24b7,"aquatic centre, queen elizabeth olympic park",785,"Aquatic Centre, Queen Elizabeth Olympic Park",276879,2020-01-01 00:56:00,2022-09-09 22:24:00,1,False
a06366fafb422ebf,"strata, elephant & castle",409,"Strata, Elephant & Castle",129393,2020-01-01 00:35:00,2022-09-09 22:14:00,1,False
a0c147128902d0b3,"greyhound road, hammersmith",635,"Greyhound Road, Hammersmith",72943,2020-01-01 00:31:00,2022-09-09 22:51:00,1,False
a0c14901f73c40ce,"richmond way, shepherd's bush",647,"Richmond Way, Shepherd's Bush",60097,2020-01-01 01:14:00,2022-09-09 22:07:00,1,False
a100a98ec0feb3be,"calshot street, king's cross",70,"Calshot Street , King's Cross",30330,2020-01-01 03:02:00,2022-09-09 21:43:00,1,False
a1039bc5b5dcf51a,"finnis street, bethnal green",722,"Finnis Street, Bethnal Green",46276,2020-01-01 06:40:00,2022-09-09 23:00:00,1,False
a15f189a5e77a2f2,"finsbury circus, liverpool street",55,"Finsbury Circus, Liverpool Street",127261,2020-01-01 07:28:00,2022-09-09 21:38:00,1,False
a16e6b8d1252a1ab,"st. george's square, pimlico",294,"St. George's Square, Pimlico",92584,2020-01-01 00:21:00,2022-09-09 21:57:00,1,False
a1cccb489ae3075d,"westminster university, marylebone",257,"Westminster University, Marylebone",56725,2020-01-01 00:41:00,2022-09-09 23:30:00,1,False
a1d037bf99c10608,"queensbridge road, haggerston",536,"Queensbridge Road, Haggerston",44038,2020-01-01 02:42:00,2022-09-09 23:41:00,1,False
a20995a497e4256e,"tavistock street, covent garden",335,"Tavistock Street, Covent Garden",91903,2020-01-01 03:02:00,2022-09-09 22:07:00,1,False
a24a40199195277e,"queen's gate, kensington gardens",350,"Queen's Gate, Kensington Gardens",170527,2020-01-01 09:39:00,2022-09-09 19:21:00,1,False
a277918aba0dbb6c,"carnegie street, king's cross",674,"Carnegie Street, King's Cross",44891,2020-01-01 01:03:00,2022-09-09 20:55:00,1,False
a2b89e7c3b6d93cc,"shoreditch court, haggerston",698,"Shoreditch Court, Haggerston",59283,2020-01-01 00:23:00,2022-09-09 21:51:00,1,False
a313ebd252ec939c,"lansdowne way bus garage, stockwell",794,"Lansdowne Way Bus Garage, Stockwell",3412,2020-01-01 16:05:00,2020-12-01 19:11:00,2,True
a32201b909fd4887,"belvedere road 1, south bank",273,"Belvedere Road 1, South Bank",84567,2020-01-01 14:44:00,2022-09-09 22:11:00,1,False
a352935b94e31e27,"abyssinia close, clapham junction",776,"Abyssinia Close, Clapham Junction",51136,2020-01-01 03:04:00,2022-09-09 21:12:00,1,False
a367a637a25841f6,"cartwright gardens, bloomsbury",16,"Cartwright Gardens , Bloomsbury",60303,2020-01-01 04:48:00,2022-09-09 22:15:00,1,False
a371161a87bdfbc6,"finsbury square, moorgate",140,"Finsbury Square , Moorgate",65363,2020-01-01 00:41:00,2022-09-09 21:33:00,1,False
a415281d47e4b732,"napier avenue, millwall",454,"Napier Avenue, Millwall",31144,2020-01-01 01:17:00,2022-09-09 17:57:00,1,False
a431ffa51375b526,"bethnal green road, shoreditch",132,"Bethnal Green Road, Shoreditch",203889,2020-01-01 00:31:00,2022-09-09 23:52:00,1,False
a49daf102a644cc2,"new road 1, whitechapel",206,"New Road 1 , Whitechapel",103067,2020-01-01 00:23:00,2022-09-09 22:33:00,1,False
a4b7aced360ef0e5,"east village, queen elizabeth olympic park",784,"East Village, Queen Elizabeth Olympic Park",94602,2020-01-01 01:14:00,2022-09-09 23:03:00,1,False
a4f285380e7648ab,"belvedere road 2, south bank",819,"Belvedere Road 2, South Bank",57204,2020-01-01 16:15:00,2022-09-09 19:56:00,1,False
a62747135e472754,"montserrat road, putney",709,"Montserrat Road , Putney",29540,2020-01-01 06:09:00,2022-09-09 20:09:00,1,False
a6ab115c6fa19b0a,"putney rail station, putney",694,"Putney Rail Station, Putney",33400,2020-01-01 00:25:00,2022-09-09 20:36:00,1,False
a6b3e364fd07de63,"spindrift avenue, millwall",477,"Spindrift Avenue, Millwall",33198,2020-01-01 02:03:00,2022-09-09 19:17:00,1,False
a6c9b406c5c177e6,"stebondale street, cubitt town",476,"Stebondale Street, Cubitt Town",27383,2020-01-01 03:28:00,2022-09-09 20:39:00,1,False
a78e74b067ae1607,"queen's gate (north), kensington",266,"Queen's Gate (North), Kensington",86068,2020-01-01 00:40:00,2022-09-09 19:38:00,1,False
a7ae71f4a4904059,"upper grosvenor street, mayfair",389,"Upper Grosvenor Street, Mayfair",30495,2020-01-01 00:58:00,2022-09-09 23:34:00,1,False
a83b09e4c7b54723,"spencer park, wandsworth common",637,"Spencer Park, Wandsworth Common",30865,2020-01-01 02:57:00,2022-09-09 17:48:00,1,False
a841c43c6d63fe32,"ashley place, victoria",177,"Ashley Place, Victoria",82669,2020-01-01 00:22:00,2022-09-09 22:18:00,1,False
a89129d2fbd09531,"drummond street, euston",20,"Drummond Street , Euston",30333,2020-01-01 15:56:00,2022-09-09 19:56:00,1,False
a95c6cc9ffed5676,"oval way, vauxhall",355,"Oval Way, Vauxhall",1549,2020-01-01 00:34:00,2021-01-03 21:42:00,2,True
a9aec424fdbc2ef1,"de vere gardens, kensington",36,"De Vere Gardens, Kensington",90356,2020-01-01 00:41:00,2022-09-09 21:39:00,1,False
a9ca7a724b2f9f5a,"guildhouse street, victoria",161,"Guildhouse Street, Victoria",46552,2020-01-01 00:04:00,2022-09-09 23:29:00,1,False
a9cd84a83c8ffd41,"exhibition road museums, south kensington",432,"Exhibition Road Museums, South Kensington",12849,2020-01-01 01:03:00,2020-12-01 23:17:00,2,True
a9df8b70d50ff812,"derry street, kensington",133,"Derry Street, Kensington",151432,2020-01-01 01:15:00,2022-09-09 22:11:00,1,False
aa32ce5d08091b0b,"woodstock grove, shepherd's bush",613,"Woodstock Grove, Shepherd's Bush",92823,2020-01-01 00:56:00,2022-09-09 23:13:00,1,False
aac9855f3d237ae8,"kennington lane rail bridge, vauxhall",270,"Kennington Lane Rail Bridge, Vauxhall",160231,2020-01-01 00:31:00,2022-09-09 23:43:00,1,False
ab1758a001e2dcef,"long lane, bermondsey",308,"Long Lane , Bermondsey",66976,2020-01-01 00:24:00,2022-09-09 23:39:00,1,False
abda93ac57960863,"podium, queen elizabeth olympic park",789,"Podium, Queen Elizabeth Olympic Park",134769,2020-01-01 09:41:00,2022-09-09 22:03:00,1,False
abf4666a5cd3e641,"carey street, holborn",232,"Carey Street, Holborn",24454,2020-01-02 07:15:00,2022-09-09 21:57:00,1,False
acd21f9613278622,"culvert road, battersea",750,"Culvert Road, Battersea",33317,2020-01-01 03:18:00,2022-09-09 22:57:00,1,False
ad84f76a72bb0357,"brick lane market, shoreditch",399,"Brick Lane Market, Shoreditch",80612,2020-01-01 00:56:00,2022-09-09 23:16:00,1,False
adb9871958ba558b,"bouverie street, temple",27,"Bouverie Street, Temple",55177,2020-01-01 03:35:00,2022-09-09 21:39:00,1,False
add8697871bf3839,"eaton square (south), belgravia",423,"Eaton Square (South), Belgravia",48213,2020-01-01 00:38:00,2022-09-09 22:09:00,1,False
ae56190814d30a33,"montpelier street, knightsbridge",292,"Montpelier Street, Knightsbridge",95287,2020-01-01 00:25:00,2022-09-09 21:12:00,1,False
af07712c8afa2672,"hereford road, bayswater",29,"Hereford Road, Bayswater",70399,2020-01-01 00:20:00,2022-09-09 22:59:00,1,False
af58a130b51bd051,"jubilee gardens, south bank",252,"Jubilee Gardens, South Bank",168447,2020-01-01 18:08:00,2022-09-09 21:31:00,1,False
af5ecf67494e6ad4,"malet street, bloomsbury",12,"Malet Street, Bloomsbury",91176,2020-01-01 03:59:00,2022-09-09 22:11:00,1,False
af665304a3f3f6bb,"ilchester gardens, bayswater",584,"Ilchester Gardens, Bayswater",70279,2020-01-01 03:42:00,2022-09-09 20:36:00,1,False
afccf516edf24a44,"everington street, fulham",711,"Everington Street, Fulham",50671,2020-01-01 00:37:00,2022-09-09 20:19:00,1,False
afea8c186113b0e2,"ladbroke grove central, ladbroke grove",560,"Ladbroke Grove Central, Ladbroke Grove",18428,2020-01-01 01:51:00,2022-09-09 18:18:00,1,False
b011b736cc3046fd,"union grove, wandsworth road",602,"Union Grove, Wandsworth Road",65977,2020-01-01 00:57:00,2022-09-09 23:20:00,1,False
b05794692f9626d4,"hansard mews, holland park",527,"Hansard Mews, Holland Park",51257,2020-01-01 01:45:00,2022-09-09 22:13:00,1,False
b0919aa97899fe90,"blackfriars road, southwark",792,"Blackfriars Road, Southwark",77954,2020-01-01 01:14:00,2022-09-09 22:17:00,1,False
b14a558eef1a8eb9,"dorset square, marylebone",201,"Dorset Square, Marylebone",95703,2020-01-01 01:44:00,2022-09-08 09:42:00,1,False
b2543d42276371d5,"clarence walk, stockwell",630,"Clarence Walk, Stockwell",40977,2020-01-01 01:13:00,2022-09-09 21:58:00,1,False
b2e98bc2fb2cabc7,"bow church station, bow",495,"Bow Church Station, Bow",92624,2020-01-01 01:57:00,2022-09-09 23:30:00,1,False
b3d7757e93ae9883,"here east south, queen elizabeth olympic park",816,"Here East South, Queen Elizabeth Olympic Park",27409,2020-01-01 02:15:00,2022-09-09 08:32:00,1,False
b438d0a42374364d,"alderney street, pimlico",185,"Alderney Street, Pimlico",104771,2020-01-01 00:04:00,2022-09-09 22:09:00,1,False
b4c871638bbdff6a,"alfred place, bloomsbury",364,"Alfred Place, Bloomsbury",13403,2020-01-01 00:50:00,2020-12-01 23:27:00,2,True
b51b4a7da57b5888,"ingrave street, clapham junction",744,"Ingrave Street, Clapham Junction",26363,2020-01-01 10:19:00,2022-09-09 21:57:00,1,False
b5857a89989e3bbf,"paddington green, paddington",370,"Paddington Green, Paddington",22467,2020-01-01 13:27:00,2022-09-09 18:18:00,1,False
b608d218947f5284,"walnut tree walk, vauxhall",91,"Walnut Tree Walk, Vauxhall",66363,2020-01-01 00:21:00,2022-09-09 22:59:00,1,False
b63b3d8a341419e5,"lord's, st. john's wood",363,"Lord's, St. John's Wood",18167,2020-01-01 01:02:00,2022-08-21 17:15:00,1,False
b725a4acd03e232b,"the green bridge, mile end",492,"The Green Bridge, Mile End",3160,2020-01-01 00:36:00,2020-12-01 23:19:00,2,True
b77e53e726dbac62,"great tower street, monument",199,"Great Tower Street, Monument",156956,2020-01-01 05:00:00,2022-09-09 19:45:00,1,False
b79ef3649e45783e,"warwick avenue station, maida vale",47,"Warwick Avenue Station, Maida Vale",102820,2020-01-01 00:46:00,2022-09-09 21:44:00,1,False
b7a1394a8e5ae6ba,"kings gate house, westminster",799,"Kings Gate House, Westminster",42172,2020-01-01 12:58:00,2022-09-09 20:56:00,1,False
b7d4d16aa051b5ae,"jubilee plaza, canary wharf",532,"Jubilee Plaza, Canary Wharf",94428,2020-01-01 02:31:00,2022-09-09 19:46:00,1,False
b7fb14104f69f2ec,"ethelburga estate, battersea park",658,"Ethelburga Estate, Battersea Park",154936,2020-01-01 01:19:00,2022-09-09 22:09:00,1,False
ba11519abedecc76,"bradmead, battersea park",614,"Bradmead, Battersea Park",16694,2020-01-01 01:31:00,2021-04-03 15:23:00,2,True
babae984a586708a,"millharbour, millwall",473,"Millharbour, Millwall",20565,2020-01-01 09:18:00,2022-09-09 19:35:00,1,False
bafb744e493b5848,"snow hill, farringdon",393,"Snow Hill, Farringdon",46070,2020-01-01 01:07:00,2022-09-09 19:34:00,1,False
bb7a033b480ae907,"southwick street, paddington",265,"Southwick Street, Paddington",65918,2020-01-01 00:45:00,2022-09-09 19:48:00,1,False
bc0d40b1caf21467,"lexham gardens, kensington",155,"Lexham Gardens, Kensington",63819,2020-01-01 02:42:00,2022-09-09 22:11:00,1,False
bc56e6f9b4c00f78,"bedford way, bloomsbury",287,"Bedford Way, Bloomsbury",31384,2020-01-01 01:20:00,2022-09-09 19:59:00,1,False
bc5a711adcc974e9,"houghton street, strand",256,"Houghton Street, Strand",38045,2020-01-01 00:54:00,2022-09-09 23:36:00,1,False
bc75f5f7ab84ef5c,"british museum, bloomsbury",24,"British Museum, Bloomsbury",83933,2020-01-01 00:35:00,2022-09-09 19:52:00,1,False
bc80bd4f9525cd2e,"hollybush gardens, bethnal green",578,"Hollybush Gardens, Bethnal Green",35269,2020-01-01 01:43:00,2022-09-09 21:57:00,1,False
bc90ee8d772637ee,"jubilee street, stepney",450,"Jubilee Street, Stepney",49525,2020-01-01 01:50:00,2022-09-09 22:13:00,1,False
bcb62ef25ab8d1f9,"usk road, clapham junction",675,"Usk Road, Clapham Junction",53434,2020-01-01 01:07:00,2022-09-09 23:08:00,1,False
bd5f760350d7991f,"southerton road, hammersmith",598,"Southerton Road, Hammersmith",64675,2020-01-01 12:38:00,2022-09-09 22:05:00,1,False
bd658978b776e391,"reardon street, wapping",488,"Reardon Street, Wapping",62957,2020-01-01 00:51:00,2022-09-09 22:04:00,1,False
bdbecff94548d000,"lots road, west chelsea",746,"Lots Road, West Chelsea",58314,2020-01-01 00:32:00,2022-09-09 21:50:00,1,False
bdcb992e2ad1f364,"alma road, wandsworth",724,"Alma Road, Wandsworth",31980,2020-01-01 04:10:00,2022-09-09 19:21:00,1,False
be46596c9769480f,"leonard circus, shoreditch",32,"Leonard Circus , Shoreditch",110274,2020-01-01 00:39:00,2022-09-09 21:58:00,1,False
be485d48f6f50f96,"curlew street, shad thames",298,"Curlew Street, Shad Thames",117552,2020-01-01 00:46:00,2022-09-09 23:01:00,1,False
bf4a8185fbb183de,"michael road, walham green",731,"Michael Road, Walham Green",44749,2020-01-01 00:12:00,2022-08-26 17:05:00,1,False
bf564e92a35d7a2a,"imperial college, knightsbridge",392,"Imperial College, Knightsbridge",98876,2020-01-01 02:16:00,2022-09-09 21:22:00,1,False
bf6e380fe667e869,"newgate street, st. paul's",71,"Newgate Street , St. Paul's",117532,2020-01-01 00:36:00,2022-09-09 20:37:00,1,False
bfc9126b09db11c1,"vauxhall bridge, pimlico",146,"Vauxhall Bridge , Pimlico",52608,2020-01-01 00:16:00,2022-09-09 22:24:00,1,False
bffa099347ab8c29,"baker street, marylebone",121,"Baker Street, Marylebone",66174,2020-01-01 01:47:00,2022-09-09 21:55:00,1,False
c02e84107de2b7ef,"bishop's bridge road east, bayswater",592,"Bishop's Bridge Road East, Bayswater",30179,2020-01-01 00:30:00,2022-09-09 19:49:00,1,False
c0ac250cc92ed0c8,"bath street, st. luke's",119,"Bath Street, St. Luke's",98337,2020-01-01 01:04:00,2022-09-09 23:19:00,1,False
c0c8a9da27c9f9a6,"cadogan gardens, chelsea",395,"Cadogan Gardens, Chelsea",86175,2020-01-01 09:28:00,2022-09-09 23:06:00,1,False
c175880acc29a331,"philpot street, whitechapel",443,"Philpot Street, Whitechapel",63779,2020-01-01 01:47:00,2022-09-09 22:44:00,1,False
c1af53f88ed4b36d,"nesham street, wapping",46,"Nesham Street, Wapping",111042,2020-01-01 03:03:00,2022-09-09 21:47:00,1,False
c1d94312c8e7fec1,"campden hill road, notting hill",212,"Campden Hill Road, Notting Hill",24390,2020-01-01 10:42:00,2022-09-09 23:04:00,1,False
c1ef9189a14c4254,"new globe walk, bankside",9,"New Globe Walk, Bankside",61421,2020-01-01 00:44:00,2022-09-09 23:15:00,1,False
c214d9dd3593beee,"finsbury leisure centre, st. luke's",107,"Finsbury Leisure Centre, St. Luke's",102553,2020-01-01 00:59:00,2022-09-09 22:54:00,1,False
c29d49868df48cdb,"esmond street, putney",678,"Esmond Street, Putney",19044,2020-01-01 02:15:00,2022-09-09 19:03:00,1,False
c2c811686d0658cc,"ashley crescent, battersea",670,"Ashley Crescent, Battersea",61685,2020-01-01 07:52:00,2022-09-09 22:45:00,1,False
c3055b44b33a9de5,"ontario street, elephant & castle",324,"Ontario Street, Elephant & Castle",81186,2020-01-01 00:27:00,2022-09-09 20:24:00,1,False
c3083ea92d89ae1d,"stanley grove, battersea",690,"Stanley Grove, Battersea",41100,2020-01-01 00:50:00,2022-09-09 20:58:00,1,False
c3bbac7ba4f7c6ee,"bridge avenue, hammersmith",730,"Bridge Avenue, Hammersmith",83564,2020-01-01 01:31:00,2022-09-09 21:54:00,1,False
c410c27351904653,"sopwith way, battersea park",800,"Sopwith Way, Battersea Park",104738,2020-01-01 01:41:00,2022-09-09 21:31:00,1,False
c47bb579f7bf9646,"shadwell station, shadwell",449,"Shadwell Station, Shadwell",91339,2020-01-01 00:52:00,2022-09-09 22:04:00,1,False
c49052a00f008ed9,"parsons green station, parsons green",671,"Parsons Green Station, Parsons Green",83745,2020-01-01 02:13:00,2022-09-09 21:15:00,1,False
c4b7ecec619d62d3,"ranelagh gardens, fulham",765,"Ranelagh Gardens, Fulham",36539,2020-01-01 11:10:00,2022-09-09 20:23:00,1,False
c4bb28620a091c77,"grant road east, clapham junction",735,"Grant Road East, Clapham Junction",57880,2020-01-01 00:21:00,2022-09-09 22:04:00,1,False
c4bc284729990d01,"harrington square 1, camden town",90,"Harrington Square 1, Camden Town",36980,2020-01-01 08:45:00,2022-09-09 22:09:00,1,False
c4be626482a0da27,"orsett terrace, bayswater",165,"Orsett Terrace, Bayswater",24752,2020-01-01 00:47:00,2022-09-09 19:03:00,1,False
c507d18fcde9d494,"wren street, holborn",433,"Wren Street, Holborn",67294,2020-01-01 03:59:00,2022-09-09 22:55:00,1,False
c579b9e79e89d251,"fire brigade pier, vauxhall",387,"Fire Brigade Pier, Vauxhall",75762,2020-01-01 00:32:00,2022-09-09 21:36:00,1,False
c614aa9929181676,"grosvenor road, pimlico",245,"Grosvenor Road, Pimlico",44128,2020-01-01 00:09:00,2022-09-09 22:24:00,1,False
c641886fffc32026,"sedding street, sloane square",5,"Sedding Street, Sloane Square",125749,2020-01-01 01:12:00,2022-09-09 23:24:00,1,False
c6600cc2d09e5f38,"chadwell street, angel",254,"Chadwell Street, Angel",66243,2020-01-01 00:00:00,2022-09-09 20:29:00,1,False
c6e964658092246a,"bell lane, liverpool street",506,"Bell Lane, Liverpool Street",73329,2020-01-01 02:39:00,2022-09-09 23:47:00,1,False
c6ff6ae5d828d958,"shoreditch high street, shoreditch",39,"Shoreditch High Street, Shoreditch",149886,2020-01-01 00:27:00,2022-09-09 23:45:00,1,False
c76d58ac9e04c1fe,"new north road 2, hoxton",328,"New North Road 2, Hoxton",28912,2020-01-01 01:11:00,2022-09-09 21:51:00,1,False
c8e3dd1494f74298,"macclesfield rd, st lukes",351,"Macclesfield Rd, St Lukes",85228,2020-01-01 01:41:00,2022-09-09 22:15:00,1,False
c91087073cc688a8,"neville gill close, wandsworth",684,"Neville Gill Close, Wandsworth",56188,2020-01-01 01:14:00,2022-09-09 21:50:00,1,False
c9290ac1aa5e4e37,"princedale road, holland park",611,"Princedale Road , Holland Park",48023,2020-01-01 00:26:00,2022-09-09 21:08:00,1,False
c929637a5b9a7ad7,"ram street, wandsworth",766,"Ram Street, Wandsworth",77912,2020-01-01 01:44:00,2022-09-09 20:41:00,1,False
c9b2bab28956ebc4,"old quebec street, marylebone",99,"Old Quebec Street, Marylebone",151814,2020-01-01 00:26:00,2022-09-08 09:04:00,1,False
ca23b8bcf5fba1d5,"lancaster drive, blackwall",526,"Lancaster Drive, Blackwall",29737,2020-01-01 00:22:00,2022-09-09 20:21:00,1,False
cbaee723393aa8b1,"percival street, finsbury",544,"Percival Street, Finsbury",47265,2020-01-01 02:45:00,2022-09-09 23:47:00,1,False
cbb693a5ed6c987b,"blythe road west, shepherd's bush",657,"Blythe Road West, Shepherd's Bush",41211,2020-01-01 00:27:00,2022-09-09 19:28:00,1,False
cc7724938ae61ad2,"aberdeen place, st. john's wood",394,"Aberdeen Place, St. John's Wood",39461,2020-01-01 00:10:00,2022-09-09 23:32:00,1,False
cc79d026d75cc449,"abingdon villas, kensington",38,"Abingdon Villas, Kensington",47437,2020-01-01 13:53:00,2022-09-09 22:09:00,1,False
cc90f17489a371f8,"waterloo road, south bank",173,"Waterloo Road, South Bank",60285,2020-01-02 06:53:00,2022-09-09 23:04:00,1,False
ccefc861ac066061,"gunmakers lane, old ford",459,"Gunmakers Lane, Old Ford",76650,2020-01-01 00:38:00,2022-09-09 21:56:00,1,False
cd429b14ace9dd25,"westbourne grove, bayswater",105,"Westbourne Grove, Bayswater",76855,2020-01-01 00:23:00,2022-09-09 22:43:00,1,False
cdbf969d6f0f55d3,"stanhope gate, mayfair",380,"Stanhope Gate, Mayfair",37060,2020-01-01 00:08:00,2022-09-09 21:28:00,1,False
cdc6f04320a111c3,"greycoat street, westminster",353,"Greycoat Street , Westminster",27883,2020-01-01 07:06:00,2022-09-09 22:53:00,1,False
cdde3adea8587e51,"tooley street, bermondsey",278,"Tooley Street, Bermondsey",236553,2020-01-01 00:19:00,2022-09-09 21:52:00,1,False
cdf83facb2c91dce,"george street, marylebone",400,"George Street, Marylebone",66109,2020-01-01 00:50:00,2022-09-09 23:09:00,1,False
ce99583c3a5ff2ed,"hartington road, stockwell",676,"Hartington Road, Stockwell",77214,2020-01-01 00:20:00,2022-09-09 21:16:00,1,False
ceb99a45e6ad9299,"palace gate, kensington gardens",404,"Palace Gate, Kensington Gardens",177381,2020-01-01 09:54:00,2022-09-09 20:08:00,1,False
cecf732613f566d5,"st. peter's terrace, fulham",729,"St. Peter's Terrace, Fulham",77784,2020-01-01 00:13:00,2022-09-09 22:47:00,1,False
cee8d90c74d35440,"moorfields, moorgate",215,"Moorfields, Moorgate",88310,2020-01-01 02:53:00,2022-09-09 22:37:00,1,False
cf1582a7b793cab2,"denyer street, knightsbridge",209,"Denyer Street, Knightsbridge",35465,2020-01-01 12:35:00,2022-09-09 21:25:00,1,False
cf295e90e1c7217d,"parson's green, parson's green",596,"Parson's Green , Parson's Green",98645,2020-01-01 00:33:00,2022-09-09 22:58:00,1,False
cf5362b4704bcb74,"vincent street, pimlico",426,"Vincent Street, Pimlico",60380,2020-01-01 00:25:00,2022-09-09 23:33:00,1,False
cfa546e6d049ce76,"endsleigh gardens, euston",214,"Endsleigh Gardens, Euston",81758,2020-01-01 01:23:00,2022-09-09 22:08:00,1,False
d085280f916998a6,"bricklayers arms, borough",94,"Bricklayers Arms, Borough",108816,2020-01-01 00:13:00,2022-09-09 21:55:00,1,False
d10bdef5f01d85eb,"flood street, chelsea",345,"Flood Street, Chelsea",125734,2020-01-01 00:25:00,2022-09-09 23:52:00,1,False
d131c821159c7a51,"limburg road, clapham junction",777,"Limburg Road, Clapham Junction",25020,2020-01-01 03:39:00,2022-09-09 20:22:00,1,False
d13a67a6426a9fc9,"park street, bankside",10,"Park Street, Bankside",49803,2020-01-01 14:57:00,2022-09-09 19:50:00,1,False
d140f22add422d9e,"king edward street, st pauls",557,"King Edward Street, St Pauls",39685,2020-01-01 12:07:00,2022-09-09 21:35:00,1,False
d1a0f5773e0c6a78,"walworth road, elephant & castle",411,"Walworth Road, Elephant & Castle",29302,2020-01-01 00:10:00,2020-12-01 21:33:00,2,True
d2a3ccd8f3da614d,"finlay street, fulham",615,"Finlay Street, Fulham",67776,2020-01-01 01:44:00,2022-09-09 22:06:00,1,False
d2d9ed3f0194d3f7,"tyers gate, bermondsey",314,"Tyers Gate, Bermondsey",63017,2020-01-01 12:19:00,2022-09-09 22:07:00,1,False
d37ce2e18c67eaf7,"old brompton road, south kensington",216,"Old Brompton Road, South Kensington",85822,2020-01-01 00:36:00,2022-09-09 21:23:00,1,False
d3e65cd48d6bb9b1,"clarges street, mayfair",528,"Clarges Street, Mayfair",29669,2020-01-01 00:11:00,2022-09-09 18:36:00,1,False
d40eef298e175503,"cadogan place, knightsbridge",211,"Cadogan Place, Knightsbridge",79330,2020-01-01 00:12:00,2022-09-09 21:00:00,1,False
d42922e6a2ebfac7,"vauxhall cross, vauxhall",74,"Vauxhall Cross, Vauxhall",187201,2020-01-01 00:10:00,2022-09-09 23:26:00,1,False
d42ed5e8e9ac93a5,"cleveland way, stepney",503,"Cleveland Way, Stepney",134648,2020-01-01 00:12:00,2022-09-09 23:12:00,1,False
d534cf70d2945125,"hortensia road, west brompton",739,"Hortensia Road, West Brompton",64948,2020-01-01 11:20:00,2022-09-09 21:04:00,1,False
d53695596b89c0d2,"west cromwell road, earl's court",142,"West Cromwell Road, Earl's Court",60833,2020-01-01 03:49:00,2022-09-09 22:16:00,1,False
d5642f14c4bb14ae,"killick street, king's cross",439,"Killick Street, King's Cross",21586,2020-01-01 02:36:00,2022-09-09 18:52:00,1,False
d60a54b8137d68dd,"queen's gate (central), south kensington",231,"Queen's Gate (Central), South Kensington",65673,2020-01-01 00:40:00,2022-09-09 23:43:00,1,False
d65a259c6c7a92f7,"thorndike close, west chelsea",651,"Thorndike Close, West Chelsea",50321,2020-01-01 00:40:00,2022-09-09 23:20:00,1,False
d6ecf0924779bf77,"harcourt terrace, west brompton",757,"Harcourt Terrace, West Brompton",89180,2020-01-01 00:29:00,2022-09-09 21:02:00,1,False
d71cf8ec3cfc6635,"wright's lane, kensington",157,"Wright's Lane, Kensington",94547,2020-01-01 02:46:00,2022-09-09 20:51:00,1,False
d72ac3fcd6a67f53,"newby place, poplar",530,"Newby Place, Poplar",29636,2020-01-01 02:03:00,2022-09-09 20:43:00,1,False
d836a5ef4f636530,"rossmore road, marylebone",760,"Rossmore Road, Marylebone",14295,2020-01-01 04:46:00,2022-02-07 19:05:00,1,False
d9219c208a265143,"queen mother sports centre, victoria",320,"Queen Mother Sports Centre, Victoria",88366,2020-01-01 00:00:00,2022-09-09 21:03:00,1,False
d99bdee5a3ec74d0,"waterloo bridge, south bank",377,"Waterloo Bridge, South Bank",39023,2020-01-01 21:18:00,2022-09-09 20:59:00,1,False
d99cb4192b35a630,"gloucester road (central), south kensington",113,"Gloucester Road (Central), South Kensington",60866,2020-01-01 12:50:00,2022-09-09 23:39:00,1,False
d9baa5c81ba7ff5e,"limerston street, west chelsea",573,"Limerston Street, West Chelsea",154988,2020-01-01 02:01:00,2022-09-09 23:06:00,1,False
da6e17f3ce2cd07d,"whiston road, haggerston",466,"Whiston Road, Haggerston",43716,2020-01-01 01:50:00,2022-09-09 18:47:00,1,False
da70789dd37a2f9e,"fulham broadway, walham green",737,"Fulham Broadway, Walham Green",156722,2020-01-01 00:23:00,2022-09-09 22:22:00,1,False
dad1671748602d3e,"warren street station, euston",239,"Warren Street Station, Euston",158651,2020-01-01 00:51:00,2022-09-09 23:30:00,1,False
daeb1203f96db980,"rodney road, walworth",223,"Rodney Road , Walworth",79982,2020-01-01 00:20:00,2022-09-09 23:10:00,1,False
daf94f48e5fbcb37,"cromer street, bloomsbury",793,"Cromer Street, Bloomsbury",43603,2020-01-01 01:03:00,2022-09-09 19:54:00,1,False
db21d9dd2cf421c1,"bankside mix, bankside",193,"Bankside Mix, Bankside",74348,2020-01-01 00:49:00,2022-09-09 22:17:00,1,False
db34c68d013f5c3d,"union street, the borough",196,"Union Street, The Borough",63232,2020-01-01 00:00:00,2022-09-09 19:57:00,1,False
db4be575c619c9b0,"pennington street, wapping",490,"Pennington Street, Wapping",29467,2020-01-01 00:51:00,2022-09-09 22:15:00,1,False
dbd52aa11b3e6b4c,"clifton street, shoreditch",323,"Clifton Street, Shoreditch",32953,2020-01-01 15:56:00,2022-09-09 19:42:00,1,False
dcfba07b70880b3c,"arlington road, camden town",545,"Arlington Road, Camden Town",47867,2020-01-01 02:42:00,2022-09-09 20:47:00,1,False
de3776ee58face35,"grosvenor square, mayfair",348,"Grosvenor Square, Mayfair",80480,2020-01-01 02:17:00,2022-09-09 22:01:00,1,False
dec9ef9b2355c0d6,"northdown street, king's cross",593,"Northdown Street, King's Cross",37143,2020-01-01 02:16:00,2022-09-09 21:48:00,1,False
dfec889f3bc53725,"bell street, marylebone",182,"Bell Street , Marylebone",56533,2020-01-01 00:19:00,2022-09-09 19:52:00,1,False
dff235c7eb7dc56c,"antill road, mile end",518,"Antill Road, Mile End",52442,2020-01-01 01:49:00,2022-09-09 21:47:00,1,False
e01c952d63bb949f,"crinan street, king's cross",431,"Crinan Street, King's Cross",29593,2020-01-01 01:35:00,2022-09-09 22:59:00,1,False
e07a8d15bd08cc57,"rathbone street, fitzrovia",306,"Rathbone Street, Fitzrovia",49474,2020-01-01 12:01:00,2022-09-09 19:36:00,1,False
e08405e3204349a2,"concert hall approach 1, south bank",334,"Concert Hall Approach 1, South Bank",53189,2020-01-01 11:16:00,2022-09-09 23:39:00,1,False
e0ec1594ee7cb641,"crawford street, marylebone",43,"Crawford Street, Marylebone",87384,2020-01-01 00:43:00,2022-09-09 23:13:00,1,False
e0f5157bfa21ebcd,"selby street, whitechapel",565,"Selby Street, Whitechapel",42663,2020-01-01 08:07:00,2022-09-09 22:48:00,1,False
e1086f91614f1f41,"normandy road, stockwell",828,"Normandy Road, Stockwell",75726,2020-01-01 01:34:00,2022-09-09 22:11:00,1,False
e1200139364a3df3,"regent's row, haggerston",553,"Regent's Row , Haggerston ",213125,2020-01-01 00:39:00,2022-09-09 22:16:00,1,False
e1878d103b8edc98,"westbridge road, battersea",680,"Westbridge Road, Battersea",100273,2020-01-01 01:00:00,2022-09-09 21:57:00,1,False
e1d9f4fd72997d90,"fanshaw street, hoxton",31,"Fanshaw Street, Hoxton",82156,2020-01-01 01:34:00,2022-09-09 22:09:00,1,False
e2d872fdcbcd523e,"westminster pier, westminster",818,"Westminster Pier, Westminster",266751,2020-01-01 17:09:00,2022-09-09 22:12:00,2,True
e40a583c6d2577d7,"south wharf road, paddington",186,"South Wharf Road, Paddington",106809,2020-01-01 00:45:00,2022-09-09 22:11:00,1,False
e43117b031a24a3f,"westbourne park road, portobello",758,"Westbourne Park Road, Portobello",46833,2020-01-01 02:49:00,2022-09-09 22:18:00,1,False
e44e405bbb0e26d7,"charlotte street, fitzrovia",381,"Charlotte Street, Fitzrovia",68347,2020-01-01 02:29:00,2022-09-09 23:04:00,1,False
e481ee4827e3987b,"ilchester place, kensington",145,"Ilchester Place, Kensington",27841,2020-01-01 13:17:00,2022-09-09 21:03:00,1,False
e485080e6ca88718,"belgrave square, belgravia",181,"Belgrave Square, Belgravia",42769,2020-01-01 00:43:00,2022-09-09 21:14:00,1,False
e49a4be4583c9e88,"little argyll street, west end",116,"Little Argyll Street, West End",202004,2020-01-01 00:12:00,2022-09-09 23:08:00,1,False
e4d08ba016a7905b,"elizabeth bridge, victoria",288,"Elizabeth Bridge, Victoria",93688,2020-01-01 00:13:00,2022-09-09 23:41:00,1,False
e4e17bc47e154db1,"st mary's hospital, westminster",290,"St Mary's Hospital, Westminster",2062,2020-01-01 01:03:00,2020-12-01 23:25:00,3,True
e4e9991b45858118,"euston square gardens, euston",795,"Euston Square Gardens, Euston",35000,2020-01-01 00:11:00,2022-09-09 21:50:00,2,True
e549586f7134f975,"manbre road, hammersmith",599,"Manbre Road, Hammersmith",37394,2020-01-01 10:35:00,2022-09-09 18:50:00,1,False
e5a8e5843d87bc96,"waterloo station 2, waterloo",361,"Waterloo Station 2, Waterloo",115539,2020-01-02 07:11:00,2022-09-09 22:47:00,1,False
e600ad9fab46d972,"putney bridge station, fulham",607,"Putney Bridge Station, Fulham",59643,2020-01-01 00:35:00,2022-09-09 21:54:00,1,False
e64624c31da0ee75,"lambeth road, vauxhall",139,"Lambeth Road, Vauxhall",60519,2020-01-01 00:24:00,2022-09-09 23:26:00,1,False
e654191b0e675704,"osiers road, wandsworth",685,"Osiers Road, Wandsworth",52805,2020-01-01 00:28:00,2022-09-09 21:57:00,1,False
e6a0fca359674f8b,"bayswater road, hyde park",153,"Bayswater Road, Hyde Park",198228,2020-01-01 00:32:00,2022-09-09 22:25:00,1,False
e6c717b9bafe16df,"thurtle road, haggerston",463,"Thurtle road, Haggerston",30649,2020-01-01 07:26:00,2022-09-09 21:29:00,1,False
e7009df9a518fb2a,"knaresborough place, earl's court",296,"Knaresborough Place, Earl's Court",67374,2020-01-01 10:58:00,2022-09-09 23:25:00,1,False
e71469405a815a07,"harford street, mile end",550,"Harford Street, Mile End",42165,2020-01-01 02:16:00,2022-09-09 21:42:00,1,False
e73ecb4471a1b0ae,"newton street, covent garden",751,"Newton Street, Covent Garden",39300,2020-01-01 01:18:00,2022-09-09 22:22:00,1,False
e7a7d59ea4d0f622,"brushfield street, liverpool street",251,"Brushfield Street, Liverpool Street",213199,2020-01-01 05:21:00,2022-09-09 23:16:00,1,False
e85ae4499436830a,"halford road, west kensington",782,"Halford Road, West Kensington",79732,2020-01-01 00:20:00,2022-09-09 21:40:00,1,False
e85bd76388176049,"curzon street, mayfair",49,"Curzon Street, Mayfair",58351,2020-01-01 00:23:00,2022-09-09 21:07:00,1,False
e8f42cf514448a65,"drury lane, covent garden",18,"Drury Lane, Covent Garden",129599,2020-01-01 11:09:00,2022-09-09 23:34:00,1,False
e98c604a2c9bd126,"braham street, aldgate",115,"Braham Street, Aldgate",120849,2020-01-01 01:03:00,2022-09-09 20:00:00,1,False
e9c58156887324ed,"mostyn grove, bow",470,"Mostyn Grove, Bow",46810,2020-01-01 01:13:00,2022-09-09 22:11:00,1,False
ead302562a46752e,"pitfield street central, hoxton",569,"Pitfield Street Central, Hoxton",49006,2020-01-01 00:05:00,2022-09-09 23:19:00,1,False
eafd9cf8752305b6,"west kensington station, west kensington",660,"West Kensington Station, West Kensington",53242,2020-01-01 07:07:00,2022-09-09 22:13:00,1,False
eb4f1cbe4d1a685c,"plough terrace, clapham junction",734,"Plough Terrace, Clapham Junction",37304,2020-01-01 01:14:00,2022-09-09 23:08:00,1,False
ecf6f64bb780be0f,"silverthorne road, battersea",640,"Silverthorne Road, Battersea",63610,2020-01-01 00:28:00,2022-09-09 22:13:00,1,False
ed78f24dc9daea5e,"gloucester avenue, camden town",535,"Gloucester Avenue, Camden Town",73835,2020-01-01 00:03:00,2022-09-09 20:12:00,1,False
edcc8b9f469022b9,"grenfell road, avondale",754,"Grenfell Road, Avondale",24471,2020-01-01 12:23:00,2022-09-09 20:45:00,1,False
ee1a4e21c8520f77,"here east north, queen elizabeth olympic park",812,"Here East North, Queen Elizabeth Olympic Park",43861,2020-01-01 08:06:00,2022-09-09 20:14:00,1,False
ee9ba14cd5681406,"ackroyd drive, bow",505,"Ackroyd Drive, Bow",55073,2020-01-01 01:49:00,2022-09-09 21:44:00,1,False
eecbf56aadb1806e,"hyde park corner, hyde park",191,"Hyde Park Corner, Hyde Park",471721,2020-01-01 00:15:00,2022-09-09 23:36:00,1,False
ef2b7eee03779b4d,"clerkenwell green, clerkenwell",135,"Clerkenwell Green, Clerkenwell",88768,2020-01-01 01:58:00,2022-09-09 23:05:00,1,False
ef55e5fc852780c0,"phene street, chelsea",662,"Phene Street, Chelsea",87331,2020-01-01 00:12:00,2022-09-09 21:57:00,1,False
ef6c8c6c9ae3daf4,"hatton garden, holborn",67,"Hatton Garden, Holborn",66144,2020-01-01 17:20:00,2022-09-09 22:00:00,1,False
ef837a2a0957b4df,"import dock, canary wharf",551,"Import Dock, Canary Wharf",44254,2020-01-01 10:40:00,2022-09-09 21:02:00,2,True
ef851cbc456ef051,"panton street, west end",83,"Panton Street, West End",145622,2020-01-01 00:16:00,2022-09-09 22:12:00,1,False
efa587fd5a92a439,"st. chad's street, king's cross",4,"St. Chad's Street, King's Cross",41491,2020-01-01 00:45:00,2022-09-09 23:19:00,1,False
eff16fa38f94cfea,"portland place, marylebone",184,"Portland Place, Marylebone",69051,2020-01-01 02:02:00,2022-09-09 23:08:00,1,False
f024c3fb17f3f6bd,"great russell street, bloomsbury",15,"Great Russell Street, Bloomsbury",67384,2020-01-01 00:27:00,2022-09-09 22:52:00,1,False
f11703f44672f75e,"waterloo station 1, waterloo",374,"Waterloo Station 1, Waterloo",206116,2020-01-01 15:11:00,2022-09-09 23:05:00,1,False
f185268cc16d131e,"freston road, avondale",741,"Freston Road, Avondale",26194,2020-01-01 01:55:00,2022-09-09 22:16:00,1,False
f1a22b77e39ca6ab,"eccleston place, victoria",167,"Eccleston Place, Victoria",113022,2020-01-01 00:49:00,2022-09-09 22:09:00,1,False
f1d9271adfd0fba0,"gloucester terrace, bayswater",176,"Gloucester Terrace, Bayswater",55476,2020-01-01 00:54:00,2022-09-09 21:31:00,1,False
f2520117956e5853,"archbishop's park, waterloo",641,"Archbishop's Park, Waterloo",59907,2020-01-01 00:12:00,2022-09-09 20:57:00,1,False
f33845d0579100dc,"naval row, blackwall",538,"Naval Row, Blackwall",34815,2020-01-01 06:34:00,2022-09-09 18:53:00,1,False
f3dbd3f3dc8d047a,"chapel place, marylebone",141,"Chapel Place, Marylebone",77976,2020-01-01 01:01:00,2022-09-09 21:24:00,1,False
f3e1d31cb847ddc1,"sutton street, shadwell",511,"Sutton Street, Shadwell",110368,2020-01-01 00:50:00,2022-09-09 21:41:00,1,False
f41a1a266720480b,"wellington road, st. john's wood",110,"Wellington Road, St. John's Wood",59048,2020-01-01 00:44:00,2022-09-09 21:44:00,1,False
f4d990902ca905a6,"oxford road, putney",743,"Oxford Road, Putney",19145,2020-01-01 00:42:00,2022-09-09 19:40:00,1,False
f5190340f7b93184,"sugden road, clapham",609,"Sugden Road, Clapham",51211,2020-01-01 01:57:00,2022-09-09 23:27:00,1,False
f59212b3e6d06949,"imperial road, sands end",738,"Imperial Road, Sands End",51218,2020-01-01 06:20:00,2022-09-09 22:58:00,1,False
f67053faff2e55e9,"ravenscourt park station, hammersmith",668,"Ravenscourt Park Station, Hammersmith",93684,2020-01-01 00:56:00,2022-09-09 20:45:00,1,False
f680aab694997e2c,"santos road, wandsworth",767,"Santos Road, Wandsworth",14781,2020-01-01 09:05:00,2022-09-09 19:42:00,1,False
f6ac6710d872ac3b,"greenland road, camden town",572,"Greenland Road, Camden Town",93639,2020-01-01 00:36:00,2022-09-09 22:12:00,1,False
f6ce310b16e2ba30,"bramham gardens, earl's court",219,"Bramham Gardens, Earl's Court",113888,2020-01-01 01:32:00,2022-09-09 22:51:00,1,False
f6db58fe5d44f0f4,"watney street, shadwell",552,"Watney Street, Shadwell",68028,2020-01-01 01:09:00,2022-09-09 23:52:00,1,False
f6f06d08e6ac4e9c,"upcerne road, west chelsea",745,"Upcerne Road, West Chelsea",52938,2020-01-01 00:15:00,2022-09-09 21:13:00,1,False
f6f3746163428d17,"natural history museum, south kensington",378,"Natural History Museum, South Kensington",65012,2020-01-01 00:34:00,2022-09-09 23:26:00,1,False
f6f9b5413aeeca5d,"manresa road, chelsea",529,"Manresa Road, Chelsea",67099,2020-01-01 06:52:00,2022-09-09 21:23:00,1,False
f7142868e040f96c,"triangle car park, hyde park",248,"Triangle Car Park, Hyde Park",243091,2020-01-01 00:53:00,2022-09-09 19:46:00,1,False
f735c232c584c78f,"little brook green, brook green",775,"Little Brook Green, Brook Green",41843,2020-01-01 12:52:00,2022-09-09 21:24:00,1,False
f7bb8205e0dd4dea,"sidney road, stockwell",830,"Sidney Road, Stockwell",52917,2020-01-01 04:53:00,2022-09-09 21:52:00,1,False
f89a77442a211ebb,"dickens square, borough",317,"Dickens Square, Borough",32264,2020-01-01 00:40:00,2022-09-09 07:23:00,1,False
f8a21bf2fae68300,"lavington street, bankside",801,"Lavington Street, Bankside",64282,2020-01-01 10:08:00,2022-09-09 18:19:00,1,False
f8be4525c5ed29d6,"green park station, mayfair",541,"Green Park Station, Mayfair",193721,2020-01-01 00:02:00,2022-09-09 23:29:00,1,False
f9334a7c00979249,"blackfriars station, st. paul's",659,"Blackfriars Station, St. Paul's",104023,2020-01-01 01:35:00,2022-09-09 22:13:00,2,True
f9903e2abe5855da,"lambeth palace road, waterloo",815,"Lambeth Palace Road, Waterloo",155145,2020-01-01 08:04:00,2022-09-09 22:30:00,1,False
f9c78d0437ce0414,"high holborn, covent garden",358,"High Holborn , Covent Garden",79672,2020-01-01 00:31:00,2022-09-09 23:47:00,1,False
fa4dc7553b6b8aee,"moor street, soho",386,"Moor Street, Soho",155244,2020-01-01 00:04:00,2022-09-09 23:34:00,1,False
fad0da50a203b2ac,"st. john's wood road, st. john's wood",286,"St. John's Wood Road, St. John's Wood",43237,2020-01-01 04:02:00,2022-09-09 20:41:00,1,False
fb71ad0a3c24127f,"clifton road, maida vale",255,"Clifton Road, Maida Vale",65179,2020-01-01 04:02:00,2022-09-09 23:09:00,1,False
fba0f003c0099586,"dunston road, haggerston",717,"Dunston Road , Haggerston",122784,2020-01-01 00:44:00,2022-09-09 22:32:00,1,False
fba56fb9be0d9377,"kensington gore, knightsbridge",258,"Kensington Gore, Knightsbridge",34346,2020-01-01 00:34:00,2022-09-09 22:59:00,1,False
fc574b3c344ee9c0,"murray grove, hoxton",63,"Murray Grove , Hoxton",55050,2020-01-01 02:51:00,2022-09-09 20:25:00,1,False
fc6c64fe9ba99174,"queensway, westminster",224,"Queensway, Westminster",2001,2020-01-01 00:19:00,2020-12-01 21:30:00,4,True
fcc4909d5ec68999,"alfreda street, battersea park",726,"Alfreda Street, Battersea Park",71247,2020-01-01 00:14:00,2022-09-09 21:38:00,1,False
fd7d7928c4a95e4c,"new inn yard, shoreditch",58,"New Inn Yard, Shoreditch",77219,2020-01-01 00:40:00,2022-09-09 22:06:00,1,False
fe03dbcd36366b8f,"tavistock place, bloomsbury",89,"Tavistock Place, Bloomsbury",67642,2020-01-01 02:05:00,2022-09-09 21:46:00,1,False
ff290a290d82f5e0,"broomhouse lane, parsons green",656,"Broomhouse Lane, Parsons Green",28902,2020-01-01 03:41:00,2022-09-09 19:48:00,1,False
ff4c4ddde289701b,"doric way, somers town",25,"Doric Way , Somers Town",70850,2020-01-01 00:48:00,2022-09-09 23:10:00,1,False
ff83bec537bf9970,"lancaster gate, bayswater",524,"Lancaster Gate , Bayswater",82273,2020-01-01 00:43:00,2022-09-09 23:36:00,1,False
ffbbcd92ab8a7f51,"islington green, angel",695,"Islington Green, Angel",189817,2020-01-01 01:38:00,2022-09-09 23:22:00,1,False
688abb81522edc9c,"butler place, westminster",359,"Butler Place, Westminster",51026,2020-01-17 09:13:00,2022-09-09 22:14:00,1,False
74e4ee432d10e937,"maplin street, mile end",492,"Maplin Street, Mile End",99194,2020-01-29 00:03:00,2022-09-09 22:45:00,2,True
845deedfe8fc4077,pop up dock 1,778,Pop Up Dock 1,4,2020-01-29 13:36:00,2021-12-07 09:52:00,1,False
9fa374f32751813b,"queensway, paddington",224,"Queensway, Paddington",1026,2020-01-29 00:02:00,2020-02-16 22:47:00,4,True
b5243dbe0e61281b,"st mary's hospital, paddington",290,"St Mary's Hospital, Paddington",107420,2020-01-29 05:35:00,2022-09-09 23:06:00,3,True
7c17330b8199fd17,"queensway, kensington gardens",224,"Queensway, Kensington Gardens",143787,2020-02-17 00:59:00,2022-09-09 23:34:00,4,True
4d5821c6457b42c6,"bevington road, north kensington",805,"Bevington Road, North Kensington",944,2020-06-11 13:28:00,2020-11-24 23:17:00,2,True
64ed29717f663ad2,"the metropolitan, portobello",805,"The Metropolitan, Portobello",47000,2020-06-15 06:00:00,2022-09-09 20:45:00,2,True
6d4f711247af8870,"hoxton station, hoxton",539,"Hoxton Station, Hoxton",44261,2020-06-13 11:21:00,2022-09-09 22:56:00,1,False
c6248eac73b2be3b,"clifford street, mayfair",391,"Clifford Street, Mayfair",39384,2020-06-24 10:00:00,2022-09-09 18:21:00,1,False
514c5e4971e79ad3,"thornfield house, poplar",482,"Thornfield House, Poplar",1567,2020-07-17 11:43:00,2020-11-24 19:54:00,2,True
6f3294cce96dad8a,"exhibition road museums 2, south kensington",482,"Exhibition Road Museums 2, South Kensington",55843,2020-07-22 06:37:00,2022-09-09 22:51:00,2,True
b50c8f9d3710ff08,"exhibition road museums 1, south kensington",432,"Exhibition Road Museums 1, South Kensington",58020,2020-07-22 09:58:00,2022-09-09 21:12:00,2,True
ea97ba5f045b666f,"store street, bloomsbury",364,"Store Street, Bloomsbury",49455,2020-09-07 07:47:00,2022-09-09 22:09:00,2,True
5679161486c22631,"tower wharf, bermondsey",841,"Tower Wharf, Bermondsey",64250,2020-09-15 16:26:00,2022-09-09 20:00:00,1,False
e1d7e6b426cd6d70,"george row, bermondsey",840,"George Row, Bermondsey",72950,2020-09-11 13:37:00,2022-09-09 21:35:00,1,False
6dd0c1b550e3902f,"victoria rise, clapham common",794,"Victoria Rise, Clapham Common",40987,2020-09-21 00:51:00,2022-09-09 20:26:00,2,True
78bd96cc0972fb35,"temple gardens, temple",842,"Temple Gardens, Temple",88110,2020-09-28 11:01:00,2022-09-09 22:22:00,1,False
e2b3590f1cc302ab,"rotherhithe roundabout, rotherhithe",411,"Rotherhithe Roundabout, Rotherhithe",40506,2020-09-28 01:40:00,2022-09-09 21:10:00,2,True
14b4bf1899c48034,"grant road west, clapham junction",659,"Grant Road West, Clapham Junction",2253,2020-10-28 01:01:00,2020-12-01 21:20:00,2,True
1814a0929db88c8c,"thessaly road north, wandsworth road",725,"Thessaly Road North, Wandsworth Road",1985,2020-10-28 01:53:00,2020-12-01 22:54:00,2,True
1af5abe37afa4fc3,"appold street, liverpool street",175,"Appold Street, Liverpool Street",1211,2020-10-28 04:36:00,2020-12-01 19:50:00,2,True
62d064bbc6c6b04b,"south quay west, canary wharf",502,"South Quay West, Canary Wharf",2822,2020-10-28 07:04:00,2020-12-01 23:54:00,2,True
7fe38e757cbfca60,"lodge road, st. john's wood",8,"Lodge Road, St. John's Wood",1964,2020-10-28 07:49:00,2020-12-01 20:59:00,2,True
85f41a03da5ebbc4,"sun street, liverpool street",41,"Sun Street, Liverpool Street",1097,2020-10-28 06:30:00,2020-11-24 20:30:00,2,True
8b89db2e71917cfa,"montgomery square, canary wharf",551,"Montgomery Square, Canary Wharf",350,2020-10-28 10:30:00,2020-11-24 19:54:00,2,True
9062ba6e2274873e,"winsland street, paddington",290,"Winsland Street, Paddington",1576,2020-10-28 06:33:00,2020-12-01 23:17:00,3,True
9d797e453f7b6e6b,"melton street, euston",795,"Melton Street, Euston",459,2020-10-28 02:00:00,2020-12-01 22:03:00,2,True
cfc95dfb26fc0d3f,"wansey street, walworth",79,"Wansey Street, Walworth",690,2020-10-28 06:49:00,2020-11-24 17:39:00,2,True
e27638a482a444c8,"one tower bridge, bermondsey",818,"One Tower Bridge, Bermondsey",7252,2020-10-28 00:38:00,2020-12-01 23:45:00,2,True
fd211a3d877dd0bd,"cardinal place, victoria",316,"Cardinal Place, Victoria",1359,2020-10-28 00:50:00,2020-11-24 21:50:00,2,True
1626b8e3a4dce3e3,"ferndale road, brixton.",832,"Ferndale Road, Brixton. ",1260,2020-11-04 00:20:00,2020-11-24 19:58:00,2,True
17d707ec51b87059,"whiteley's, bayswater",224,"Whiteley's, Bayswater",1018,2020-11-05 17:39:00,2020-11-24 23:47:00,4,True
9c8f95fed60e0e50,"allington street, westminster, sw1e 5eb",826,"Allington street, Westminster, SW1E 5EB",1791,2020-11-04 04:33:00,2020-12-01 21:43:00,3,True
dc2226f384228caa,"gascoyne road, victoria park",474,"Gascoyne Road, Victoria Park",46328,2020-11-04 13:09:00,2022-09-09 22:16:00,2,True
c525a5d8df1d7497,"allington street, westminster",826,"Allington street, Westminster",738,2020-11-18 00:02:00,2020-12-01 21:49:00,3,True
e7e6857d7bf6cc5f,"castalia square, cubitt town",474,"Castalia Square, Cubitt Town",563,2020-11-18 08:11:00,2020-12-04 22:56:00,2,True
e990da061b523b9a,"embankment (horse guards), westminster",259,"Embankment (Horse Guards), Westminster",655,2020-11-18 00:14:00,2020-12-01 21:01:00,2,True
ad1ef604356c28d6,canada water station,844,Canada Water Station,1,2020-12-22 19:02:00,2020-12-22 19:02:00,2,True
c825d900ebf7bdb1,"canada water station, rotherhithe",844,"Canada Water Station, Rotherhithe",53686,2020-12-23 11:40:00,2022-09-09 21:50:00,2,True
cf0ac04cbc139e62,"clapham common station, clapham common",355,"Clapham Common Station, Clapham Common",99259,2021-01-04 07:16:00,2022-09-09 20:29:00,2,True
fc790555c89ad0b3,"bermondsey station, bermondsey",845,"Bermondsey Station, Bermondsey",46735,2021-01-13 19:38:00,2022-09-09 23:01:00,1,False
a04441c00768acaf,"gauden road, clapham",808,"Gauden Road, Clapham",62843,2021-01-27 07:31:00,2022-09-09 22:14:00,2,True
f4cb53aa11739cbc,"london fields, hackney central",614,"London Fields, Hackney Central",94769,2021-04-05 10:43:00,2022-09-09 23:00:00,2,True
85f41a03da5ebbc4,"sun street, liverpool street",408,"Sun Street, Liverpool Street",23009,2021-11-17 00:39:00,2022-09-09 21:52:00,2,True
2e8583efe7693686,"copper box arena, queen elizabeth olympic park",788,"Copper Box Arena, Queen Elizabeth Olympic Park",16648,2021-12-01 18:01:00,2022-09-09 21:55:00,1,False
1372cbaa3a3a53e0,"westfield library corner, shepherd's bush",591,"Westfield Library Corner, Shepherd's Bush",2997,2022-01-07 12:42:00,2022-04-22 16:20:00,1,False
b85a64222ceaa41b,"cartier circle, canary wharf",525,"Cartier Circle, Canary Wharf",133,2022-01-27 18:35:00,2022-02-01 22:25:00,2,True
85342a8b0e4829c8,"blythe road, olympia",525,"Blythe Road, Olympia",9203,2022-02-02 00:19:00,2022-09-09 19:24:00,2,True
8f400b22c2d92288,"lansdown drive, hackney central",21,"Lansdown Drive, Hackney Central",1264,2022-04-07 17:44:00,2022-04-26 23:02:00,3,True
0e16bd5e017651f4,"london street, paddington",752,"London Street, Paddington",22441,2022-04-19 10:56:00,2022-09-09 20:03:00,1,False
e5d2c930b2b6baef,"lansdowne drive, hackney central",21,"Lansdowne Drive, Hackney Central",11569,2022-04-27 02:04:00,2022-09-09 23:41:00,3,True
000caea115a40a71,"hampton street, walworth",,"Hampton Street, Walworth",361,2022-07-06 00:19:00,2022-07-12 23:42:00,0,False
0024c9fe46793e2d,"hop exchange, the borough",,"Hop Exchange, The Borough",1752,2022-07-06 00:34:00,2022-07-12 22:58:00,0,False
00f9cfe2ea19583e,"belgrove street, king's cross",,"Belgrove Street , King's Cross",1292,2022-07-06 02:05:00,2022-07-12 23:11:00,0,False
019e8b7d83ed4e21,"ampton street, clerkenwell",,"Ampton Street , Clerkenwell",223,2022-07-06 07:30:00,2022-07-12 21:17:00,0,False
01b22b7cce4006ce,"warwick row, westminster",,"Warwick Row, Westminster",681,2022-07-06 00:05:00,2022-07-12 23:29:00,0,False
01b90083be4f129f,"borough road, elephant & castle",,"Borough Road, Elephant & Castle",283,2022-07-06 07:07:00,2022-07-12 23:30:00,0,False
01cab1c149678b7e,"beryl road, hammersmith",,"Beryl Road, Hammersmith",210,2022-07-06 03:39:00,2022-07-12 23:04:00,0,False
020756787841b5ab,"wenlock road, hoxton",,"Wenlock Road , Hoxton",358,2022-07-06 07:27:00,2022-07-12 23:25:00,0,False
028ccaf586cdab98,"breams buildings, holborn",,"Breams Buildings, Holborn",207,2022-07-06 06:13:00,2022-07-12 21:26:00,0,False
029b778b462f407b,"torrens street, angel",,"Torrens Street, Angel",263,2022-07-06 07:23:00,2022-07-12 20:50:00,0,False
02f93af202db86e2,"wapping lane, wapping",,"Wapping Lane, Wapping",416,2022-07-06 00:01:00,2022-07-12 23:52:00,0,False
0300242469f4732f,"paddington street, marylebone",,"Paddington Street, Marylebone",397,2022-07-06 07:06:00,2022-07-12 23:11:00,0,False
035de42d048c0d34,"stepney green station, stepney",,"Stepney Green Station, Stepney",547,2022-07-06 00:35:00,2022-07-12 23:01:00,0,False
0372f62c606b2c3e,"taviton street, bloomsbury",,"Taviton Street, Bloomsbury",323,2022-07-06 02:50:00,2022-07-12 23:30:00,0,False
037a0878e3294314,"south audley street, mayfair",,"South Audley Street, Mayfair",243,2022-07-06 05:26:00,2022-07-12 18:02:00,0,False
0393e018eb73bad5,"brook green south, brook green",,"Brook Green South, Brook Green",262,2022-07-06 00:13:00,2022-07-12 23:28:00,0,False
043df174aeba8d44,"bank of england museum, bank",,"Bank of England Museum, Bank",520,2022-07-06 04:27:00,2022-07-12 21:10:00,0,False
04b46f9c353b0b9f,"leman street, aldgate",,"Leman Street, Aldgate",599,2022-07-06 03:12:00,2022-07-12 23:24:00,0,False
05580255f158d633,"pindar street, liverpool street",,"Pindar Street, Liverpool Street",164,2022-07-06 06:30:00,2022-07-12 21:31:00,0,False
059542cd7b559521,"allington street, victoria",,"Allington Street, Victoria",864,2022-07-06 00:22:00,2022-07-12 22:49:00,0,False
059e5e25641b0dcc,"st. john's park, cubitt town",,"St. John's Park, Cubitt Town",134,2022-07-06 08:43:00,2022-07-12 23:19:00,0,False
05dd88ba2395b19b,"wardour street, soho",,"Wardour Street, Soho",767,2022-07-06 02:38:00,2022-07-12 23:22:00,0,False
05dda17442b7c757,"devonshire square, liverpool street",,"Devonshire Square, Liverpool Street",256,2022-07-06 05:07:00,2022-07-12 23:47:00,0,False
0690a4371039d89b,"mallory street, marylebone",,"Mallory Street, Marylebone",132,2022-07-06 00:05:00,2022-07-12 21:35:00,0,False
07126cd8d40f397a,"ebury bridge, pimlico",,"Ebury Bridge, Pimlico",246,2022-07-06 00:04:00,2022-07-12 22:02:00,0,False
072edb11c39555b9,"dorothy road, clapham junction",,"Dorothy Road, Clapham Junction",301,2022-07-06 07:34:00,2022-07-12 22:09:00,0,False
075c30b29aa7478c,"vicarage gate, kensington",,"Vicarage Gate, Kensington",185,2022-07-06 02:23:00,2022-07-12 22:58:00,0,False
07c5220e19c4bc79,"shoreditch park, hoxton",,"Shoreditch Park, Hoxton",417,2022-07-06 05:36:00,2022-07-12 22:51:00,0,False
07f7bb5f82ce5293,"westfield southern terrace, shepherd's bush",,"Westfield Southern Terrace ,Shepherd's Bush",293,2022-07-06 05:50:00,2022-07-12 21:49:00,0,False
08136b45974271d3,"great percy street, clerkenwell",,"Great Percy Street, Clerkenwell",277,2022-07-06 08:28:00,2022-07-12 23:21:00,0,False
08b869041cba9429,"st. james's square, st. james's",,"St. James's Square, St. James's",1482,2022-07-06 02:30:00,2022-07-12 22:02:00,0,False
08c2e9b228d35528,"cotton garden estate, kennington",,"Cotton Garden Estate, Kennington",250,2022-07-06 00:06:00,2022-07-12 23:28:00,0,False
08d7c16c119d8f90,"tanner street, bermondsey",,"Tanner Street, Bermondsey",428,2022-07-06 07:21:00,2022-07-12 23:29:00,0,False
092224cf075d9bdf,"courland grove, wandsworth road",,"Courland Grove, Wandsworth Road",372,2022-07-06 05:45:00,2022-07-12 23:29:00,0,False
0982aa0bc1d0f436,"vauxhall walk, vauxhall",,"Vauxhall Walk, Vauxhall",247,2022-07-06 00:20:00,2022-07-12 23:19:00,0,False
09b2c2871c5938de,"sloane avenue, knightsbridge",,"Sloane Avenue, Knightsbridge",642,2022-07-06 00:12:00,2022-07-12 23:49:00,0,False
0a470f23ce71391a,"lower marsh, waterloo",,"Lower Marsh, Waterloo",423,2022-07-06 07:36:00,2022-07-12 22:29:00,0,False
0a573d78b84c04f2,"ossulston street, somers town",,"Ossulston Street, Somers Town",336,2022-07-06 04:21:00,2022-07-12 22:51:00,0,False
0ac60ea279c10713,"sheepcote lane, battersea",,"Sheepcote Lane, Battersea",228,2022-07-06 08:10:00,2022-07-12 22:20:00,0,False
0b8a33254dbbe204,"strand, strand",,"Strand, Strand",439,2022-07-06 07:17:00,2022-07-12 23:08:00,0,False
0b93e40c1dd2a4b4,"saltoun road, brixton",,"Saltoun Road, Brixton",246,2022-07-06 07:01:00,2022-07-12 22:57:00,0,False
0bb10ff558213037,"commercial street, shoreditch",,"Commercial Street, Shoreditch",406,2022-07-06 00:59:00,2022-07-12 23:31:00,0,False
0bdfecc16cecc7fc,"bevington road west, north kensington",,"Bevington Road West, North Kensington",401,2022-07-06 04:22:00,2022-07-12 23:19:00,0,False
0c9d0231856ff822,"vauxhall street, vauxhall",,"Vauxhall Street, Vauxhall",323,2022-07-06 00:16:00,2022-07-12 22:57:00,0,False
0d5b187b0e9ebd93,"milroy walk, south bank",,"Milroy Walk, South Bank",432,2022-07-06 06:57:00,2022-07-12 23:26:00,0,False
0d6d98670d99742b,"falcon road, clapham junction",,"Falcon Road, Clapham Junction",654,2022-07-06 05:35:00,2022-07-12 23:20:00,0,False
0da2c6107d2b20e3,"vincent square, westminster",,"Vincent Square, Westminster",194,2022-07-06 00:48:00,2022-07-12 22:34:00,0,False
0dbf0f7eed3c98f4,"binfield road, stockwell",,"Binfield Road, Stockwell",488,2022-07-06 00:56:00,2022-07-12 23:20:00,0,False
0dea6955394268aa,"jubilee crescent, cubitt town",,"Jubilee Crescent, Cubitt Town",182,2022-07-06 04:25:00,2022-07-12 23:12:00,0,False
0e01a7ecb04b8075,"wellington row, bethnal green",,"Wellington Row, Bethnal Green",309,2022-07-06 00:04:00,2022-07-12 23:42:00,0,False
0e16bd5e017651f4,"london street, paddington",,"London Street, Paddington",576,2022-07-06 06:22:00,2022-07-12 22:51:00,0,False
0e1eda166aef0e09,"south quay east, canary wharf",,"South Quay East, Canary Wharf",120,2022-07-06 09:17:00,2022-07-12 17:47:00,0,False
0eabc6ff21f11db8,"the tennis courts, the regent's park",,"The Tennis Courts, The Regent's Park",514,2022-07-06 06:55:00,2022-07-12 20:43:00,0,False
0ecc5d21f78cddd0,"rochester row, westminster",,"Rochester Row, Westminster",250,2022-07-06 06:37:00,2022-07-12 22:47:00,0,False
0f2436344ca2f03f,"whitehall place, strand",,"Whitehall Place, Strand",1153,2022-07-06 05:37:00,2022-07-12 23:00:00,0,False
0f248f27de4b8590,"devons road, bow",,"Devons Road, Bow",224,2022-07-06 00:07:00,2022-07-12 22:32:00,0,False
0f329cdd5c4e420f,"city road, angel",,"City Road, Angel",279,2022-07-06 00:17:00,2022-07-12 21:38:00,0,False
0f50652fd27ed604,"red lion street, holborn",,"Red Lion Street, Holborn",447,2022-07-06 06:32:00,2022-07-12 21:15:00,0,False
0fdbfcc6ad08cced,"clapham road, lingham street, stockwell",,"Clapham Road, Lingham Street, Stockwell",219,2022-07-06 03:53:00,2022-07-12 23:38:00,0,False
100f5067ced4cd7d,"st. bride street, holborn",,"St. Bride Street, Holborn",459,2022-07-06 04:27:00,2022-07-12 22:27:00,0,False
1076af231f253378,"riverlight north, nine elms",,"Riverlight North, Nine Elms",585,2022-07-06 06:17:00,2022-07-12 23:30:00,0,False
10932032d0707644,"east india dlr, blackwall",,"East India DLR, Blackwall",261,2022-07-06 02:40:00,2022-07-12 23:18:00,0,False
10f9a2aa2c54fc0a,"william iv street, strand",,"William IV Street, Strand",722,2022-07-06 01:10:00,2022-07-12 22:32:00,0,False
117aa3d2ef751f2b,"vicarage crescent, battersea",,"Vicarage Crescent, Battersea",455,2022-07-06 00:14:00,2022-07-12 23:30:00,0,False
117db799868afa4d,"euston road, euston",,"Euston Road, Euston",240,2022-07-06 06:55:00,2022-07-12 20:18:00,0,False
11fb24bca8848e73,"haggerston road, haggerston",,"Haggerston Road, Haggerston",537,2022-07-06 00:24:00,2022-07-12 23:30:00,0,False
122b0737b1ccfd55,"earnshaw street, covent garden",,"Earnshaw Street , Covent Garden",543,2022-07-06 00:18:00,2022-07-12 22:25:00,0,False
127ad70a2d66ce92,"castlehaven road, camden town",,"Castlehaven Road, Camden Town",620,2022-07-06 00:17:00,2022-07-12 23:44:00,0,False
13ac086b7080d0fa,"chelsea green, chelsea",,"Chelsea Green, Chelsea",344,2022-07-06 00:31:00,2022-07-12 23:27:00,0,False
1411e79916f71426,"penywern road, earl's court",,"Penywern Road, Earl's Court",423,2022-07-06 01:25:00,2022-07-12 23:41:00,0,False
14454d2accdd76c1,"bermondsey street, bermondsey",,"Bermondsey Street, Bermondsey",580,2022-07-06 07:14:00,2022-07-12 23:18:00,0,False
145f5f6dfc2f1b4a,"snowsfields, london bridge",,"Snowsfields, London Bridge",588,2022-07-06 00:00:00,2022-07-12 22:59:00,0,False
15104d37897550d7,"new spring gardens walk, vauxhall",,"New Spring Gardens Walk, Vauxhall",230,2022-07-06 07:10:00,2022-07-12 21:42:00,0,False
157ec2085dda7afe,"holland park, kensington",,"Holland Park, Kensington",187,2022-07-06 12:17:00,2022-07-12 21:13:00,0,False
158f037cd07c0d0e,"edgware road station, marylebone",,"Edgware Road Station, Marylebone",357,2022-07-06 00:19:00,2022-07-12 23:19:00,0,False
159f93995c29e618,"tower gardens, tower",,"Tower Gardens , Tower",1085,2022-07-06 00:13:00,2022-07-12 23:36:00,0,False
15ceb60509163ff2,"chrisp street market, poplar",,"Chrisp Street Market, Poplar",214,2022-07-06 01:07:00,2022-07-12 22:36:00,0,False
15e70aebb5b12f36,"old street station, st. luke's",,"Old Street Station, St. Luke's",781,2022-07-06 04:07:00,2022-07-12 23:07:00,0,False
164ed9bf6271ad75,"st. luke's church, chelsea",,"St. Luke's Church, Chelsea",394,2022-07-06 00:26:00,2022-07-12 22:32:00,0,False
16d5b9f1945968ad,"borough high street, the borough",,"Borough High Street, The Borough",343,2022-07-06 03:27:00,2022-07-12 22:56:00,0,False
173e55a6d87704c9,"queen victoria street, st. paul's",,"Queen Victoria Street, St. Paul's",466,2022-07-06 05:29:00,2022-07-12 21:28:00,0,False
1759d4279a1f9be0,"great dover street, the borough",,"Great Dover Street, The Borough",432,2022-07-06 07:41:00,2022-07-12 22:09:00,0,False
17bfbc376b718d08,"warwick square, pimlico",,"Warwick Square, Pimlico",337,2022-07-06 05:50:00,2022-07-12 22:30:00,0,False
17f90c6e04836fc6,"rampayne street, pimlico",,"Rampayne Street, Pimlico",429,2022-07-06 01:25:00,2022-07-12 23:00:00,0,False
184eec9a9e2242fe,"belgrave road, victoria",,"Belgrave Road, Victoria",459,2022-07-06 06:52:00,2022-07-12 23:38:00,0,False
18b671734b596bf9,"mile end park leisure centre, mile end",,"Mile End Park Leisure Centre, Mile End",366,2022-07-06 00:02:00,2022-07-12 22:05:00,0,False
191831d0cf7d7c87,"horseferry road, westminster",,"Horseferry Road, Westminster",405,2022-07-06 05:36:00,2022-07-12 21:58:00,0,False
19c535b3235e1475,"graham street, angel",,"Graham Street, Angel",408,2022-07-06 00:10:00,2022-07-12 23:08:00,0,False
1ac5586c9af9eb75,"hibbert street, battersea",,"Hibbert Street, Battersea",418,2022-07-06 00:29:00,2022-07-12 22:57:00,0,False
1af3a0e16ad3f9a3,"clapham common north side, clapham common",,"Clapham Common North Side, Clapham Common",305,2022-07-06 05:59:00,2022-07-12 23:34:00,0,False
1b2dfd828eb06955,"eastbourne mews, paddington",,"Eastbourne Mews, Paddington",470,2022-07-06 00:10:00,2022-07-12 22:08:00,0,False
1b39350a514430f8,"harriet street, knightsbridge",,"Harriet Street, Knightsbridge",669,2022-07-06 06:25:00,2022-07-12 23:06:00,0,False
1b824aafc9ba94ab,"norton folgate, liverpool street",,"Norton Folgate, Liverpool Street",372,2022-07-06 05:47:00,2022-07-12 22:43:00,0,False
1c3ebd0989bcb780,"crabtree lane, fulham",,"Crabtree Lane, Fulham",227,2022-07-06 06:33:00,2022-07-12 23:07:00,0,False
1cbd402f0f47319c,"fore street, guildhall",,"Fore Street, Guildhall",212,2022-07-06 05:53:00,2022-07-12 18:10:00,0,False
1cdcac7418c03499,"guilford street, bloomsbury",,"Guilford Street , Bloomsbury",467,2022-07-06 06:53:00,2022-07-12 23:25:00,0,False
1d6f554c10813ba0,"kingsway southbound, strand",,"Kingsway Southbound, Strand",341,2022-07-06 06:24:00,2022-07-12 21:09:00,0,False
1d6fafeee9d5a1e2,"grove end road, st. john's wood",,"Grove End Road, St. John's Wood",263,2022-07-06 09:22:00,2022-07-12 23:38:00,0,False
1dbafc137277fffd,"broadcasting house, marylebone",,"Broadcasting House, Marylebone",438,2022-07-06 06:13:00,2022-07-12 21:35:00,0,False
1dfca137db987c70,"watney market, stepney",,"Watney Market, Stepney",303,2022-07-06 00:51:00,2022-07-12 23:27:00,0,False
1e02cd0f75d1a015,"westferry circus, canary wharf",,"Westferry Circus, Canary Wharf",587,2022-07-06 01:48:00,2022-07-12 23:43:00,0,False
1e358fdb73a2acf0,"hoxton street, hoxton",,"Hoxton Street, Hoxton",166,2022-07-06 00:48:00,2022-07-12 21:17:00,0,False
1e4eb51b49738753,"trebovir road, earl's court",,"Trebovir Road, Earl's Court",355,2022-07-06 05:58:00,2022-07-12 23:37:00,0,False
1e68e6618dcf321b,"timber lodge, queen elizabeth olympic park",,"Timber Lodge, Queen Elizabeth Olympic Park",345,2022-07-06 14:03:00,2022-07-12 23:35:00,0,False
1e9829cae4cdf4a0,"soho square, soho",,"Soho Square , Soho",1202,2022-07-06 00:24:00,2022-07-12 22:52:00,0,False
1eecfaa7e4c825c1,"somerset house, strand",,"Somerset House, Strand",680,2022-07-06 01:10:00,2022-07-12 21:51:00,0,False
1f4c3c30b7a1c6b5,"abbotsbury road, holland park",,"Abbotsbury Road, Holland Park",168,2022-07-06 07:57:00,2022-07-12 22:17:00,0,False
1f99db4fe87ec2fd,"cloudesley road, angel",,"Cloudesley Road, Angel",200,2022-07-06 06:23:00,2022-07-12 23:18:00,0,False
1fa0f4a09e4af522,"ada street, hackney central",,"Ada Street, Hackney Central",356,2022-07-06 00:25:00,2022-07-12 23:04:00,0,False
1fb686eabcd3e746,"albert bridge road, battersea park",,"Albert Bridge Road, Battersea Park",553,2022-07-06 07:19:00,2022-07-12 23:22:00,0,False
1fd7b357620188a6,"malmesbury road, bow",,"Malmesbury Road, Bow",47,2022-07-06 13:31:00,2022-07-12 18:59:00,0,False
1fee4e26839044fa,"bishop's avenue, fulham",,"Bishop's Avenue, Fulham",350,2022-07-06 00:26:00,2022-07-12 22:12:00,0,False
20bf332b5ffa1bfa,"bonny street, camden town",,"Bonny Street, Camden Town",501,2022-07-06 02:30:00,2022-07-12 23:15:00,0,False
216a0755c5b142de,"ferndale road, brixton",,"Ferndale Road, Brixton",584,2022-07-06 00:44:00,2022-07-12 22:21:00,0,False
21e9c2e95cfd006a,"st. katharine's way, tower",,"St. Katharine's Way, Tower",383,2022-07-06 01:09:00,2022-07-12 22:48:00,0,False
21ebff74b9f6c4be,"mudchute dlr, cubitt town",,"Mudchute DLR, Cubitt Town",111,2022-07-06 00:38:00,2022-07-12 23:34:00,0,False
21ed84e8fe47fcb8,"serpentine car park, hyde park",,"Serpentine Car Park, Hyde Park",1372,2022-07-06 05:27:00,2022-07-12 22:54:00,0,False
227f5b2cc98e449e,"hinde street, marylebone",,"Hinde Street, Marylebone",628,2022-07-06 06:30:00,2022-07-12 22:31:00,0,False
22bc786fc97337c0,"westferry dlr, limehouse",,"Westferry DLR, Limehouse",558,2022-07-06 00:48:00,2022-07-12 23:16:00,0,False
22cfe12dd9a388c7,"penfold street, marylebone",,"Penfold Street, Marylebone",106,2022-07-06 04:00:00,2022-07-12 21:21:00,0,False
2396320a52484577,"cantrell road, bow",,"Cantrell Road, Bow",157,2022-07-06 00:31:00,2022-07-12 20:25:00,0,False
23cb0dc44f2f8877,"tysoe street, clerkenwell",,"Tysoe Street, Clerkenwell",550,2022-07-06 00:19:00,2022-07-12 22:38:00,0,False
24399f6cc9bcbab1,"finsbury library, finsbury",,"Finsbury Library , Finsbury",126,2022-07-06 07:02:00,2022-07-12 23:08:00,0,False
246537e5ba3a3edc,"pont street, knightsbridge",,"Pont Street, Knightsbridge",434,2022-07-06 05:21:00,2022-07-12 22:54:00,0,False
247307470d3a1185,"south kensington station, south kensington",,"South Kensington Station, South Kensington",728,2022-07-06 04:50:00,2022-07-12 22:57:00,0,False
2595800d16ae0d5f,"lansdowne road, ladbroke grove",,"Lansdowne Road, Ladbroke Grove",326,2022-07-06 06:40:00,2022-07-12 22:56:00,0,False
26dfc5e3bf19df83,"southern grove, bow",,"Southern Grove, Bow",161,2022-07-06 00:14:00,2022-07-12 22:58:00,0,False
26e6ece9a350fca5,"black prince road, vauxhall",,"Black Prince Road, Vauxhall",347,2022-07-06 06:44:00,2022-07-12 23:32:00,0,False
278446fffba3ed42,"arundel street, temple",,"Arundel Street, Temple",201,2022-07-06 07:02:00,2022-07-12 20:52:00,0,False
28a7e41b2ed5a138,"spanish road, clapham junction",,"Spanish Road, Clapham Junction",72,2022-07-06 13:52:00,2022-07-12 21:52:00,0,False
28ca41891e223c4f,"harper road, the borough",,"Harper Road, The Borough",299,2022-07-06 04:09:00,2022-07-12 21:32:00,0,False
2930aa3f7d860f5a,"wellington street, strand",,"Wellington Street , Strand",693,2022-07-06 00:40:00,2022-07-12 22:51:00,0,False
294d94bd6ea54f4a,"buxton street 1, shoreditch",,"Buxton Street 1, Shoreditch",135,2022-07-06 00:14:00,2022-07-12 21:01:00,0,False
294f81dc06352547,"cadogan close, victoria park",,"Cadogan Close, Victoria Park",457,2022-07-06 07:00:00,2022-07-12 22:19:00,0,False
2955d6512c4ae70f,"lincoln's inn fields, holborn",,"Lincoln's Inn Fields, Holborn",263,2022-07-06 04:51:00,2022-07-12 20:59:00,0,False
296ac6be47e0c35f,"victoria park road, hackney central",,"Victoria Park Road, Hackney Central",502,2022-07-06 01:10:00,2022-07-12 23:08:00,0,False
2a825a3a386768af,"duke street hill, london bridge",,"Duke Street Hill, London Bridge",1260,2022-07-06 04:58:00,2022-07-12 22:53:00,0,False
2af410b8bbc37f49,"handyside street, king's cross",,"Handyside Street, King's Cross",382,2022-07-06 01:18:00,2022-07-12 21:47:00,0,False
2af9d9e226450fc2,"pembridge villas, notting hill",,"Pembridge Villas, Notting Hill",228,2022-07-06 06:40:00,2022-07-12 22:14:00,0,False
2b017dc6990b249b,"west smithfield rotunda, farringdon",,"West Smithfield Rotunda, Farringdon",442,2022-07-06 06:19:00,2022-07-12 22:39:00,0,False
2c15286165525dbc,"frampton street, paddington",,"Frampton Street, Paddington",228,2022-07-06 00:40:00,2022-07-12 23:37:00,0,False
2c525584d32b1530,"lower thames street, monument",,"Lower Thames Street, Monument",283,2022-07-06 06:42:00,2022-07-12 21:47:00,0,False
2cad87ae8fb84ed9,"parkway, camden town",,"Parkway, Camden Town",340,2022-07-06 11:45:00,2022-07-12 22:36:00,0,False
2cbf87dc42b5de27,"mexfield road, east putney",,"Mexfield Road, East Putney",95,2022-07-06 09:29:00,2022-07-12 22:47:00,0,False
2dc4a2cd899e879d,"clarendon road, avondale",,"Clarendon Road, Avondale",153,2022-07-06 07:45:00,2022-07-12 21:46:00,0,False
2dc8066732229426,"north audley street, mayfair",,"North Audley Street, Mayfair",605,2022-07-06 05:19:00,2022-07-12 21:15:00,0,False
2dfeee43774bd2f5,"porchester place, paddington",,"Porchester Place, Paddington",596,2022-07-06 02:05:00,2022-07-12 23:25:00,0,False
2e8583efe7693686,"copper box arena, queen elizabeth olympic park",,"Copper Box Arena, Queen Elizabeth Olympic Park",388,2022-07-06 00:48:00,2022-07-12 23:21:00,0,False
2ef219e2abc86f16,"lmu commercial road, whitechapel",,"LMU Commercial Road, Whitechapel",566,2022-07-06 00:54:00,2022-07-12 23:38:00,0,False
2fc10e21f43aed07,"pall mall east, west end",,"Pall Mall East, West End",740,2022-07-06 00:42:00,2022-07-12 20:52:00,0,False
308054f82b07f516,"south parade, chelsea",,"South Parade, Chelsea",300,2022-07-06 07:27:00,2022-07-12 20:32:00,0,False
30ade85d8678cb39,"simpson street, clapham junction",,"Simpson Street, Clapham Junction",426,2022-07-06 05:54:00,2022-07-12 23:14:00,0,False
30da8b8eac507497,"peterborough road, sands end",,"Peterborough Road, Sands End",138,2022-07-06 03:16:00,2022-07-12 20:59:00,0,False
31161e65a6764781,"hampstead road, euston",,"Hampstead Road, Euston",355,2022-07-06 00:22:00,2022-07-12 21:54:00,0,False
3142ea84a77f7d40,"driffield road, old ford",,"Driffield Road, Old Ford",437,2022-07-06 01:07:00,2022-07-12 22:08:00,0,False
3180b00e64977df2,"royal avenue 1, chelsea",,"Royal Avenue 1, Chelsea",246,2022-07-06 00:38:00,2022-07-12 21:29:00,0,False
3371788910cd32dc,"westminster bridge road, elephant & castle",,"Westminster Bridge Road, Elephant & Castle",96,2022-07-06 09:09:00,2022-07-12 19:43:00,0,False
340d9625e621f916,"normand park, west kensington",,"Normand Park, West Kensington",459,2022-07-06 00:47:00,2022-07-12 23:08:00,0,False
3426384f7e12e637,"stratford station, stratford",,"Stratford Station, Stratford",378,2022-07-06 05:08:00,2022-07-12 21:45:00,0,False
3452ca9f3e3b6374,"battersea park road, nine elms",,"Battersea Park Road, Nine Elms",570,2022-07-06 00:39:00,2022-07-12 22:46:00,0,False
35a5f220534269f4,"aberfeldy street, poplar",,"Aberfeldy Street, Poplar",122,2022-07-06 00:55:00,2022-07-12 22:20:00,0,False
35facc1bc92eec65,"crosswall, tower",,"Crosswall, Tower",828,2022-07-06 05:54:00,2022-07-12 22:51:00,0,False
36671b9492d0f521,"the guildhall, guildhall",,"The Guildhall, Guildhall",188,2022-07-06 05:47:00,2022-07-12 18:27:00,0,False
36a03d6386266888,"queen street 1, bank",,"Queen Street 1, Bank",827,2022-07-06 05:42:00,2022-07-12 22:44:00,0,False
36d7cd39e1b79a6c,"putney bridge road, east putney",,"Putney Bridge Road, East Putney",121,2022-07-06 05:46:00,2022-07-12 19:59:00,0,False
37200f6ca9178cd1,"st. mary & st. michael church, stepney",,"St. Mary & St. Michael Church, Stepney",95,2022-07-06 00:28:00,2022-07-12 23:36:00,0,False
37ac18565df65487,"wormwood street, liverpool street",,"Wormwood Street, Liverpool Street",1219,2022-07-06 05:16:00,2022-07-12 22:58:00,0,False
37afc858be519971,"central house, aldgate",,"Central House, Aldgate",549,2022-07-06 06:47:00,2022-07-12 23:38:00,0,False
37fec88973a36c24,"sardinia street, holborn",,"Sardinia Street, Holborn",214,2022-07-06 08:53:00,2022-07-12 21:16:00,0,False
3809cec247ec82cd,"london zoo, the regent's park",,"London Zoo,  The Regent's Park",299,2022-07-06 10:12:00,2022-07-12 21:59:00,0,False
387901b2f47c080d,"sirdar road, avondale",,"Sirdar Road, Avondale",72,2022-07-06 03:04:00,2022-07-12 23:34:00,0,False
38b0151cbc2df15d,"shepherd's bush road north, shepherd's bush",,"Shepherd's Bush Road North, Shepherd's Bush",350,2022-07-06 03:47:00,2022-07-12 22:19:00,0,False
3917bfafac17bd05,"risinghill street, angel",,"Risinghill Street, Angel",104,2022-07-06 07:51:00,2022-07-12 22:06:00,0,False
39d5fb9e56a122f5,"lindfield street, poplar",,"Lindfield Street, Poplar",358,2022-07-06 08:01:00,2022-07-12 23:18:00,0,False
39d7750e4bfe075d,"blenheim crescent, ladbroke grove",,"Blenheim Crescent, Ladbroke Grove",369,2022-07-06 00:01:00,2022-07-12 23:16:00,0,False
3a51a9df146d064d,"kensington church street, kensington",,"Kensington Church Street, Kensington",493,2022-07-06 04:18:00,2022-07-12 23:21:00,0,False
3a948bee52527459,"rainville road, hammersmith",,"Rainville Road, Hammersmith",234,2022-07-06 04:01:00,2022-07-12 19:44:00,0,False
3ad8e64a74d8cdae,"southwark station 1, southwark",,"Southwark Station 1, Southwark",435,2022-07-06 04:22:00,2022-07-12 22:21:00,0,False
3b35dbf01892998e,"st martins close, camden town",,"St Martins Close, Camden Town",93,2022-07-06 06:08:00,2022-07-12 22:08:00,0,False
3b4bb93453e72da6,"columbia road, shoreditch",,"Columbia Road, Shoreditch",396,2022-07-06 00:19:00,2022-07-12 21:59:00,0,False
3b83368107f06aa6,"royal college street, camden town",,"Royal College Street, Camden Town",249,2022-07-06 01:12:00,2022-07-12 23:26:00,0,False
3bc4432a4693d542,"elysium place, fulham",,"Elysium Place, Fulham",140,2022-07-06 08:06:00,2022-07-12 22:29:00,0,False
3cd62f850858a687,"beaumont street, marylebone",,"Beaumont Street, Marylebone",238,2022-07-06 01:44:00,2022-07-09 17:04:00,0,False
3d0c2057d1593a58,"pancras road, king's cross",,"Pancras Road, King's Cross",271,2022-07-06 00:15:00,2022-07-12 23:47:00,0,False
3d7b86cbbb543733,"bancroft road, bethnal green",,"Bancroft Road, Bethnal Green",228,2022-07-06 06:48:00,2022-07-12 23:22:00,0,False
3d916652703ab89a,"portman square, marylebone",,"Portman Square, Marylebone",472,2022-07-06 06:59:00,2022-07-12 21:39:00,0,False
3da6a07989df877a,"st. john's road, clapham junction",,"St. John's Road, Clapham Junction",413,2022-07-06 06:20:00,2022-07-12 22:35:00,0,False
3e9985ef62d4412e,"knightsbridge, hyde park",,"Knightsbridge, Hyde Park",352,2022-07-06 08:26:00,2022-07-12 20:55:00,0,False
3ebfa647bac9e49e,"tachbrook street, victoria",,"Tachbrook Street, Victoria",366,2022-07-06 07:28:00,2022-07-12 22:31:00,0,False
3ec7a20317426768,"webber street, southwark",,"Webber Street , Southwark",337,2022-07-06 02:22:00,2022-07-12 23:22:00,0,False
3ec802a9e4428372,"great titchfield street, fitzrovia",,"Great Titchfield Street, Fitzrovia",274,2022-07-06 06:26:00,2022-07-12 20:31:00,0,False
3f5a3e281b701554,"st. mary axe, aldgate",,"St. Mary Axe, Aldgate",311,2022-07-06 05:49:00,2022-07-12 19:21:00,0,False
3f7f5ef639530bdb,"albert embankment, vauxhall",,"Albert Embankment, Vauxhall",356,2022-07-06 06:39:00,2022-07-12 23:51:00,0,False
3f8e6371be724785,"hertford road, de beauvoir town",,"Hertford Road, De Beauvoir Town",334,2022-07-06 08:59:00,2022-07-12 22:36:00,0,False
3ff2eeec3540a72b,"northfields, wandsworth",,"Northfields, Wandsworth",117,2022-07-06 00:09:00,2022-07-12 20:59:00,0,False
405f050fa690a431,"claremont square, angel",,"Claremont Square, Angel",188,2022-07-06 07:42:00,2022-07-12 23:46:00,0,False
4085be9e7d31f3e8,"sackville street, mayfair",,"Sackville Street, Mayfair",439,2022-07-06 01:06:00,2022-07-12 20:21:00,0,False
408daea21a72d3c6,"belford house, haggerston",,"Belford House, Haggerston",118,2022-07-06 05:36:00,2022-07-12 22:25:00,0,False
40c04aef6bd15fab,"ansell house, stepney",,"Ansell House, Stepney",475,2022-07-06 00:26:00,2022-07-12 23:31:00,0,False
412e9f283f0f6010,"cranmer road, stockwell",,"Cranmer Road, Stockwell",448,2022-07-06 07:30:00,2022-07-12 23:13:00,0,False
414b67684fa15ef0,"collingham gardens, earl's court",,"Collingham Gardens, Earl's Court",342,2022-07-06 07:22:00,2022-07-12 23:08:00,0,False
41a0a6074641b633,"chelsea bridge, pimlico",,"Chelsea Bridge, Pimlico",456,2022-07-06 03:11:00,2022-07-12 22:48:00,0,False
41af53271dc35eca,"charing cross hospital, hammersmith",,"Charing Cross Hospital, Hammersmith",212,2022-07-06 02:10:00,2022-07-12 21:55:00,0,False
42533f50fa13c909,"upper richmond road, putney",,"Upper Richmond Road, Putney",132,2022-07-06 00:14:00,2022-07-12 21:25:00,0,False
42ab9ea432d807a7,"cleveland gardens, bayswater",,"Cleveland Gardens, Bayswater",192,2022-07-06 07:24:00,2022-07-12 23:19:00,0,False
43157a7068425f7b,"fournier street, whitechapel",,"Fournier Street, Whitechapel",332,2022-07-06 02:26:00,2022-07-12 22:18:00,0,False
43357b895d284dbb,"park road (baker street), the regent's park",,"Park Road (Baker Street), The Regent's Park",731,2022-07-06 00:42:00,2022-07-12 23:08:00,0,False
4387ae49cff84f96,"lansdowne walk, ladbroke grove",,"Lansdowne Walk, Ladbroke Grove",106,2022-07-06 12:06:00,2022-07-12 22:40:00,0,False
4456afbafd47ebb0,"alpha grove, millwall",,"Alpha Grove, Millwall",189,2022-07-06 00:50:00,2022-07-12 22:57:00,0,False
44739233bbea3b21,"kennington oval, oval",,"Kennington Oval, Oval",304,2022-07-06 06:47:00,2022-07-12 22:33:00,0,False
44ba6852a86eeb58,"bolsover street, fitzrovia",,"Bolsover Street, Fitzrovia",481,2022-07-06 01:48:00,2022-07-12 23:06:00,0,False
44c9627b654d652e,"east road, hoxton",,"East Road, Hoxton",219,2022-07-06 01:02:00,2022-07-12 23:10:00,0,False
44d760c6c2691f61,"pitfield street north, hoxton",,"Pitfield Street North,Hoxton",561,2022-07-06 06:01:00,2022-07-12 23:34:00,0,False
44df33c2b0f07b0b,"regency street, westminster",,"Regency Street, Westminster",353,2022-07-06 07:52:00,2022-07-12 23:00:00,0,False
4514f1c2d6f6731b,"twig folly bridge, mile end",,"Twig Folly Bridge, Mile End",412,2022-07-06 00:06:00,2022-07-12 23:27:00,0,False
4590fa90b3722808,"holden street, battersea",,"Holden Street, Battersea",136,2022-07-06 14:06:00,2022-07-12 21:53:00,0,False
45915b8f58991a7b,"sumner place, south kensington",,"Sumner Place, South Kensington",283,2022-07-06 04:40:00,2022-07-12 20:39:00,0,False
45943d7e31c1a634,"eversholt street, camden town",,"Eversholt Street , Camden Town",233,2022-07-06 04:32:00,2022-07-12 21:47:00,0,False
4666bae5d49df101,"wandsworth rd, isley court, wandsworth road",,"Wandsworth Rd, Isley Court, Wandsworth Road",261,2022-07-06 06:09:00,2022-07-12 22:23:00,0,False
469f1e10096ea982,"storey's gate, westminster",,"Storey's Gate, Westminster",1134,2022-07-06 00:20:00,2022-07-12 21:03:00,0,False
473d3dc72eb02561,"chancery lane, holborn",,"Chancery Lane, Holborn",192,2022-07-06 06:14:00,2022-07-12 23:27:00,0,False
475de6a16942dfa2,"morie street, wandsworth",,"Morie Street, Wandsworth",131,2022-07-06 00:18:00,2022-07-12 21:54:00,0,False
478979061b15a7f7,"doddington grove, kennington",,"Doddington Grove, Kennington",424,2022-07-06 06:36:00,2022-07-12 23:40:00,0,False
4875590a96fe8357,"monument street, monument",,"Monument Street, Monument",610,2022-07-06 00:27:00,2022-07-12 21:56:00,0,False
48ab508d6ac22597,"wynne road, stockwell",,"Wynne Road, Stockwell",163,2022-07-06 07:13:00,2022-07-12 21:10:00,0,False
48b01e36f86d2267,"river street, clerkenwell",,"River Street , Clerkenwell",132,2022-07-06 08:32:00,2022-07-12 20:55:00,0,False
48b20b57ab3f9cc0,"smith square, westminster",,"Smith Square, Westminster",395,2022-07-06 06:48:00,2022-07-12 23:19:00,0,False
48c2550eec394a79,"austin road, battersea park",,"Austin Road, Battersea Park",439,2022-07-06 03:02:00,2022-07-12 22:55:00,0,False
48c42378c2a1ec99,"new kent road, the borough",,"New Kent Road, The Borough",271,2022-07-06 06:32:00,2022-07-12 23:13:00,0,False
48cd06921abc6821,"pritchard's road, bethnal green",,"Pritchard's Road, Bethnal Green",493,2022-07-06 02:10:00,2022-07-12 23:00:00,0,False
48e6d173e97375e1,"howland street, fitzrovia",,"Howland Street, Fitzrovia",438,2022-07-06 07:12:00,2022-07-12 21:45:00,0,False
4919522db43d24b1,"london zoo car park, the regent's park",,"London Zoo Car Park, The Regent's Park",253,2022-07-06 07:34:00,2022-07-12 22:29:00,0,False
497bd9ca245770f6,"bruton street, mayfair",,"Bruton Street, Mayfair",288,2022-07-06 08:00:00,2022-07-12 22:41:00,0,False
499d2b52b30a4f67,"rectory square, stepney",,"Rectory Square, Stepney",230,2022-07-06 06:24:00,2022-07-12 23:17:00,0,False
49a39626cef4816d,"garnet street, shadwell",,"Garnet Street, Shadwell",332,2022-07-06 00:33:00,2022-07-12 22:15:00,0,False
49cceb18fa38cdf8,"argyll road, kensington",,"Argyll Road, Kensington",265,2022-07-06 06:45:00,2022-07-12 20:44:00,0,False
49f4d17f3567b8a6,"berry street, clerkenwell",,"Berry Street, Clerkenwell",451,2022-07-06 03:45:00,2022-07-12 23:20:00,0,False
4ae5c835e2018d81,"royal london hospital, whitechapel",,"Royal London Hospital, Whitechapel",623,2022-07-06 00:06:00,2022-07-12 22:57:00,0,False
4b49addf18c73241,"star road, west kensington",,"Star Road, West Kensington",278,2022-07-06 07:06:00,2022-07-12 23:15:00,0,False
4b83a8a9fbe10ce5,"exhibition road, knightsbridge",,"Exhibition Road, Knightsbridge",838,2022-07-06 07:02:00,2022-07-12 20:46:00,0,False
4b8492e1d61fe0df,"margery street, clerkenwell",,"Margery Street, Clerkenwell",201,2022-07-06 00:09:00,2022-07-12 23:35:00,0,False
4bc7ad3bea9fd0e6,"poured lines, bankside",,"Poured Lines, Bankside",336,2022-07-06 02:45:00,2022-07-12 22:14:00,0,False
4c3ac5ad68f450de,"walworth square, walworth",,"Walworth Square, Walworth",338,2022-07-06 01:05:00,2022-07-12 23:05:00,0,False
4e10633611f5fa70,"greenberry street, st.john's wood",,"Greenberry Street, St.John's Wood",125,2022-07-06 00:17:00,2022-07-12 20:43:00,0,False
4e1668e10496fc4b,"holy trinity brompton, knightsbridge",,"Holy Trinity Brompton, Knightsbridge",467,2022-07-06 06:22:00,2022-07-12 23:10:00,0,False
4e76152f6dee2e53,"charlbert street, st. john's wood",,"Charlbert Street, St. John's Wood",212,2022-07-06 06:27:00,2022-07-12 23:00:00,0,False
4e81d9528d8edf08,"hewison street, old ford",,"Hewison Street, Old Ford",313,2022-07-06 09:10:00,2022-07-12 22:31:00,0,False
4ef6346d64ffada4,"good's way, king's cross",,"Good's Way, King's Cross",740,2022-07-06 06:53:00,2022-07-12 21:59:00,0,False
4f3a612347548f50,"kennington road, vauxhall",,"Kennington Road  , Vauxhall",302,2022-07-06 00:02:00,2022-07-12 22:39:00,0,False
4f6626442caa89e5,"birkenhead street, king's cross",,"Birkenhead Street, King's Cross",519,2022-07-06 03:52:00,2022-07-12 23:52:00,0,False
4f7b528c8e3dae88,"devonshire terrace, bayswater",,"Devonshire Terrace, Bayswater",412,2022-07-06 08:49:00,2022-07-12 19:40:00,0,False
4f842b6a76641749,"hatton wall, holborn",,"Hatton Wall, Holborn",477,2022-07-06 01:27:00,2022-07-12 23:49:00,0,False
4f94141e10596c6b,"riverlight south, nine elms",,"Riverlight South, Nine Elms",503,2022-07-06 00:03:00,2022-07-12 23:10:00,0,False
4f9831e34aa56b7a,"york way, kings cross",,"York Way, Kings Cross",281,2022-07-06 06:10:00,2022-07-12 22:43:00,0,False
5053e3e0247ed1c1,"harrowby street, marylebone",,"Harrowby Street, Marylebone",273,2022-07-06 06:55:00,2022-07-12 23:08:00,0,False
5132131db6dc515a,"charlotte terrace, angel",,"Charlotte Terrace, Angel",223,2022-07-06 07:17:00,2022-07-12 23:35:00,0,False
514a1c1a121aec7f,"coomer place, west kensington",,"Coomer Place, West Kensington",374,2022-07-06 05:20:00,2022-07-12 22:10:00,0,False
5184c9dbdf29ac8e,"albert gardens, stepney",,"Albert Gardens, Stepney",326,2022-07-06 00:21:00,2022-07-12 23:25:00,0,False
5253c84723048032,"bonner gate, victoria park",,"Bonner Gate, Victoria Park",796,2022-07-06 00:11:00,2022-07-12 23:20:00,0,False
525a2703c5925107,"humbolt road, fulham",,"Humbolt Road, Fulham",325,2022-07-06 00:09:00,2022-07-12 23:23:00,0,False
5263b5e7d033f851,"charles ii street, west end",,"Charles II Street, West End",538,2022-07-06 02:24:00,2022-07-12 23:35:00,0,False
52a49cc863511f32,"aylward street, stepney",,"Aylward Street, Stepney",158,2022-07-06 00:47:00,2022-07-12 21:49:00,0,False
52b80af01901b76e,"victoria & albert museum, south kensington",,"Victoria & Albert Museum, South Kensington",240,2022-07-06 07:56:00,2022-07-12 21:02:00,0,False
52d219c4f3cb9f1a,"george place mews, marylebone",,"George Place Mews, Marylebone",374,2022-07-06 04:58:00,2022-07-12 23:29:00,0,False
5330e32c5cba6a45,"farringdon lane, clerkenwell",,"Farringdon Lane, Clerkenwell",277,2022-07-06 06:38:00,2022-07-12 23:35:00,0,False
5353d756e809518f,"waterloo place, st. james's",,"Waterloo Place, St. James's",277,2022-07-06 06:11:00,2022-07-12 22:47:00,0,False
53853d0a7295d3f0,"abingdon green, westminster",,"Abingdon Green, Westminster",609,2022-07-06 04:42:00,2022-07-12 22:53:00,0,False
5393e0f5fb4dc69f,"colombo street, southwark",,"Colombo Street, Southwark",109,2022-07-06 07:15:00,2022-07-11 08:30:00,0,False
53c89eddb92bb509,"prince consort road, knightsbridge",,"Prince Consort Road, Knightsbridge",195,2022-07-06 07:52:00,2022-07-12 23:00:00,0,False
53e38ed0801dbc1d,"king edward walk, waterloo",,"King Edward Walk, Waterloo",131,2022-07-06 00:45:00,2022-07-12 22:01:00,0,False
5463d079d57b965e,"stewart's road, wandsworth road",,"Stewart's Road, Wandsworth Road",158,2022-07-06 00:56:00,2022-07-12 22:49:00,0,False
547d540ffa2b3746,"drayton gardens, west chelsea",,"Drayton Gardens, West Chelsea",606,2022-07-06 00:26:00,2022-07-12 23:32:00,0,False
5551f9ca489576fe,"baylis road, waterloo",,"Baylis Road, Waterloo",757,2022-07-06 03:57:00,2022-07-12 23:14:00,0,False
559f67901ebab8d3,"goldsmith's row, haggerston",,"Goldsmith's Row, Haggerston",442,2022-07-06 00:18:00,2022-07-12 23:15:00,0,False
56046750aa5340ef,"swan street, the borough",,"Swan Street, The Borough",292,2022-07-06 00:50:00,2022-07-12 23:27:00,0,False
5620b891bacdf753,"russell square station, bloomsbury",,"Russell Square Station, Bloomsbury",410,2022-07-06 06:45:00,2022-07-12 21:28:00,0,False
5642505f3be9f20e,"albany street, the regent's park",,"Albany Street, The Regent's Park",384,2022-07-06 00:04:00,2022-07-12 22:16:00,0,False
5679161486c22631,"tower wharf, bermondsey",,"Tower Wharf, Bermondsey",424,2022-07-06 06:49:00,2022-07-12 23:43:00,0,False
568d1fe0bd2e3d3c,"bourne street, belgravia",,"Bourne Street, Belgravia",393,2022-07-06 06:50:00,2022-07-12 22:31:00,0,False
56c3e84df1f10d1e,"shouldham street, marylebone",,"Shouldham Street, Marylebone",354,2022-07-06 06:41:00,2022-07-12 23:33:00,0,False
56c4ff241e50682f,"barons court station, west kensington",,"Barons Court Station, West Kensington",348,2022-07-06 00:13:00,2022-07-12 22:37:00,0,False
5741e835a6836969,"putney pier, wandsworth",,"Putney Pier, Wandsworth",353,2022-07-06 07:57:00,2022-07-12 22:47:00,0,False
574e0ade83bf2fef,"royal avenue 2, chelsea",,"Royal Avenue 2, Chelsea",494,2022-07-06 06:32:00,2022-07-12 23:24:00,0,False
5809b8345cd18653,"gas holders, battersea park",,"Gas Holders, Battersea Park",777,2022-07-06 01:41:00,2022-07-12 23:47:00,0,False
58c8a46a6afcff97,"roscoe street, st. luke's",,"Roscoe Street, St. Luke's",314,2022-07-06 00:12:00,2022-07-12 22:48:00,0,False
5968f6292ae51699,"addison road, holland park",,"Addison Road, Holland Park",159,2022-07-06 01:14:00,2022-07-12 23:22:00,0,False
596c0b19e814db1f,"green street, mayfair",,"Green Street, Mayfair",799,2022-07-06 04:01:00,2022-07-12 21:51:00,0,False
59a32dea15a2aa8c,"chesilton road, fulham",,"Chesilton Road, Fulham",367,2022-07-06 07:54:00,2022-07-12 22:55:00,0,False
59cc63db9c3b3b23,"broadwick street, soho",,"Broadwick Street, Soho",490,2022-07-06 00:08:00,2022-07-12 23:02:00,0,False
5a2c248432b626fc,"tate modern, bankside",,"Tate Modern, Bankside",486,2022-07-06 00:24:00,2022-07-12 22:02:00,0,False
5a3840b1fb28b020,"preston's road, cubitt town",,"Preston's Road, Cubitt Town",130,2022-07-06 08:19:00,2022-07-12 22:50:00,0,False
5a41b6050032a9f1,"furze green, bow",,"Furze Green, Bow",376,2022-07-06 00:21:00,2022-07-12 23:10:00,0,False
5a5ef87813067a9d,"palace gardens terrace, notting hill",,"Palace Gardens Terrace, Notting Hill",389,2022-07-06 05:37:00,2022-07-12 22:46:00,0,False
5a61000151ec0ce4,"kingsway, covent garden",,"Kingsway, Covent Garden",149,2022-07-06 00:58:00,2022-07-12 19:19:00,0,False
5a6e87aa4100e5e0,"christopher street, liverpool street",,"Christopher Street, Liverpool Street",274,2022-07-06 06:13:00,2022-07-12 22:07:00,0,False
5a902e6f3ea0d839,"rifle place, avondale",,"Rifle Place, Avondale",105,2022-07-06 08:14:00,2022-07-12 22:58:00,0,False
5b803d47765fbabe,"victory place, walworth",,"Victory Place, Walworth",253,2022-07-06 08:19:00,2022-07-12 22:12:00,0,False
5b85a5064656d271,"gloucester street, pimlico",,"Gloucester Street, Pimlico",432,2022-07-06 07:44:00,2022-07-12 22:58:00,0,False
5b9a2bca61950734,"wandsworth town station, wandsworth",,"Wandsworth Town Station, Wandsworth",400,2022-07-06 05:17:00,2022-07-12 23:17:00,0,False
5c457953405f326e,"marloes road, kensington",,"Marloes Road, Kensington",186,2022-07-06 07:35:00,2022-07-12 22:01:00,0,False
5ca7a7a961a8c85f,"fisherman's walk west, canary wharf",,"Fisherman's Walk West, Canary Wharf",347,2022-07-06 06:10:00,2022-07-12 21:29:00,0,False
5cf242de49d712f1,"craven street, strand",,"Craven Street, Strand",980,2022-07-06 01:49:00,2022-07-12 23:03:00,0,False
5cff9a9c90730488,"york hall, bethnal green",,"York Hall, Bethnal Green",384,2022-07-06 00:10:00,2022-07-12 23:40:00,0,False
5d3d59ed16fd38e5,"millbank tower, pimlico",,"Millbank Tower, Pimlico",455,2022-07-06 00:37:00,2022-07-12 21:35:00,0,False
5d460f35d0d91f39,"chepstow villas, notting hill",,"Chepstow Villas, Notting Hill",265,2022-07-06 06:00:00,2022-07-12 22:20:00,0,False
5dbd8e2de88f1412,"gloucester road (north), kensington",,"Gloucester Road (North), Kensington",430,2022-07-06 06:38:00,2022-07-12 23:34:00,0,False
5dd4d5677b225e05,"kensington town hall, kensington",,"Kensington Town Hall, Kensington",196,2022-07-06 07:37:00,2022-07-12 22:13:00,0,False
5e46dbedf21545b9,"east ferry road, cubitt town",,"East Ferry Road, Cubitt Town",144,2022-07-06 02:40:00,2022-07-12 20:24:00,0,False
5e497be3e4b0b06e,"sea containers, south bank",,"Sea Containers, South Bank",478,2022-07-06 00:47:00,2022-07-12 23:14:00,0,False
5e87d83acb9543b0,"felsham road, putney",,"Felsham Road, Putney",170,2022-07-06 08:49:00,2022-07-12 22:53:00,0,False
5f3bc4ea7c02d64b,"seymour place, marylebone",,"Seymour Place, Marylebone",256,2022-07-06 00:52:00,2022-07-12 23:40:00,0,False
5f3bd424f6468b5d,"fawcett close, battersea",,"Fawcett Close, Battersea",159,2022-07-06 07:28:00,2022-07-12 23:33:00,0,False
5f6728bf87708209,"cephas street, bethnal green",,"Cephas Street, Bethnal Green",253,2022-07-06 00:57:00,2022-07-12 23:26:00,0,False
5fb0a3e75d09425f,"holborn circus, holborn",,"Holborn Circus, Holborn",866,2022-07-06 03:45:00,2022-07-12 20:53:00,0,False
5fbc6e247a7767c5,"westfield ariel way, white city",,"Westfield Ariel Way, White City",482,2022-07-06 00:10:00,2022-07-12 23:07:00,0,False
5ff71b7b917142f9,"brunswick square, bloomsbury",,"Brunswick Square, Bloomsbury",381,2022-07-06 06:19:00,2022-07-12 21:53:00,0,False
6003ff8c59b80a14,"great suffolk street, the borough",,"Great Suffolk Street, The Borough",232,2022-07-06 00:45:00,2022-07-12 23:02:00,0,False
60e50b6d8b1c2046,"wendon street, old ford",,"Wendon Street, Old Ford",242,2022-07-06 07:05:00,2022-07-12 23:16:00,0,False
60fcc46cc2a6a9c9,"bromley high street, bow",,"Bromley High Street, Bow",229,2022-07-06 07:39:00,2022-07-12 23:34:00,0,False
61589b7611b5a790,"baldwin street, st. luke's",,"Baldwin Street, St. Luke's",452,2022-07-06 01:07:00,2022-07-12 21:54:00,0,False
61c9afcddba7775d,"ford road, old ford",,"Ford Road, Old Ford",278,2022-07-06 00:58:00,2022-07-12 22:01:00,0,False
62033c30e95eebbd,"park lane, mayfair",,"Park Lane, Mayfair",328,2022-07-06 03:21:00,2022-07-12 23:13:00,0,False
62222f7efa8aa195,"hurlingham park, parsons green",,"Hurlingham Park, Parsons Green",147,2022-07-06 07:30:00,2022-07-12 19:30:00,0,False
6273c53dedb18f67,"eel brook common, walham green",,"Eel Brook Common, Walham Green",294,2022-07-06 06:31:00,2022-07-12 23:42:00,0,False
62cef2ebd02561b2,"albert square, stockwell",,"Albert Square, Stockwell",343,2022-07-06 06:26:00,2022-07-12 22:59:00,0,False
62e026f54d5f82e4,"kennington road post office, oval",,"Kennington Road Post Office, Oval",378,2022-07-06 00:19:00,2022-07-12 22:33:00,0,False
62e6f4993d600f2a,"black lion gate, kensington gardens",,"Black Lion Gate, Kensington Gardens",1722,2022-07-06 05:46:00,2022-07-12 21:44:00,0,False
639a4ea472a23d13,"turquoise island, notting hill",,"Turquoise Island, Notting Hill",417,2022-07-06 06:20:00,2022-07-12 22:38:00,0,False
64275942670fb31f,"durant street, bethnal green",,"Durant Street, Bethnal Green",286,2022-07-06 08:32:00,2022-07-12 23:40:00,0,False
644b7affaaeb3f37,"embankment (savoy), strand",,"Embankment (Savoy), Strand",339,2022-07-06 07:14:00,2022-07-12 19:04:00,0,False
644f8f116e7fd649,"erin close, walham green",,"Erin Close, Walham Green",447,2022-07-06 06:24:00,2022-07-12 23:29:00,0,False
64c0198f97e1f5ba,"disraeli road, putney",,"Disraeli Road, Putney",196,2022-07-06 07:10:00,2022-07-12 22:16:00,0,False
64ed29717f663ad2,"the metropolitan, portobello",,"The Metropolitan, Portobello",299,2022-07-06 02:34:00,2022-07-12 23:19:00,0,False
65054869d01d9d1a,"prince albert road, the regent's park",,"Prince Albert Road, The Regent's Park",428,2022-07-06 00:47:00,2022-07-12 22:55:00,0,False
65060369452f099e,"globe town market, bethnal green",,"Globe Town Market, Bethnal Green",364,2022-07-06 00:31:00,2022-07-12 23:39:00,0,False
65419ff343eee833,"aston street, stepney",,"Aston Street, Stepney",276,2022-07-06 05:53:00,2022-07-12 23:42:00,0,False
65425e74e4fb1d93,"howick place, westminster",,"Howick Place, Westminster",530,2022-07-06 05:58:00,2022-07-12 20:18:00,0,False
65c80e9ea7096c0d,"queen's circus, battersea park",,"Queen's Circus, Battersea Park",777,2022-07-06 05:47:00,2022-07-12 22:42:00,0,False
65ccd8da304d97ba,"walmer road, avondale",,"Walmer Road, Avondale",121,2022-07-06 13:37:00,2022-07-12 21:28:00,0,False
662d1b3446dc142f,"st. john street, finsbury",,"St. John Street, Finsbury",173,2022-07-06 08:06:00,2022-07-12 23:14:00,0,False
66709659b9de415a,"scala street, fitzrovia",,"Scala Street, Fitzrovia",211,2022-07-06 06:26:00,2022-07-12 23:21:00,0,False
6678c5b4ad28de68,"battersea power station, battersea park",,"Battersea Power Station, Battersea Park",1066,2022-07-06 01:45:00,2022-07-12 22:06:00,0,False
66b713600494d704,"all saints church, portobello",,"All Saints Church, Portobello",483,2022-07-06 01:22:00,2022-07-12 22:36:00,0,False
66d963ef70ff6132,"kensington olympia station, olympia",,"Kensington Olympia Station, Olympia",254,2022-07-06 07:49:00,2022-07-12 23:29:00,0,False
66e5e7e8f3e6a786,"nantes close, wandsworth",,"Nantes Close, Wandsworth",145,2022-07-06 07:36:00,2022-07-12 21:15:00,0,False
6775f407d61354b6,"new fetter lane, holborn",,"New Fetter Lane, Holborn",327,2022-07-06 06:08:00,2022-07-12 21:27:00,0,False
677e7d73b2cba47c,"windsor terrace, hoxton",,"Windsor Terrace, Hoxton",270,2022-07-06 06:36:00,2022-07-12 21:55:00,0,False
67bd50cab63ab8f4,"warwick road, olympia",,"Warwick Road, Olympia",498,2022-07-06 07:15:00,2022-07-12 22:45:00,0,False
67e9900dc55e6f61,"clarkson street, bethnal green",,"Clarkson Street, Bethnal Green",130,2022-07-06 01:21:00,2022-07-12 22:56:00,0,False
68667db4e6299328,"mile end stadium, mile end",,"Mile End Stadium, Mile End",319,2022-07-06 01:18:00,2022-07-12 23:26:00,0,False
688abb81522edc9c,"butler place, westminster",,"Butler Place, Westminster",290,2022-07-06 06:28:00,2022-07-12 22:39:00,0,False
690d03718d4188b6,"albert gate, hyde park",,"Albert Gate, Hyde Park",1432,2022-07-06 06:28:00,2022-07-12 21:46:00,0,False
69276eba1480a6d9,"heath road, battersea",,"Heath Road, Battersea",151,2022-07-06 08:11:00,2022-07-12 23:12:00,0,False
6939ea75f4f053f9,"north wharf road, paddington",,"North Wharf Road, Paddington",292,2022-07-06 00:20:00,2022-07-12 22:54:00,0,False
69d72caf67dc4230,"emperor's gate, south kensington",,"Emperor's Gate, South Kensington",308,2022-07-06 01:40:00,2022-07-12 22:56:00,0,False
69fe2768e80dbd68,"danvers street, west chelsea",,"Danvers Street, West Chelsea",304,2022-07-06 05:19:00,2022-07-12 22:42:00,0,False
6a46a142c3c0d739,"southampton street, strand",,"Southampton Street, Strand",531,2022-07-06 06:37:00,2022-07-12 22:51:00,0,False
6a46c3a56489332c,"northumberland avenue, strand",,"Northumberland Avenue, Strand",721,2022-07-06 06:29:00,2022-07-12 23:15:00,0,False
6aa03322b74246aa,"lightermans road, millwall",,"Lightermans Road, Millwall",242,2022-07-06 06:54:00,2022-07-12 21:48:00,0,False
6aa2a3efb4cb5495,"southampton place, holborn",,"Southampton Place, Holborn",362,2022-07-06 04:42:00,2022-07-12 22:58:00,0,False
6b160da9a332571d,"bishop's bridge road west, bayswater",,"Bishop's Bridge Road West, Bayswater",467,2022-07-06 06:16:00,2022-07-12 23:43:00,0,False
6bb35a21bb52f3ad,"wellington arch, hyde park",,"Wellington Arch, Hyde Park",1800,2022-07-06 06:38:00,2022-07-12 23:09:00,0,False
6bb40c183850322c,"northington street, holborn",,"Northington Street , Holborn",318,2022-07-06 05:35:00,2022-07-12 21:02:00,0,False
6bb7499836246905,"fashion street, whitechapel",,"Fashion Street, Whitechapel",341,2022-07-06 00:40:00,2022-07-12 23:22:00,0,False
6be4f270234170e1,"heron quays dlr, canary wharf",,"Heron Quays DLR, Canary Wharf",167,2022-07-06 00:35:00,2022-07-12 10:14:00,0,False
6c4b60ea6e52a9df,"queen's gate (south), south kensington",,"Queen's Gate (South), South Kensington",428,2022-07-06 00:22:00,2022-07-12 22:40:00,0,False
6c72d855f270f8f3,"stephendale road, sands end",,"Stephendale Road, Sands End",508,2022-07-06 01:46:00,2022-07-12 23:26:00,0,False
6cb36045e1d0f35a,"crisp road, hammersmith",,"Crisp Road, Hammersmith",496,2022-07-06 07:28:00,2022-07-12 21:18:00,0,False
6cfdd9f709c3179d,"langdon park, poplar",,"Langdon Park, Poplar",112,2022-07-06 11:37:00,2022-07-12 21:37:00,0,False
6d4f711247af8870,"hoxton station, hoxton",,"Hoxton Station, Hoxton",351,2022-07-06 00:26:00,2022-07-12 23:33:00,0,False
6dc117ca83523872,"worship street, shoreditch",,"Worship Street, Shoreditch",454,2022-07-06 02:56:00,2022-07-12 20:08:00,0,False
6dd0c1b550e3902f,"victoria rise, clapham common",,"Victoria Rise, Clapham Common",359,2022-07-06 08:53:00,2022-07-12 22:55:00,0,False
6de509caf817f76b,"tallis street, temple",,"Tallis Street, Temple",252,2022-07-06 03:31:00,2022-07-12 20:06:00,0,False
6e571cf13cc53a38,"nutford place, marylebone",,"Nutford Place, Marylebone",372,2022-07-06 01:07:00,2022-07-12 22:41:00,0,False
6e81139fde883696,"fulham park road, fulham",,"Fulham Park Road, Fulham",270,2022-07-06 00:03:00,2022-07-12 23:16:00,0,False
6f3294cce96dad8a,"exhibition road museums 2, south kensington",,"Exhibition Road Museums 2, South Kensington",388,2022-07-06 07:52:00,2022-07-12 21:02:00,0,False
6f4f38732bab6625,"museum of london, barbican",,"Museum of London, Barbican",489,2022-07-06 05:38:00,2022-07-12 21:40:00,0,False
6faa3beeb07bf512,"new cavendish street, marylebone",,"New Cavendish Street, Marylebone",439,2022-07-06 06:56:00,2022-07-12 22:10:00,0,False
6fb3402e5bbd3f2e,"st. john's wood church, the regent's park",,"St. John's Wood Church, The Regent's Park",279,2022-07-06 02:16:00,2022-07-12 21:22:00,0,False
6ff7f629ef16b3de,"bayley street, bloomsbury",,"Bayley Street , Bloomsbury",472,2022-07-06 06:23:00,2022-07-12 22:30:00,0,False
7066d2feb9ed58b1,"page street, westminster",,"Page Street, Westminster",442,2022-07-06 01:53:00,2022-07-12 23:44:00,0,False
70da73f27e18767c,"st. mark's road, north kensington",,"St. Mark's Road, North Kensington",247,2022-07-06 01:43:00,2022-07-12 21:06:00,0,False
71175d49a102878e,"queen mary's, mile end",,"Queen Mary's, Mile End",300,2022-07-06 00:32:00,2022-07-12 23:36:00,0,False
71f2215a1d77e331,"surrey lane, battersea",,"Surrey Lane, Battersea",249,2022-07-06 01:07:00,2022-07-12 23:18:00,0,False
723ab54f3d2eb826,"gaywood street, elephant & castle",,"Gaywood  Street, Elephant & Castle",300,2022-07-06 00:14:00,2022-07-12 23:20:00,0,False
72daf644f0c0ca28,"cheapside, bank",,"Cheapside, Bank",912,2022-07-06 04:39:00,2022-07-12 22:54:00,0,False
72fb85861ae08dcc,"cleaver street, kennington",,"Cleaver Street, Kennington",171,2022-07-06 01:50:00,2022-07-12 23:03:00,0,False
730e382045666312,"waterloo station 3, waterloo",,"Waterloo Station 3, Waterloo",1169,2022-07-06 06:18:00,2022-07-12 22:17:00,0,False
735a13d39a71ccba,"jewry street, aldgate",,"Jewry Street, Aldgate",417,2022-07-06 06:18:00,2022-07-12 22:57:00,0,False
73cd2eb5961f0af4,"gwendwr road, west kensington",,"Gwendwr Road, West Kensington",232,2022-07-06 07:15:00,2022-07-12 22:19:00,0,False
742e4f85c9c8a0d2,"empire square, the borough",,"Empire Square, The Borough",420,2022-07-06 02:01:00,2022-07-12 22:57:00,0,False
7437977a0ed3aa2a,"upper bank street, canary wharf",,"Upper Bank Street, Canary Wharf",560,2022-07-06 05:57:00,2022-07-12 22:49:00,0,False
7461f9d78d587cf6,"sadlers sports centre, finsbury",,"Sadlers Sports Centre, Finsbury",339,2022-07-06 02:05:00,2022-07-12 23:54:00,0,False
74b5ae912f52cadd,"southwark street, bankside",,"Southwark Street, Bankside",223,2022-07-06 05:26:00,2022-07-12 21:03:00,0,False
74e4ee432d10e937,"maplin street, mile end",,"Maplin Street, Mile End",589,2022-07-06 00:53:00,2022-07-12 23:29:00,0,False
74ed9d9c3c44601e,"vereker road, west kensington",,"Vereker Road, West Kensington",366,2022-07-06 04:41:00,2022-07-12 23:17:00,0,False
75d2db22fda6f731,"st. martin's street, west end",,"St. Martin's Street, West End",382,2022-07-06 03:23:00,2022-07-12 21:45:00,0,False
762c1d2afafff438,"wells street, fitzrovia",,"Wells Street, Fitzrovia",543,2022-07-06 06:22:00,2022-07-12 23:04:00,0,False
765345c4e38bb9bc,"abbey orchard street, westminster",,"Abbey Orchard Street, Westminster",461,2022-07-06 06:19:00,2022-07-12 23:17:00,0,False
7843c342d519e76f,"kennington station, kennington",,"Kennington Station, Kennington",316,2022-07-06 00:24:00,2022-07-12 23:18:00,0,False
78b19ec47bba6579,"flamborough street, limehouse",,"Flamborough Street, Limehouse",623,2022-07-06 00:40:00,2022-07-12 23:48:00,0,False
78bd96cc0972fb35,"temple gardens, temple",,"Temple Gardens, Temple",638,2022-07-06 00:17:00,2022-07-12 23:35:00,0,False
79eabdda41197796,"park lane, hyde park",,"Park Lane , Hyde Park",908,2022-07-06 07:11:00,2022-07-12 21:50:00,0,False
79ef48e3e46cf440,"merchant street, bow",,"Merchant Street, Bow",133,2022-07-06 08:06:00,2022-07-12 21:58:00,0,False
7a08f8b68b1b2036,"grosvenor crescent, belgravia",,"Grosvenor Crescent, Belgravia",140,2022-07-06 06:50:00,2022-07-12 21:06:00,0,False
7a142e7085f733f7,"frith street, soho",,"Frith Street, Soho",546,2022-07-06 02:22:00,2022-07-12 22:45:00,0,False
7a3e1041d8d1d43f,"wapping high street, wapping",,"Wapping High Street, Wapping",276,2022-07-06 01:09:00,2022-07-12 22:04:00,0,False
7a9b55e8b7d3b9a2,"hawley crescent, camden town",,"Hawley Crescent, Camden Town",107,2022-07-06 08:59:00,2022-07-11 07:22:00,0,False
7abfbf3938ff1c9e,"sail street, vauxhall",,"Sail Street, Vauxhall",183,2022-07-06 06:39:00,2022-07-12 23:23:00,0,False
7ac677ca47a628e7,"canton street, poplar",,"Canton Street, Poplar",220,2022-07-06 00:41:00,2022-07-12 22:30:00,0,False
7afc6fdca3e79d39,"prince of wales drive, battersea park",,"Prince of Wales Drive, Battersea Park",457,2022-07-06 07:17:00,2022-07-12 23:41:00,0,False
7b040fc734aaa706,"goswell road (city uni), finsbury",,"Goswell Road (City Uni), Finsbury",172,2022-07-06 06:53:00,2022-07-12 23:12:00,0,False
7b6626f28bbe009a,"southwark station 2, southwark",,"Southwark Station 2, Southwark",259,2022-07-06 06:11:00,2022-07-12 22:55:00,0,False
7b81660cd2feafd4,"pott street, bethnal green",,"Pott Street, Bethnal Green",488,2022-07-06 00:20:00,2022-07-12 22:15:00,0,False
7b8a6850975bbdb6,"eagle wharf road, hoxton",,"Eagle Wharf Road, Hoxton",652,2022-07-06 06:59:00,2022-07-12 23:17:00,0,False
7c17330b8199fd17,"queensway, kensington gardens",,"Queensway, Kensington Gardens",638,2022-07-06 01:08:00,2022-07-12 23:15:00,0,False
7c79fe7a17af4e7c,"golden square, soho",,"Golden Square, Soho",560,2022-07-06 04:52:00,2022-07-12 23:19:00,0,False
7cccd66af467ecf8,"hammersmith road, hammersmith",,"Hammersmith Road, Hammersmith",407,2022-07-06 01:21:00,2022-07-12 23:01:00,0,False
7d22a8cdd4f2982d,"eaton square, belgravia",,"Eaton Square, Belgravia",279,2022-07-06 04:36:00,2022-07-12 22:52:00,0,False
7d819c9af43bb0aa,"farringdon street, holborn",,"Farringdon Street, Holborn",236,2022-07-06 05:30:00,2022-07-12 22:20:00,0,False
7d95cd8997beea2b,"marylebone lane, marylebone",,"Marylebone Lane, Marylebone",536,2022-07-06 06:27:00,2022-07-12 22:06:00,0,False
7dd6b440aebf4271,"colet gardens, hammersmith",,"Colet Gardens, Hammersmith",42,2022-07-06 06:30:00,2022-07-12 20:34:00,0,False
7e8057990310b2b2,"salmon lane, limehouse",,"Salmon Lane, Limehouse",376,2022-07-06 00:10:00,2022-07-12 23:47:00,0,False
7f369b4de01b5d57,"phillimore gardens, kensington",,"Phillimore Gardens, Kensington",561,2022-07-06 05:48:00,2022-07-12 22:34:00,0,False
7f4b3c28dfdeb6cd,"longford street, the regent's park",,"Longford Street, The Regent's Park",172,2022-07-06 00:22:00,2022-07-12 22:46:00,0,False
7f993811a0acc47b,"old ford road, bethnal green",,"Old Ford Road, Bethnal Green",291,2022-07-06 00:45:00,2022-07-12 23:04:00,0,False
7fdd9b7c2b0a88a3,"caldwell street, stockwell",,"Caldwell Street, Stockwell",439,2022-07-06 00:48:00,2022-07-12 23:39:00,0,False
8049df2ddd6ad598,"sandilands road, walham green",,"Sandilands Road, Walham Green",336,2022-07-06 07:37:00,2022-07-12 22:51:00,0,False
80ca2bafd296fdb5,"gloucester road station, south kensington",,"Gloucester Road Station, South Kensington",626,2022-07-06 00:21:00,2022-07-12 22:04:00,0,False
81bf5a2a40cf3521,"boston place, marylebone",,"Boston Place, Marylebone",399,2022-07-06 05:25:00,2022-07-12 23:34:00,0,False
81f25e65ab004713,"lsbu (borough road), elephant & castle",,"LSBU (Borough Road), Elephant & Castle",265,2022-07-06 04:09:00,2022-07-12 23:16:00,0,False
82199f2f63bf71c7,"princes square, bayswater",,"Princes Square, Bayswater",189,2022-07-06 07:36:00,2022-07-12 21:16:00,0,False
839c64e978432261,"queen street 2, bank",,"Queen Street 2, Bank",1123,2022-07-06 03:20:00,2022-07-12 20:42:00,0,False
845bc42f9229d61f,"smugglers way, wandsworth",,"Smugglers Way, Wandsworth",193,2022-07-06 06:40:00,2022-07-12 21:45:00,0,False
851dc006f9748b07,"fore street avenue, guildhall",,"Fore Street Avenue, Guildhall",222,2022-07-06 06:29:00,2022-07-12 22:25:00,0,False
851eb47f37663c37,"all saints' road, portobello",,"All Saints' Road, Portobello",239,2022-07-06 07:48:00,2022-07-12 22:13:00,0,False
85342a8b0e4829c8,"blythe road, olympia",,"Blythe Road, Olympia",185,2022-07-06 01:12:00,2022-07-12 23:41:00,0,False
8536a4319082511d,"claverton street, pimlico",,"Claverton Street, Pimlico",351,2022-07-06 07:06:00,2022-07-12 22:49:00,0,False
8568b40c1b06f9a5,"monier road, hackney wick",,"Monier Road, Hackney Wick",475,2022-07-06 06:50:00,2022-07-12 23:11:00,0,False
85750ba3b7ac93da,"sancroft street, vauxhall",,"Sancroft Street, Vauxhall",187,2022-07-06 08:32:00,2022-07-12 22:40:00,0,False
85bb97356ee1e8c3,"coram street, bloomsbury",,"Coram Street, Bloomsbury",194,2022-07-06 08:02:00,2022-07-12 22:22:00,0,False
85f41a03da5ebbc4,"sun street, liverpool street",,"Sun Street, Liverpool Street",375,2022-07-06 03:50:00,2022-07-12 22:58:00,0,False
880dcd924da3ba3a,"bunhill row, moorgate",,"Bunhill Row, Moorgate",540,2022-07-06 06:22:00,2022-07-12 21:38:00,0,False
88e5458acd7474f7,"cheshire street, bethnal green",,"Cheshire Street, Bethnal Green",263,2022-07-06 00:12:00,2022-07-12 23:12:00,0,False
892eeca8361c3362,"notting hill gate station, notting hill",,"Notting Hill Gate Station, Notting Hill",544,2022-07-06 00:07:00,2022-07-12 20:46:00,0,False
89402df4037f0522,"william morris way, sands end",,"William Morris Way, Sands End",334,2022-07-06 00:02:00,2022-07-12 22:05:00,0,False
899be35df3a0340d,"old montague street, whitechapel",,"Old Montague Street, Whitechapel",326,2022-07-06 04:01:00,2022-07-12 22:18:00,0,False
8a0da7ef548b8799,"houndsditch, aldgate",,"Houndsditch, Aldgate",347,2022-07-06 00:09:00,2022-07-12 22:04:00,0,False
8a1ef7696422b4ce,"kennington cross, kennington",,"Kennington Cross, Kennington",541,2022-07-06 08:12:00,2022-07-12 23:22:00,0,False
8b9a87db2abeb0ff,"hermitage court, wapping",,"Hermitage Court, Wapping",232,2022-07-06 02:11:00,2022-07-12 22:57:00,0,False
8ba66342e7a9ec38,"lee valley velopark, queen elizabeth olympic park",,"Lee Valley VeloPark, Queen Elizabeth Olympic Park",301,2022-07-06 02:40:00,2022-07-12 22:15:00,0,False
8c05c08eeecdf1ea,"golden lane, barbican",,"Golden Lane, Barbican",396,2022-07-06 07:01:00,2022-07-12 22:42:00,0,False
8c0b9c8cd0cc6d70,"grafton street, mayfair",,"Grafton Street, Mayfair",269,2022-07-06 06:12:00,2022-07-12 20:01:00,0,False
8d29c4ea68351310,"evesham street, avondale",,"Evesham Street, Avondale",106,2022-07-06 06:56:00,2022-07-12 21:22:00,0,False
8d2e80da2ffccc4f,"granby street, shoreditch",,"Granby Street, Shoreditch",499,2022-07-06 07:42:00,2022-07-12 23:36:00,0,False
8d35da6b684ddc1d,"irene road, parsons green",,"Irene Road, Parsons Green",269,2022-07-06 02:59:00,2022-07-12 22:50:00,0,False
8d671fe2056363d6,"teviot street, poplar",,"Teviot Street, Poplar",68,2022-07-06 10:16:00,2022-07-12 21:15:00,0,False
8da2f551f8b25a10,"lambeth north station, waterloo",,"Lambeth North Station, Waterloo",180,2022-07-06 00:04:00,2022-07-12 23:02:00,0,False
8ed8a121eea8de22,"foley street, fitzrovia",,"Foley Street, Fitzrovia",369,2022-07-06 00:19:00,2022-07-12 22:36:00,0,False
8ee01ad311370fd2,"palissy street, shoreditch",,"Palissy Street, Shoreditch",252,2022-07-06 06:20:00,2022-07-12 20:08:00,0,False
8f6bd7f786ebc8f6,"orbel street, battersea",,"Orbel Street, Battersea",309,2022-07-06 07:48:00,2022-07-12 22:58:00,0,False
8fbbd97a40a538aa,"imperial wharf station, sands end",,"Imperial Wharf Station, Sands End",536,2022-07-06 05:34:00,2022-07-12 23:02:00,0,False
90837d64432e5878,"new north road 1, hoxton",,"New North Road 1, Hoxton",78,2022-07-06 00:13:00,2022-07-12 22:26:00,0,False
90877d88290b1e5b,"south lambeth road, vauxhall",,"South Lambeth Road, Vauxhall",510,2022-07-06 06:41:00,2022-07-12 23:15:00,0,False
9171ca1d68ea0ec0,"theobald's road, holborn",,"Theobald's Road , Holborn",387,2022-07-06 00:39:00,2022-07-12 23:49:00,0,False
91a9ed440347e772,"burdett road, mile end",,"Burdett Road, Mile End",362,2022-07-06 01:17:00,2022-07-12 23:24:00,0,False
9374a18f161e7d3c,"woodstock street, mayfair",,"Woodstock Street, Mayfair",330,2022-07-06 06:18:00,2022-07-12 20:47:00,0,False
93807ce3291f7ff2,"world's end place, west chelsea",,"World's End Place, West Chelsea",393,2022-07-06 06:12:00,2022-07-12 23:27:00,0,False
93ab62bc3cb9c850,"bow road station, bow",,"Bow Road Station, Bow",313,2022-07-06 02:19:00,2022-07-12 23:56:00,0,False
93bc5bc532696b92,"clinton road, mile end",,"Clinton Road, Mile End",307,2022-07-06 01:54:00,2022-07-12 22:46:00,0,False
95208c035a3e2427,"maida vale, maida vale",,"Maida Vale, Maida Vale",467,2022-07-06 00:39:00,2022-07-12 23:38:00,0,False
9554fefe541783bb,"broadley terrace, marylebone",,"Broadley Terrace, Marylebone",153,2022-07-06 07:19:00,2022-07-12 21:17:00,0,False
95f8a638c20387d6,"bury place, holborn",,"Bury Place, Holborn",333,2022-07-06 06:15:00,2022-07-12 20:41:00,0,False
9657ff7e5441fe13,"dock street, wapping",,"Dock Street, Wapping",521,2022-07-06 03:16:00,2022-07-12 23:06:00,0,False
967faf2255e2ecbd,"the vale, chelsea",,"The Vale, Chelsea",503,2022-07-06 01:12:00,2022-07-12 23:07:00,0,False
96cba7770e1bd82b,"falkirk street, hoxton",,"Falkirk Street, Hoxton",267,2022-07-06 07:35:00,2022-07-12 22:57:00,0,False
96d0dfba757b7e32,"battersea church road, battersea",,"Battersea Church Road, Battersea",346,2022-07-06 00:38:00,2022-07-12 23:33:00,0,False
9711ae957ea82bd6,"buckingham gate, westminster",,"Buckingham Gate, Westminster",595,2022-07-06 00:04:00,2022-07-12 23:25:00,0,False
972d85074eea6862,"russell gardens, olympia",,"Russell Gardens, Olympia",167,2022-07-06 00:47:00,2022-07-12 23:56:00,0,False
977e55e3003daa08,"farm street, mayfair",,"Farm Street, Mayfair",232,2022-07-06 04:48:00,2022-07-12 22:01:00,0,False
97937fd2968a1732,"south park, sands end",,"South Park, Sands End",208,2022-07-06 05:58:00,2022-07-12 23:45:00,0,False
98ed891b966ff44b,"saunders ness road, cubitt town",,"Saunders Ness Road, Cubitt Town",245,2022-07-06 08:47:00,2022-07-12 20:23:00,0,False
99575c463f978ef5,"liverpool road (n1 centre), angel",,"Liverpool Road (N1 Centre), Angel",539,2022-07-06 05:01:00,2022-07-12 23:07:00,0,False
9a4eccbbc04b5791,"red lion square, holborn",,"Red Lion Square, Holborn",206,2022-07-06 05:37:00,2022-07-12 23:13:00,0,False
9a4feedeb2a58aee,"st john's crescent, brixton",,"St John's Crescent, Brixton",181,2022-07-06 00:17:00,2022-07-12 23:20:00,0,False
9ae635b1c57be252,"ashmole estate, oval",,"Ashmole Estate, Oval",282,2022-07-06 06:23:00,2022-07-12 20:01:00,0,False
9b1c1b7cf7898899,"stamford street, south bank",,"Stamford Street, South Bank",382,2022-07-06 07:58:00,2022-07-12 23:18:00,0,False
9b6b67f3c2ef3bb7,"queensdale road, shepherd's bush",,"Queensdale Road, Shepherd's Bush",134,2022-07-06 06:53:00,2022-07-12 22:03:00,0,False
9b77ae297541e92f,"ormonde gate, chelsea",,"Ormonde Gate, Chelsea",336,2022-07-06 00:22:00,2022-07-12 21:59:00,0,False
9ba17a30c4e4935c,"seville street, knightsbridge",,"Seville Street, Knightsbridge",340,2022-07-06 06:45:00,2022-07-10 14:48:00,0,False
9c105fb6c1a52136,"barbican centre, barbican",,"Barbican Centre, Barbican",344,2022-07-06 06:50:00,2022-07-12 21:40:00,0,False
9c185dbfb764cf5f,"concert hall approach 2, south bank",,"Concert Hall Approach 2, South Bank",307,2022-07-06 05:42:00,2022-07-12 22:54:00,0,False
9c336747c45dc3f5,"st. george street, mayfair",,"St. George Street, Mayfair",360,2022-07-06 05:20:00,2022-07-12 21:46:00,0,False
9c419bcc25600717,"wood street, guildhall",,"Wood Street, Guildhall",193,2022-07-06 06:13:00,2022-07-12 19:21:00,0,False
9c4a311362731671,"lisson grove, st. john's wood",,"Lisson Grove, St. John's Wood",115,2022-07-06 09:42:00,2022-07-12 21:03:00,0,False
9ca41e16b789f6e4,"bbc white city, white city",,"BBC White City, White City",311,2022-07-06 03:11:00,2022-07-12 21:56:00,0,False
9cc6f2b899e97fbd,"teversham lane, stockwell",,"Teversham Lane, Stockwell",200,2022-07-06 00:35:00,2022-07-12 22:33:00,0,False
9d0afb0185356927,"hardwick street, clerkenwell",,"Hardwick Street, Clerkenwell",125,2022-07-06 07:55:00,2022-07-12 22:57:00,0,False
9d461f338fefa5e4,"aintree street, fulham",,"Aintree Street, Fulham",351,2022-07-06 06:26:00,2022-07-12 23:22:00,0,False
9d4b1691ee526b70,"lollard street, vauxhall",,"Lollard Street, Vauxhall",347,2022-07-06 07:14:00,2022-07-12 23:31:00,0,False
9dd8e8298143ecb0,"bethnal green garden, bethnal green",,"Bethnal Green Garden, Bethnal Green",311,2022-07-06 05:03:00,2022-07-12 23:49:00,0,False
9e25f1743836a001,"nevern place, earl's court",,"Nevern Place, Earl's Court",229,2022-07-06 00:09:00,2022-07-12 23:31:00,0,False
9f19c0e8a406234c,"geraldine street, elephant & castle",,"Geraldine Street, Elephant & Castle",90,2022-07-06 09:31:00,2022-07-12 19:45:00,0,False
9f3c3df049eb1aaf,"aldersgate street, barbican",,"Aldersgate Street, Barbican",295,2022-07-06 00:11:00,2022-07-11 07:02:00,0,False
9fc8435b359819f8,"godliman street, st. paul's",,"Godliman Street, St. Paul's",441,2022-07-06 03:50:00,2022-07-12 22:47:00,0,False
9fec329df9cd24b7,"aquatic centre, queen elizabeth olympic park",,"Aquatic Centre, Queen Elizabeth Olympic Park",1485,2022-07-06 06:09:00,2022-07-12 22:39:00,0,False
a04441c00768acaf,"gauden road, clapham",,"Gauden Road, Clapham",513,2022-07-06 03:05:00,2022-07-12 22:55:00,0,False
a06366fafb422ebf,"strata, elephant & castle",,"Strata, Elephant & Castle",766,2022-07-06 05:59:00,2022-07-12 23:41:00,0,False
a0c147128902d0b3,"greyhound road, hammersmith",,"Greyhound Road, Hammersmith",357,2022-07-06 01:19:00,2022-07-12 23:49:00,0,False
a0c14901f73c40ce,"richmond way, shepherd's bush",,"Richmond Way, Shepherd's Bush",313,2022-07-06 00:30:00,2022-07-12 22:20:00,0,False
a100a98ec0feb3be,"calshot street, king's cross",,"Calshot Street , King's Cross",142,2022-07-06 02:30:00,2022-07-12 22:04:00,0,False
a1039bc5b5dcf51a,"finnis street, bethnal green",,"Finnis Street, Bethnal Green",217,2022-07-06 07:02:00,2022-07-12 23:13:00,0,False
a15f189a5e77a2f2,"finsbury circus, liverpool street",,"Finsbury Circus, Liverpool Street",722,2022-07-06 05:39:00,2022-07-12 22:24:00,0,False
a16e6b8d1252a1ab,"st. george's square, pimlico",,"St. George's Square, Pimlico",421,2022-07-06 01:05:00,2022-07-12 23:03:00,0,False
a1cccb489ae3075d,"westminster university, marylebone",,"Westminster University, Marylebone",327,2022-07-06 07:12:00,2022-07-12 22:47:00,0,False
a1d037bf99c10608,"queensbridge road, haggerston",,"Queensbridge Road, Haggerston",204,2022-07-06 05:34:00,2022-07-12 23:32:00,0,False
a20995a497e4256e,"tavistock street, covent garden",,"Tavistock Street, Covent Garden",540,2022-07-06 07:10:00,2022-07-12 22:37:00,0,False
a24a40199195277e,"queen's gate, kensington gardens",,"Queen's Gate, Kensington Gardens",1019,2022-07-06 05:31:00,2022-07-12 21:14:00,0,False
a277918aba0dbb6c,"carnegie street, king's cross",,"Carnegie Street, King's Cross",144,2022-07-06 06:05:00,2022-07-12 22:53:00,0,False
a2b89e7c3b6d93cc,"shoreditch court, haggerston",,"Shoreditch Court, Haggerston",282,2022-07-06 00:53:00,2022-07-12 23:12:00,0,False
a32201b909fd4887,"belvedere road 1, south bank",,"Belvedere Road 1, South Bank",442,2022-07-06 00:57:00,2022-07-12 23:43:00,0,False
a352935b94e31e27,"abyssinia close, clapham junction",,"Abyssinia Close, Clapham Junction",240,2022-07-06 00:05:00,2022-07-12 22:11:00,0,False
a367a637a25841f6,"cartwright gardens, bloomsbury",,"Cartwright Gardens , Bloomsbury",279,2022-07-06 01:08:00,2022-07-12 23:36:00,0,False
a371161a87bdfbc6,"finsbury square, moorgate",,"Finsbury Square , Moorgate",364,2022-07-06 00:52:00,2022-07-12 19:48:00,0,False
a415281d47e4b732,"napier avenue, millwall",,"Napier Avenue, Millwall",133,2022-07-06 07:08:00,2022-07-12 20:14:00,0,False
a431ffa51375b526,"bethnal green road, shoreditch",,"Bethnal Green Road, Shoreditch",1170,2022-07-06 04:41:00,2022-07-12 23:34:00,0,False
a49daf102a644cc2,"new road 1, whitechapel",,"New Road 1 , Whitechapel",575,2022-07-06 00:20:00,2022-07-12 23:51:00,0,False
a4b7aced360ef0e5,"east village, queen elizabeth olympic park",,"East Village, Queen Elizabeth Olympic Park",477,2022-07-06 06:48:00,2022-07-12 22:12:00,0,False
a4f285380e7648ab,"belvedere road 2, south bank",,"Belvedere Road 2, South Bank",320,2022-07-06 07:18:00,2022-07-12 23:33:00,0,False
a62747135e472754,"montserrat road, putney",,"Montserrat Road , Putney",169,2022-07-06 08:03:00,2022-07-12 20:30:00,0,False
a6ab115c6fa19b0a,"putney rail station, putney",,"Putney Rail Station, Putney",138,2022-07-06 07:35:00,2022-07-12 21:56:00,0,False
a6b3e364fd07de63,"spindrift avenue, millwall",,"Spindrift Avenue, Millwall",188,2022-07-06 01:42:00,2022-07-12 23:03:00,0,False
a6c9b406c5c177e6,"stebondale street, cubitt town",,"Stebondale Street, Cubitt Town",211,2022-07-06 12:39:00,2022-07-12 21:19:00,0,False
a78e74b067ae1607,"queen's gate (north), kensington",,"Queen's Gate (North), Kensington",381,2022-07-06 09:05:00,2022-07-12 22:47:00,0,False
a7ae71f4a4904059,"upper grosvenor street, mayfair",,"Upper Grosvenor Street, Mayfair",379,2022-07-06 01:09:00,2022-07-12 22:52:00,0,False
a83b09e4c7b54723,"spencer park, wandsworth common",,"Spencer Park, Wandsworth Common",92,2022-07-06 05:35:00,2022-07-12 22:37:00,0,False
a841c43c6d63fe32,"ashley place, victoria",,"Ashley Place, Victoria",464,2022-07-06 00:53:00,2022-07-12 22:28:00,0,False
a89129d2fbd09531,"drummond street, euston",,"Drummond Street , Euston",139,2022-07-06 05:11:00,2022-07-12 20:15:00,0,False
a9aec424fdbc2ef1,"de vere gardens, kensington",,"De Vere Gardens, Kensington",388,2022-07-06 08:23:00,2022-07-12 22:19:00,0,False
a9ca7a724b2f9f5a,"guildhouse street, victoria",,"Guildhouse Street, Victoria",202,2022-07-06 00:54:00,2022-07-12 23:09:00,0,False
a9df8b70d50ff812,"derry street, kensington",,"Derry Street, Kensington",832,2022-07-06 06:12:00,2022-07-12 23:26:00,0,False
aa32ce5d08091b0b,"woodstock grove, shepherd's bush",,"Woodstock Grove, Shepherd's Bush",430,2022-07-06 05:49:00,2022-07-12 21:52:00,0,False
aac9855f3d237ae8,"kennington lane rail bridge, vauxhall",,"Kennington Lane Rail Bridge, Vauxhall",729,2022-07-06 00:21:00,2022-07-12 22:17:00,0,False
ab1758a001e2dcef,"long lane, bermondsey",,"Long Lane , Bermondsey",361,2022-07-06 07:45:00,2022-07-12 22:58:00,0,False
abda93ac57960863,"podium, queen elizabeth olympic park",,"Podium, Queen Elizabeth Olympic Park",637,2022-07-06 06:24:00,2022-07-12 23:10:00,0,False
abf4666a5cd3e641,"carey street, holborn",,"Carey Street, Holborn",131,2022-07-06 04:32:00,2022-07-12 18:45:00,0,False
acd21f9613278622,"culvert road, battersea",,"Culvert Road, Battersea",200,2022-07-06 00:27:00,2022-07-12 20:36:00,0,False
ad84f76a72bb0357,"brick lane market, shoreditch",,"Brick Lane Market, Shoreditch",471,2022-07-06 06:29:00,2022-07-12 23:00:00,0,False
adb9871958ba558b,"bouverie street, temple",,"Bouverie Street, Temple",336,2022-07-06 01:28:00,2022-07-12 23:08:00,0,False
add8697871bf3839,"eaton square (south), belgravia",,"Eaton Square (South), Belgravia",221,2022-07-06 05:40:00,2022-07-12 22:08:00,0,False
ae56190814d30a33,"montpelier street, knightsbridge",,"Montpelier Street, Knightsbridge",600,2022-07-06 06:01:00,2022-07-12 21:17:00,0,False
af07712c8afa2672,"hereford road, bayswater",,"Hereford Road, Bayswater",326,2022-07-06 06:27:00,2022-07-12 23:53:00,0,False
af58a130b51bd051,"jubilee gardens, south bank",,"Jubilee Gardens, South Bank",828,2022-07-06 01:20:00,2022-07-12 23:01:00,0,False
af5ecf67494e6ad4,"malet street, bloomsbury",,"Malet Street, Bloomsbury",440,2022-07-06 06:56:00,2022-07-12 22:56:00,0,False
af665304a3f3f6bb,"ilchester gardens, bayswater",,"Ilchester Gardens, Bayswater",357,2022-07-06 00:35:00,2022-07-12 21:46:00,0,False
afccf516edf24a44,"everington street, fulham",,"Everington Street, Fulham",221,2022-07-06 00:33:00,2022-07-12 23:34:00,0,False
afea8c186113b0e2,"ladbroke grove central, ladbroke grove",,"Ladbroke Grove Central, Ladbroke Grove",63,2022-07-06 00:38:00,2022-07-12 19:48:00,0,False
b011b736cc3046fd,"union grove, wandsworth road",,"Union Grove, Wandsworth Road",283,2022-07-06 06:16:00,2022-07-12 22:47:00,0,False
b05794692f9626d4,"hansard mews, holland park",,"Hansard Mews, Holland Park",270,2022-07-06 03:49:00,2022-07-12 22:50:00,0,False
b0919aa97899fe90,"blackfriars road, southwark",,"Blackfriars Road, Southwark",463,2022-07-06 05:17:00,2022-07-12 20:44:00,0,False
b14a558eef1a8eb9,"dorset square, marylebone",,"Dorset Square, Marylebone",492,2022-07-06 06:18:00,2022-07-12 22:05:00,0,False
b2543d42276371d5,"clarence walk, stockwell",,"Clarence Walk, Stockwell",200,2022-07-06 03:45:00,2022-07-12 20:07:00,0,False
b2e98bc2fb2cabc7,"bow church station, bow",,"Bow Church Station, Bow",432,2022-07-06 00:23:00,2022-07-12 23:27:00,0,False
b3d7757e93ae9883,"here east south, queen elizabeth olympic park",,"Here East South, Queen Elizabeth Olympic Park",74,2022-07-06 16:45:00,2022-07-12 20:17:00,0,False
b438d0a42374364d,"alderney street, pimlico",,"Alderney Street, Pimlico",494,2022-07-06 06:54:00,2022-07-12 22:50:00,0,False
b50c8f9d3710ff08,"exhibition road museums 1, south kensington",,"Exhibition Road Museums 1, South Kensington",387,2022-07-06 03:20:00,2022-07-12 22:13:00,0,False
b51b4a7da57b5888,"ingrave street, clapham junction",,"Ingrave Street, Clapham Junction",128,2022-07-06 00:24:00,2022-07-12 23:08:00,0,False
b5243dbe0e61281b,"st mary's hospital, paddington",,"St Mary's Hospital, Paddington",607,2022-07-06 01:11:00,2022-07-12 23:18:00,0,False
b5857a89989e3bbf,"paddington green, paddington",,"Paddington Green, Paddington",103,2022-07-06 01:39:00,2022-07-12 18:08:00,0,False
b608d218947f5284,"walnut tree walk, vauxhall",,"Walnut Tree Walk, Vauxhall",329,2022-07-06 07:17:00,2022-07-12 23:34:00,0,False
b63b3d8a341419e5,"lord's, st. john's wood",,"Lord's, St. John's Wood",92,2022-07-06 07:36:00,2022-07-12 21:19:00,0,False
b77e53e726dbac62,"great tower street, monument",,"Great Tower Street, Monument",812,2022-07-06 05:54:00,2022-07-12 22:57:00,0,False
b79ef3649e45783e,"warwick avenue station, maida vale",,"Warwick Avenue Station, Maida Vale",500,2022-07-06 00:15:00,2022-07-12 23:46:00,0,False
b7a1394a8e5ae6ba,"kings gate house, westminster",,"Kings Gate House, Westminster",257,2022-07-06 00:42:00,2022-07-12 19:58:00,0,False
b7d4d16aa051b5ae,"jubilee plaza, canary wharf",,"Jubilee Plaza, Canary Wharf",552,2022-07-06 05:26:00,2022-07-12 22:56:00,0,False
b7fb14104f69f2ec,"ethelburga estate, battersea park",,"Ethelburga Estate, Battersea Park",837,2022-07-06 02:29:00,2022-07-12 23:29:00,0,False
babae984a586708a,"millharbour, millwall",,"Millharbour, Millwall",100,2022-07-06 01:20:00,2022-07-12 19:58:00,0,False
bafb744e493b5848,"snow hill, farringdon",,"Snow Hill, Farringdon",222,2022-07-06 04:17:00,2022-07-12 21:57:00,0,False
bb7a033b480ae907,"southwick street, paddington",,"Southwick Street, Paddington",273,2022-07-06 05:11:00,2022-07-12 20:10:00,0,False
bc0d40b1caf21467,"lexham gardens, kensington",,"Lexham Gardens, Kensington",342,2022-07-06 07:32:00,2022-07-12 22:15:00,0,False
bc56e6f9b4c00f78,"bedford way, bloomsbury",,"Bedford Way, Bloomsbury",157,2022-07-06 08:07:00,2022-07-12 22:51:00,0,False
bc5a711adcc974e9,"houghton street, strand",,"Houghton Street, Strand",225,2022-07-06 06:36:00,2022-07-12 22:07:00,0,False
bc75f5f7ab84ef5c,"british museum, bloomsbury",,"British Museum, Bloomsbury",453,2022-07-06 07:22:00,2022-07-12 22:42:00,0,False
bc80bd4f9525cd2e,"hollybush gardens, bethnal green",,"Hollybush Gardens, Bethnal Green",182,2022-07-06 07:17:00,2022-07-12 23:19:00,0,False
bc90ee8d772637ee,"jubilee street, stepney",,"Jubilee Street, Stepney",261,2022-07-06 08:30:00,2022-07-12 23:00:00,0,False
bcb62ef25ab8d1f9,"usk road, clapham junction",,"Usk Road, Clapham Junction",318,2022-07-06 00:27:00,2022-07-12 23:10:00,0,False
bd5f760350d7991f,"southerton road, hammersmith",,"Southerton Road, Hammersmith",339,2022-07-06 06:54:00,2022-07-12 21:21:00,0,False
bd658978b776e391,"reardon street, wapping",,"Reardon Street, Wapping",299,2022-07-06 00:08:00,2022-07-12 22:38:00,0,False
bdbecff94548d000,"lots road, west chelsea",,"Lots Road, West Chelsea",278,2022-07-06 03:04:00,2022-07-12 23:42:00,0,False
bdcb992e2ad1f364,"alma road, wandsworth",,"Alma Road, Wandsworth",165,2022-07-06 02:12:00,2022-07-12 23:08:00,0,False
be46596c9769480f,"leonard circus, shoreditch",,"Leonard Circus , Shoreditch",479,2022-07-06 07:10:00,2022-07-12 22:39:00,0,False
be485d48f6f50f96,"curlew street, shad thames",,"Curlew Street, Shad Thames",500,2022-07-06 07:35:00,2022-07-12 23:03:00,0,False
bf4a8185fbb183de,"michael road, walham green",,"Michael Road, Walham Green",253,2022-07-06 00:38:00,2022-07-12 22:27:00,0,False
bf564e92a35d7a2a,"imperial college, knightsbridge",,"Imperial College, Knightsbridge",446,2022-07-06 00:30:00,2022-07-12 20:58:00,0,False
bf6e380fe667e869,"newgate street, st. paul's",,"Newgate Street , St. Paul's",685,2022-07-06 05:05:00,2022-07-12 20:59:00,0,False
bfc9126b09db11c1,"vauxhall bridge, pimlico",,"Vauxhall Bridge , Pimlico",254,2022-07-06 00:27:00,2022-07-12 23:44:00,0,False
bffa099347ab8c29,"baker street, marylebone",,"Baker Street, Marylebone",383,2022-07-06 05:42:00,2022-07-12 23:03:00,0,False
c02e84107de2b7ef,"bishop's bridge road east, bayswater",,"Bishop's Bridge Road East, Bayswater",154,2022-07-06 00:02:00,2022-07-12 22:51:00,0,False
c0ac250cc92ed0c8,"bath street, st. luke's",,"Bath Street, St. Luke's",448,2022-07-06 03:50:00,2022-07-12 23:14:00,0,False
c0c8a9da27c9f9a6,"cadogan gardens, chelsea",,"Cadogan Gardens, Chelsea",598,2022-07-06 07:04:00,2022-07-12 22:49:00,0,False
c175880acc29a331,"philpot street, whitechapel",,"Philpot Street, Whitechapel",319,2022-07-06 00:49:00,2022-07-12 23:01:00,0,False
c1af53f88ed4b36d,"nesham street, wapping",,"Nesham Street, Wapping",545,2022-07-06 06:14:00,2022-07-12 23:49:00,0,False
c1d94312c8e7fec1,"campden hill road, notting hill",,"Campden Hill Road, Notting Hill",120,2022-07-06 07:37:00,2022-07-12 22:33:00,0,False
c1ef9189a14c4254,"new globe walk, bankside",,"New Globe Walk, Bankside",367,2022-07-06 01:08:00,2022-07-12 23:48:00,0,False
c214d9dd3593beee,"finsbury leisure centre, st. luke's",,"Finsbury Leisure Centre, St. Luke's",519,2022-07-06 00:29:00,2022-07-12 22:16:00,0,False
c29d49868df48cdb,"esmond street, putney",,"Esmond Street, Putney",88,2022-07-06 05:21:00,2022-07-12 21:43:00,0,False
c2c811686d0658cc,"ashley crescent, battersea",,"Ashley Crescent, Battersea",337,2022-07-06 07:18:00,2022-07-12 23:19:00,0,False
c3055b44b33a9de5,"ontario street, elephant & castle",,"Ontario Street, Elephant & Castle",412,2022-07-06 03:34:00,2022-07-12 23:12:00,0,False
c3083ea92d89ae1d,"stanley grove, battersea",,"Stanley Grove, Battersea",193,2022-07-06 10:20:00,2022-07-12 21:17:00,0,False
c3bbac7ba4f7c6ee,"bridge avenue, hammersmith",,"Bridge Avenue, Hammersmith",415,2022-07-06 06:21:00,2022-07-12 23:31:00,0,False
c410c27351904653,"sopwith way, battersea park",,"Sopwith Way, Battersea Park",610,2022-07-06 00:24:00,2022-07-12 22:10:00,0,False
c47bb579f7bf9646,"shadwell station, shadwell",,"Shadwell Station, Shadwell",441,2022-07-06 05:57:00,2022-07-12 23:19:00,0,False
c49052a00f008ed9,"parsons green station, parsons green",,"Parsons Green Station, Parsons Green",433,2022-07-06 03:03:00,2022-07-12 22:35:00,0,False
c4b7ecec619d62d3,"ranelagh gardens, fulham",,"Ranelagh Gardens, Fulham",228,2022-07-06 06:00:00,2022-07-12 21:57:00,0,False
c4bb28620a091c77,"grant road east, clapham junction",,"Grant Road East, Clapham Junction",355,2022-07-06 05:21:00,2022-07-12 23:18:00,0,False
c4bc284729990d01,"harrington square 1, camden town",,"Harrington Square 1, Camden Town",295,2022-07-06 01:19:00,2022-07-12 22:34:00,0,False
c4be626482a0da27,"orsett terrace, bayswater",,"Orsett Terrace, Bayswater",93,2022-07-06 01:05:00,2022-07-12 23:38:00,0,False
c507d18fcde9d494,"wren street, holborn",,"Wren Street, Holborn",242,2022-07-06 06:40:00,2022-07-12 23:09:00,0,False
c579b9e79e89d251,"fire brigade pier, vauxhall",,"Fire Brigade Pier, Vauxhall",421,2022-07-06 06:23:00,2022-07-12 22:57:00,0,False
c614aa9929181676,"grosvenor road, pimlico",,"Grosvenor Road, Pimlico",247,2022-07-06 00:52:00,2022-07-12 23:29:00,0,False
c6248eac73b2be3b,"clifford street, mayfair",,"Clifford Street, Mayfair",279,2022-07-06 05:31:00,2022-07-12 19:47:00,0,False
c641886fffc32026,"sedding street, sloane square",,"Sedding Street, Sloane Square",760,2022-07-06 05:42:00,2022-07-12 23:09:00,0,False
c6600cc2d09e5f38,"chadwell street, angel",,"Chadwell Street, Angel",294,2022-07-06 07:39:00,2022-07-12 23:28:00,0,False
c6e964658092246a,"bell lane, liverpool street",,"Bell Lane, Liverpool Street",397,2022-07-06 06:49:00,2022-07-12 23:08:00,0,False
c6ff6ae5d828d958,"shoreditch high street, shoreditch",,"Shoreditch High Street, Shoreditch",852,2022-07-06 06:37:00,2022-07-12 22:53:00,0,False
c76d58ac9e04c1fe,"new north road 2, hoxton",,"New North Road 2, Hoxton",145,2022-07-06 00:45:00,2022-07-12 23:07:00,0,False
c825d900ebf7bdb1,"canada water station, rotherhithe",,"Canada Water Station, Rotherhithe",457,2022-07-06 08:12:00,2022-07-12 22:36:00,0,False
c8e3dd1494f74298,"macclesfield rd, st lukes",,"Macclesfield Rd, St Lukes",466,2022-07-06 06:56:00,2022-07-12 23:12:00,0,False
c91087073cc688a8,"neville gill close, wandsworth",,"Neville Gill Close, Wandsworth",233,2022-07-06 04:25:00,2022-07-12 21:09:00,0,False
c9290ac1aa5e4e37,"princedale road, holland park",,"Princedale Road , Holland Park",245,2022-07-06 07:03:00,2022-07-12 22:33:00,0,False
c929637a5b9a7ad7,"ram street, wandsworth",,"Ram Street, Wandsworth",485,2022-07-06 06:21:00,2022-07-12 23:17:00,0,False
c9b2bab28956ebc4,"old quebec street, marylebone",,"Old Quebec Street, Marylebone",938,2022-07-06 00:51:00,2022-07-12 23:52:00,0,False
ca23b8bcf5fba1d5,"lancaster drive, blackwall",,"Lancaster Drive, Blackwall",131,2022-07-06 02:46:00,2022-07-12 20:07:00,0,False
cbaee723393aa8b1,"percival street, finsbury",,"Percival Street, Finsbury",229,2022-07-06 00:32:00,2022-07-12 22:02:00,0,False
cbb693a5ed6c987b,"blythe road west, shepherd's bush",,"Blythe Road West, Shepherd's Bush",207,2022-07-06 00:43:00,2022-07-12 19:03:00,0,False
cc7724938ae61ad2,"aberdeen place, st. john's wood",,"Aberdeen Place, St. John's Wood",236,2022-07-06 06:25:00,2022-07-12 22:56:00,0,False
cc79d026d75cc449,"abingdon villas, kensington",,"Abingdon Villas, Kensington",182,2022-07-06 00:43:00,2022-07-12 22:45:00,0,False
cc90f17489a371f8,"waterloo road, south bank",,"Waterloo Road, South Bank",269,2022-07-06 04:10:00,2022-07-12 22:29:00,0,False
ccefc861ac066061,"gunmakers lane, old ford",,"Gunmakers Lane, Old Ford",397,2022-07-06 07:37:00,2022-07-12 22:36:00,0,False
cd429b14ace9dd25,"westbourne grove, bayswater",,"Westbourne Grove, Bayswater",381,2022-07-06 00:07:00,2022-07-12 22:36:00,0,False
cdbf969d6f0f55d3,"stanhope gate, mayfair",,"Stanhope Gate, Mayfair",243,2022-07-06 07:23:00,2022-07-12 19:01:00,0,False
cdc6f04320a111c3,"greycoat street, westminster",,"Greycoat Street , Westminster",161,2022-07-06 07:40:00,2022-07-12 23:00:00,0,False
cdde3adea8587e51,"tooley street, bermondsey",,"Tooley Street, Bermondsey",1341,2022-07-06 00:28:00,2022-07-12 23:36:00,0,False
cdf83facb2c91dce,"george street, marylebone",,"George Street, Marylebone",385,2022-07-06 06:31:00,2022-07-12 21:14:00,0,False
ce99583c3a5ff2ed,"hartington road, stockwell",,"Hartington Road, Stockwell",366,2022-07-06 00:05:00,2022-07-12 23:20:00,0,False
ceb99a45e6ad9299,"palace gate, kensington gardens",,"Palace Gate, Kensington Gardens",1064,2022-07-06 05:15:00,2022-07-12 22:08:00,0,False
cecf732613f566d5,"st. peter's terrace, fulham",,"St. Peter's Terrace, Fulham",279,2022-07-06 08:11:00,2022-07-12 18:38:00,0,False
cee8d90c74d35440,"moorfields, moorgate",,"Moorfields, Moorgate",526,2022-07-06 05:37:00,2022-07-12 23:39:00,0,False
cf0ac04cbc139e62,"clapham common station, clapham common",,"Clapham Common Station, Clapham Common",802,2022-07-06 01:53:00,2022-07-12 22:59:00,0,False
cf1582a7b793cab2,"denyer street, knightsbridge",,"Denyer Street, Knightsbridge",149,2022-07-06 01:37:00,2022-07-12 22:39:00,0,False
cf295e90e1c7217d,"parson's green, parson's green",,"Parson's Green , Parson's Green",446,2022-07-06 00:04:00,2022-07-12 23:46:00,0,False
cf5362b4704bcb74,"vincent street, pimlico",,"Vincent Street, Pimlico",326,2022-07-06 06:10:00,2022-07-12 23:30:00,0,False
cfa546e6d049ce76,"endsleigh gardens, euston",,"Endsleigh Gardens, Euston",426,2022-07-06 05:04:00,2022-07-12 22:24:00,0,False
d085280f916998a6,"bricklayers arms, borough",,"Bricklayers Arms, Borough",454,2022-07-06 06:31:00,2022-07-12 23:34:00,0,False
d10bdef5f01d85eb,"flood street, chelsea",,"Flood Street, Chelsea",625,2022-07-06 06:25:00,2022-07-12 23:16:00,0,False
d131c821159c7a51,"limburg road, clapham junction",,"Limburg Road, Clapham Junction",130,2022-07-06 08:37:00,2022-07-12 20:38:00,0,False
d13a67a6426a9fc9,"park street, bankside",,"Park Street, Bankside",301,2022-07-06 07:25:00,2022-07-12 20:27:00,0,False
d140f22add422d9e,"king edward street, st pauls",,"King Edward Street, St Pauls",194,2022-07-06 05:32:00,2022-07-12 19:44:00,0,False
d2a3ccd8f3da614d,"finlay street, fulham",,"Finlay Street, Fulham",306,2022-07-06 09:15:00,2022-07-12 23:07:00,0,False
d2d9ed3f0194d3f7,"tyers gate, bermondsey",,"Tyers Gate, Bermondsey",298,2022-07-06 00:09:00,2022-07-12 23:20:00,0,False
d37ce2e18c67eaf7,"old brompton road, south kensington",,"Old Brompton Road, South Kensington",449,2022-07-06 01:13:00,2022-07-12 22:48:00,0,False
d3e65cd48d6bb9b1,"clarges street, mayfair",,"Clarges Street, Mayfair",171,2022-07-06 06:33:00,2022-07-12 18:33:00,0,False
d40eef298e175503,"cadogan place, knightsbridge",,"Cadogan Place, Knightsbridge",456,2022-07-06 06:11:00,2022-07-12 23:13:00,0,False
d42922e6a2ebfac7,"vauxhall cross, vauxhall",,"Vauxhall Cross, Vauxhall",863,2022-07-06 01:14:00,2022-07-12 23:31:00,0,False
d42ed5e8e9ac93a5,"cleveland way, stepney",,"Cleveland Way, Stepney",656,2022-07-06 00:10:00,2022-07-12 23:27:00,0,False
d534cf70d2945125,"hortensia road, west brompton",,"Hortensia Road, West Brompton",345,2022-07-06 06:50:00,2022-07-12 23:54:00,0,False
d53695596b89c0d2,"west cromwell road, earl's court",,"West Cromwell Road, Earl's Court",299,2022-07-06 01:18:00,2022-07-12 23:37:00,0,False
d5642f14c4bb14ae,"killick street, king's cross",,"Killick Street, King's Cross",116,2022-07-06 07:00:00,2022-07-12 20:38:00,0,False
d60a54b8137d68dd,"queen's gate (central), south kensington",,"Queen's Gate (Central), South Kensington",266,2022-07-06 06:58:00,2022-07-12 22:07:00,0,False
d65a259c6c7a92f7,"thorndike close, west chelsea",,"Thorndike Close, West Chelsea",210,2022-07-06 07:06:00,2022-07-12 22:23:00,0,False
d6ecf0924779bf77,"harcourt terrace, west brompton",,"Harcourt Terrace, West Brompton",480,2022-07-06 07:04:00,2022-07-12 23:24:00,0,False
d71cf8ec3cfc6635,"wright's lane, kensington",,"Wright's Lane, Kensington",589,2022-07-06 06:06:00,2022-07-12 23:06:00,0,False
d72ac3fcd6a67f53,"newby place, poplar",,"Newby Place, Poplar",93,2022-07-06 00:55:00,2022-07-12 17:39:00,0,False
d9219c208a265143,"queen mother sports centre, victoria",,"Queen Mother Sports Centre, Victoria",476,2022-07-06 00:35:00,2022-07-12 23:27:00,0,False
d99bdee5a3ec74d0,"waterloo bridge, south bank",,"Waterloo Bridge, South Bank",224,2022-07-06 07:31:00,2022-07-12 22:27:00,0,False
d99cb4192b35a630,"gloucester road (central), south kensington",,"Gloucester Road (Central), South Kensington",273,2022-07-06 00:03:00,2022-07-12 23:08:00,0,False
d9baa5c81ba7ff5e,"limerston street, west chelsea",,"Limerston Street, West Chelsea",856,2022-07-06 06:09:00,2022-07-12 23:38:00,0,False
da6e17f3ce2cd07d,"whiston road, haggerston",,"Whiston Road, Haggerston",195,2022-07-06 01:55:00,2022-07-12 23:25:00,0,False
da70789dd37a2f9e,"fulham broadway, walham green",,"Fulham Broadway, Walham Green",851,2022-07-06 01:05:00,2022-07-12 23:16:00,0,False
dad1671748602d3e,"warren street station, euston",,"Warren Street Station, Euston",794,2022-07-06 01:46:00,2022-07-12 22:48:00,0,False
daeb1203f96db980,"rodney road, walworth",,"Rodney Road , Walworth",379,2022-07-06 07:41:00,2022-07-12 22:44:00,0,False
daf94f48e5fbcb37,"cromer street, bloomsbury",,"Cromer Street, Bloomsbury",187,2022-07-06 07:59:00,2022-07-12 22:58:00,0,False
db21d9dd2cf421c1,"bankside mix, bankside",,"Bankside Mix, Bankside",377,2022-07-06 04:58:00,2022-07-12 21:12:00,0,False
db34c68d013f5c3d,"union street, the borough",,"Union Street, The Borough",353,2022-07-06 00:11:00,2022-07-12 22:03:00,0,False
db4be575c619c9b0,"pennington street, wapping",,"Pennington Street, Wapping",46,2022-07-08 20:59:00,2022-07-12 23:26:00,0,False
dbd52aa11b3e6b4c,"clifton street, shoreditch",,"Clifton Street, Shoreditch",213,2022-07-06 06:37:00,2022-07-12 22:25:00,0,False
dc2226f384228caa,"gascoyne road, victoria park",,"Gascoyne Road, Victoria Park",457,2022-07-06 07:27:00,2022-07-12 23:13:00,0,False
dcfba07b70880b3c,"arlington road, camden town",,"Arlington Road, Camden Town",271,2022-07-06 01:00:00,2022-07-12 21:07:00,0,False
de3776ee58face35,"grosvenor square, mayfair",,"Grosvenor Square, Mayfair",711,2022-07-06 06:06:00,2022-07-12 22:45:00,0,False
dec9ef9b2355c0d6,"northdown street, king's cross",,"Northdown Street, King's Cross",201,2022-07-06 07:54:00,2022-07-12 22:04:00,0,False
dfec889f3bc53725,"bell street, marylebone",,"Bell Street , Marylebone",232,2022-07-06 00:02:00,2022-07-12 23:19:00,0,False
dff235c7eb7dc56c,"antill road, mile end",,"Antill Road, Mile End",239,2022-07-06 00:21:00,2022-07-12 22:03:00,0,False
e01c952d63bb949f,"crinan street, king's cross",,"Crinan Street, King's Cross",190,2022-07-06 05:43:00,2022-07-12 21:36:00,0,False
e07a8d15bd08cc57,"rathbone street, fitzrovia",,"Rathbone Street, Fitzrovia",269,2022-07-06 07:11:00,2022-07-12 18:12:00,0,False
e08405e3204349a2,"concert hall approach 1, south bank",,"Concert Hall Approach 1, South Bank",302,2022-07-06 07:52:00,2022-07-12 21:19:00,0,False
e0ec1594ee7cb641,"crawford street, marylebone",,"Crawford Street, Marylebone",464,2022-07-06 00:06:00,2022-07-12 21:48:00,0,False
e0f5157bfa21ebcd,"selby street, whitechapel",,"Selby Street, Whitechapel",242,2022-07-06 05:14:00,2022-07-12 23:33:00,0,False
e1086f91614f1f41,"normandy road, stockwell",,"Normandy Road, Stockwell",349,2022-07-06 05:42:00,2022-07-12 21:51:00,0,False
e1200139364a3df3,"regent's row, haggerston",,"Regent's Row , Haggerston ",1081,2022-07-06 03:48:00,2022-07-12 23:50:00,0,False
e1878d103b8edc98,"westbridge road, battersea",,"Westbridge Road, Battersea",563,2022-07-06 00:48:00,2022-07-12 22:56:00,0,False
e1d7e6b426cd6d70,"george row, bermondsey",,"George Row, Bermondsey",402,2022-07-06 05:51:00,2022-07-12 21:13:00,0,False
e1d9f4fd72997d90,"fanshaw street, hoxton",,"Fanshaw Street, Hoxton",455,2022-07-06 02:06:00,2022-07-12 22:29:00,0,False
e2b3590f1cc302ab,"rotherhithe roundabout, rotherhithe",,"Rotherhithe Roundabout, Rotherhithe",272,2022-07-06 06:52:00,2022-07-12 21:20:00,0,False
e2d872fdcbcd523e,"westminster pier, westminster",,"Westminster Pier, Westminster",1384,2022-07-06 00:36:00,2022-07-12 23:30:00,0,False
e40a583c6d2577d7,"south wharf road, paddington",,"South Wharf Road, Paddington",468,2022-07-06 00:41:00,2022-07-12 22:02:00,0,False
e43117b031a24a3f,"westbourne park road, portobello",,"Westbourne Park Road, Portobello",235,2022-07-06 01:07:00,2022-07-12 23:40:00,0,False
e44e405bbb0e26d7,"charlotte street, fitzrovia",,"Charlotte Street, Fitzrovia",395,2022-07-06 05:58:00,2022-07-12 20:54:00,0,False
e481ee4827e3987b,"ilchester place, kensington",,"Ilchester Place, Kensington",113,2022-07-06 07:40:00,2022-07-12 21:44:00,0,False
e485080e6ca88718,"belgrave square, belgravia",,"Belgrave Square, Belgravia",265,2022-07-06 07:31:00,2022-07-12 22:13:00,0,False
e49a4be4583c9e88,"little argyll street, west end",,"Little Argyll Street, West End",1216,2022-07-06 01:44:00,2022-07-12 21:42:00,0,False
e4d08ba016a7905b,"elizabeth bridge, victoria",,"Elizabeth Bridge, Victoria",547,2022-07-06 01:23:00,2022-07-12 22:32:00,0,False
e4e9991b45858118,"euston square gardens, euston",,"Euston Square Gardens, Euston",162,2022-07-06 06:20:00,2022-07-12 21:33:00,0,False
e549586f7134f975,"manbre road, hammersmith",,"Manbre Road, Hammersmith",203,2022-07-06 00:31:00,2022-07-12 23:21:00,0,False
e5a8e5843d87bc96,"waterloo station 2, waterloo",,"Waterloo Station 2, Waterloo",428,2022-07-06 07:29:00,2022-07-12 22:17:00,0,False
e5d2c930b2b6baef,"lansdowne drive, hackney central",,"Lansdowne Drive, Hackney Central",298,2022-07-06 08:32:00,2022-07-12 22:41:00,0,False
e600ad9fab46d972,"putney bridge station, fulham",,"Putney Bridge Station, Fulham",250,2022-07-06 00:19:00,2022-07-12 23:14:00,0,False
e64624c31da0ee75,"lambeth road, vauxhall",,"Lambeth Road, Vauxhall",267,2022-07-06 00:35:00,2022-07-12 23:26:00,0,False
e654191b0e675704,"osiers road, wandsworth",,"Osiers Road, Wandsworth",249,2022-07-06 06:51:00,2022-07-12 23:45:00,0,False
e6a0fca359674f8b,"bayswater road, hyde park",,"Bayswater Road, Hyde Park",1009,2022-07-06 02:10:00,2022-07-12 23:05:00,0,False
e6c717b9bafe16df,"thurtle road, haggerston",,"Thurtle road, Haggerston",107,2022-07-06 07:40:00,2022-07-12 22:26:00,0,False
e7009df9a518fb2a,"knaresborough place, earl's court",,"Knaresborough Place, Earl's Court",323,2022-07-06 07:46:00,2022-07-12 22:34:00,0,False
e71469405a815a07,"harford street, mile end",,"Harford Street, Mile End",181,2022-07-06 01:25:00,2022-07-12 23:17:00,0,False
e73ecb4471a1b0ae,"newton street, covent garden",,"Newton Street, Covent Garden",217,2022-07-06 07:28:00,2022-07-12 22:26:00,0,False
e7a7d59ea4d0f622,"brushfield street, liverpool street",,"Brushfield Street, Liverpool Street",1278,2022-07-06 02:12:00,2022-07-12 23:37:00,0,False
e85ae4499436830a,"halford road, west kensington",,"Halford Road, West Kensington",403,2022-07-06 06:34:00,2022-07-12 23:23:00,0,False
e85bd76388176049,"curzon street, mayfair",,"Curzon Street, Mayfair",422,2022-07-06 00:32:00,2022-07-12 21:44:00,0,False
e8f42cf514448a65,"drury lane, covent garden",,"Drury Lane, Covent Garden",717,2022-07-06 02:42:00,2022-07-12 21:58:00,0,False
e98c604a2c9bd126,"braham street, aldgate",,"Braham Street, Aldgate",603,2022-07-06 06:05:00,2022-07-12 23:41:00,0,False
e9c58156887324ed,"mostyn grove, bow",,"Mostyn Grove, Bow",256,2022-07-06 00:54:00,2022-07-12 23:20:00,0,False
ea97ba5f045b666f,"store street, bloomsbury",,"Store Street, Bloomsbury",372,2022-07-06 05:51:00,2022-07-12 21:11:00,0,False
ead302562a46752e,"pitfield street central, hoxton",,"Pitfield Street Central, Hoxton",209,2022-07-06 01:28:00,2022-07-12 23:33:00,0,False
eafd9cf8752305b6,"west kensington station, west kensington",,"West Kensington Station, West Kensington",316,2022-07-06 00:02:00,2022-07-12 23:23:00,0,False
eb4f1cbe4d1a685c,"plough terrace, clapham junction",,"Plough Terrace, Clapham Junction",173,2022-07-06 09:34:00,2022-07-12 23:02:00,0,False
ecf6f64bb780be0f,"silverthorne road, battersea",,"Silverthorne Road, Battersea",301,2022-07-06 06:07:00,2022-07-12 22:43:00,0,False
ed78f24dc9daea5e,"gloucester avenue, camden town",,"Gloucester Avenue, Camden Town",321,2022-07-06 00:55:00,2022-07-12 22:55:00,0,False
edcc8b9f469022b9,"grenfell road, avondale",,"Grenfell Road, Avondale",131,2022-07-06 07:42:00,2022-07-12 21:25:00,0,False
ee1a4e21c8520f77,"here east north, queen elizabeth olympic park",,"Here East North, Queen Elizabeth Olympic Park",162,2022-07-06 06:42:00,2022-07-12 22:24:00,0,False
ee9ba14cd5681406,"ackroyd drive, bow",,"Ackroyd Drive, Bow",274,2022-07-06 08:36:00,2022-07-12 23:40:00,0,False
eecbf56aadb1806e,"hyde park corner, hyde park",,"Hyde Park Corner, Hyde Park",2386,2022-07-06 06:10:00,2022-07-12 22:50:00,0,False
ef2b7eee03779b4d,"clerkenwell green, clerkenwell",,"Clerkenwell Green, Clerkenwell",485,2022-07-06 00:45:00,2022-07-12 22:20:00,0,False
ef55e5fc852780c0,"phene street, chelsea",,"Phene Street, Chelsea",474,2022-07-06 07:22:00,2022-07-12 22:38:00,0,False
ef6c8c6c9ae3daf4,"hatton garden, holborn",,"Hatton Garden, Holborn",377,2022-07-06 00:46:00,2022-07-12 21:54:00,0,False
ef837a2a0957b4df,"import dock, canary wharf",,"Import Dock, Canary Wharf",341,2022-07-06 05:13:00,2022-07-12 23:11:00,0,False
ef851cbc456ef051,"panton street, west end",,"Panton Street, West End",905,2022-07-06 00:32:00,2022-07-12 23:12:00,0,False
efa587fd5a92a439,"st. chad's street, king's cross",,"St. Chad's Street, King's Cross",233,2022-07-06 10:15:00,2022-07-12 23:46:00,0,False
eff16fa38f94cfea,"portland place, marylebone",,"Portland Place, Marylebone",321,2022-07-06 00:02:00,2022-07-12 21:07:00,0,False
f024c3fb17f3f6bd,"great russell street, bloomsbury",,"Great Russell Street, Bloomsbury",432,2022-07-06 06:37:00,2022-07-12 22:03:00,0,False
f11703f44672f75e,"waterloo station 1, waterloo",,"Waterloo Station 1, Waterloo",1267,2022-07-06 04:04:00,2022-07-12 23:12:00,0,False
f185268cc16d131e,"freston road, avondale",,"Freston Road, Avondale",121,2022-07-06 07:18:00,2022-07-12 23:50:00,0,False
f1a22b77e39ca6ab,"eccleston place, victoria",,"Eccleston Place, Victoria",715,2022-07-06 01:30:00,2022-07-12 22:42:00,0,False
f1d9271adfd0fba0,"gloucester terrace, bayswater",,"Gloucester Terrace, Bayswater",273,2022-07-06 06:00:00,2022-07-12 22:51:00,0,False
f2520117956e5853,"archbishop's park, waterloo",,"Archbishop's Park, Waterloo",241,2022-07-06 06:29:00,2022-07-12 22:42:00,0,False
f33845d0579100dc,"naval row, blackwall",,"Naval Row, Blackwall",157,2022-07-06 01:50:00,2022-07-12 22:16:00,0,False
f3dbd3f3dc8d047a,"chapel place, marylebone",,"Chapel Place, Marylebone",439,2022-07-06 06:20:00,2022-07-12 19:06:00,0,False
f3e1d31cb847ddc1,"sutton street, shadwell",,"Sutton Street, Shadwell",542,2022-07-06 01:45:00,2022-07-12 22:29:00,0,False
f41a1a266720480b,"wellington road, st. john's wood",,"Wellington Road, St. John's Wood",278,2022-07-06 07:54:00,2022-07-12 22:34:00,0,False
f4cb53aa11739cbc,"london fields, hackney central",,"London Fields, Hackney Central",979,2022-07-06 07:00:00,2022-07-12 22:57:00,0,False
f4d990902ca905a6,"oxford road, putney",,"Oxford Road, Putney",86,2022-07-06 08:54:00,2022-07-12 22:37:00,0,False
f5190340f7b93184,"sugden road, clapham",,"Sugden Road, Clapham",257,2022-07-06 00:05:00,2022-07-12 22:21:00,0,False
f59212b3e6d06949,"imperial road, sands end",,"Imperial Road, Sands End",265,2022-07-06 00:21:00,2022-07-12 23:33:00,0,False
f67053faff2e55e9,"ravenscourt park station, hammersmith",,"Ravenscourt Park Station, Hammersmith",392,2022-07-06 01:10:00,2022-07-12 23:02:00,0,False
f680aab694997e2c,"santos road, wandsworth",,"Santos Road, Wandsworth",45,2022-07-06 20:12:00,2022-07-12 22:57:00,0,False
f6ac6710d872ac3b,"greenland road, camden town",,"Greenland Road, Camden Town",587,2022-07-06 00:02:00,2022-07-12 21:06:00,0,False
f6ce310b16e2ba30,"bramham gardens, earl's court",,"Bramham Gardens, Earl's Court",543,2022-07-06 06:57:00,2022-07-12 23:31:00,0,False
f6db58fe5d44f0f4,"watney street, shadwell",,"Watney Street, Shadwell",333,2022-07-06 00:03:00,2022-07-12 23:24:00,0,False
f6f06d08e6ac4e9c,"upcerne road, west chelsea",,"Upcerne Road, West Chelsea",283,2022-07-06 06:39:00,2022-07-12 22:15:00,0,False
f6f3746163428d17,"natural history museum, south kensington",,"Natural History Museum, South Kensington",330,2022-07-06 01:46:00,2022-07-12 20:55:00,0,False
f6f9b5413aeeca5d,"manresa road, chelsea",,"Manresa Road, Chelsea",329,2022-07-06 06:55:00,2022-07-12 22:24:00,0,False
f7142868e040f96c,"triangle car park, hyde park",,"Triangle Car Park, Hyde Park",1491,2022-07-06 04:57:00,2022-07-12 23:21:00,0,False
f735c232c584c78f,"little brook green, brook green",,"Little Brook Green, Brook Green",231,2022-07-06 00:34:00,2022-07-12 23:30:00,0,False
f7bb8205e0dd4dea,"sidney road, stockwell",,"Sidney Road, Stockwell",221,2022-07-06 08:11:00,2022-07-12 22:52:00,0,False
f89a77442a211ebb,"dickens square, borough",,"Dickens Square, Borough",174,2022-07-06 06:48:00,2022-07-12 22:41:00,0,False
f8a21bf2fae68300,"lavington street, bankside",,"Lavington Street, Bankside",307,2022-07-06 07:03:00,2022-07-12 23:50:00,0,False
f8be4525c5ed29d6,"green park station, mayfair",,"Green Park Station, Mayfair",941,2022-07-06 05:03:00,2022-07-12 22:42:00,0,False
f9334a7c00979249,"blackfriars station, st. paul's",,"Blackfriars Station, St. Paul's",677,2022-07-06 01:00:00,2022-07-12 22:09:00,0,False
f9903e2abe5855da,"lambeth palace road, waterloo",,"Lambeth Palace Road, Waterloo",773,2022-07-06 00:05:00,2022-07-12 23:41:00,0,False
f9c78d0437ce0414,"high holborn, covent garden",,"High Holborn , Covent Garden",505,2022-07-06 06:12:00,2022-07-12 23:13:00,0,False
fa4dc7553b6b8aee,"moor street, soho",,"Moor Street, Soho",913,2022-07-06 06:32:00,2022-07-12 22:24:00,0,False
fad0da50a203b2ac,"st. john's wood road, st. john's wood",,"St. John's Wood Road, St. John's Wood",160,2022-07-06 07:41:00,2022-07-12 22:26:00,0,False
fb71ad0a3c24127f,"clifton road, maida vale",,"Clifton Road, Maida Vale",315,2022-07-06 06:30:00,2022-07-12 22:00:00,0,False
fba0f003c0099586,"dunston road, haggerston",,"Dunston Road , Haggerston",568,2022-07-06 01:07:00,2022-07-12 23:31:00,0,False
fba56fb9be0d9377,"kensington gore, knightsbridge",,"Kensington Gore, Knightsbridge",126,2022-07-06 08:26:00,2022-07-12 22:17:00,0,False
fc574b3c344ee9c0,"murray grove, hoxton",,"Murray Grove , Hoxton",272,2022-07-06 07:39:00,2022-07-12 23:40:00,0,False
fc790555c89ad0b3,"bermondsey station, bermondsey",,"Bermondsey Station, Bermondsey",404,2022-07-06 08:06:00,2022-07-12 23:06:00,0,False
fcc4909d5ec68999,"alfreda street, battersea park",,"Alfreda Street, Battersea Park",361,2022-07-06 08:28:00,2022-07-12 23:29:00,0,False
fd7d7928c4a95e4c,"new inn yard, shoreditch",,"New Inn Yard, Shoreditch",435,2022-07-06 06:29:00,2022-07-12 23:36:00,0,False
fe03dbcd36366b8f,"tavistock place, bloomsbury",,"Tavistock Place, Bloomsbury",313,2022-07-06 07:33:00,2022-07-12 21:54:00,0,False
ff290a290d82f5e0,"broomhouse lane, parsons green",,"Broomhouse Lane, Parsons Green",180,2022-07-06 00:10:00,2022-07-12 23:07:00,0,False
ff4c4ddde289701b,"doric way, somers town",,"Doric Way , Somers Town",324,2022-07-06 01:27:00,2022-07-12 21:01:00,0,False
ff83bec537bf9970,"lancaster gate, bayswater",,"Lancaster Gate , Bayswater",474,2022-07-06 08:00:00,2022-07-12 23:05:00,0,False
ffbbcd92ab8a7f51,"islington green, angel",,"Islington Green, Angel",961,2022-07-06 00:02:00,2022-07-12 22:58:00,0,False
30a9fc7a929ae928,"portugal street, holborn",147,"Portugal Street, Holborn",1001,2022-07-19 17:13:00,2022-09-09 21:26:00,1,False
382ecd455a5859a8,"burgess park albany road, walworth",846,"Burgess Park Albany Road, Walworth",1643,2022-08-19 11:27:00,2022-09-09 20:43:00,1,False
a427012577e44f75,"brandon street, walworth",850,"Brandon Street, Walworth",555,2022-08-19 16:08:00,2022-09-09 20:34:00,1,False
000caea115a40a71,"hampton street, walworth",001118,"Hampton Street, Walworth",4290,2022-09-13 01:06:00,2023-03-26 21:29:00,1,False
0024c9fe46793e2d,"hop exchange, the borough",000960,"Hop Exchange, The Borough",16340,2022-09-13 00:30:00,2023-03-26 23:53:00,1,False
00f9cfe2ea19583e,"belgrove street, king's cross",001011,"Belgrove Street , King's Cross",16410,2022-09-13 00:45:00,2023-03-26 22:20:00,1,False
019e8b7d83ed4e21,"ampton street, clerkenwell",001019,"Ampton Street , Clerkenwell",2674,2022-09-13 01:55:00,2023-03-26 22:36:00,1,False
01b22b7cce4006ce,"warwick row, westminster",000968,"Warwick Row, Westminster",6986,2022-09-13 00:52:00,2023-03-26 21:01:00,1,False
01b90083be4f129f,"borough road, elephant & castle",001082,"Borough Road, Elephant & Castle",3745,2022-09-13 00:37:00,2023-03-26 23:00:00,1,False
01cab1c149678b7e,"beryl road, hammersmith",200097,"Beryl Road, Hammersmith",60058,2022-09-13 05:36:00,2025-12-31 23:24:00,1,False
020756787841b5ab,"wenlock road, hoxton",000979,"Wenlock Road , Hoxton",6280,2022-09-13 05:12:00,2023-03-26 22:18:00,1,False
028ccaf586cdab98,"breams buildings, holborn",003449,"Breams Buildings, Holborn",3358,2022-09-13 06:21:00,2023-03-26 23:47:00,1,False
029b778b462f407b,"torrens street, angel",001060,"Torrens Street, Angel",2799,2022-09-13 05:26:00,2023-03-26 23:56:00,1,False
02f93af202db86e2,"wapping lane, wapping",200034,"Wapping Lane, Wapping",92598,2022-09-14 13:40:00,2025-12-31 20:25:00,1,False
0300242469f4732f,"paddington street, marylebone",001033,"Paddington Street, Marylebone",4714,2022-09-13 06:07:00,2023-03-26 19:10:00,1,False
035de42d048c0d34,"stepney green station, stepney",200012,"Stepney Green Station, Stepney",107141,2022-09-13 00:14:00,2025-12-31 22:44:00,1,False
0372f62c606b2c3e,"taviton street, bloomsbury",001009,"Taviton Street, Bloomsbury",6367,2022-09-13 07:02:00,2023-03-26 23:46:00,1,False
037a0878e3294314,"south audley street, mayfair",003493,"South Audley Street, Mayfair",2202,2022-09-13 07:49:00,2023-03-26 18:28:00,1,False
0393e018eb73bad5,"brook green south, brook green",300002,"Brook Green South, Brook Green",42175,2022-09-13 00:53:00,2025-12-31 18:01:00,1,False
043df174aeba8d44,"bank of england museum, bank",001201,"Bank of England Museum, Bank",6398,2022-09-15 13:21:00,2023-03-26 20:06:00,1,False
04b46f9c353b0b9f,"leman street, aldgate",001102,"Leman Street, Aldgate",6332,2022-09-13 06:36:00,2023-03-26 23:16:00,1,False
05580255f158d633,"pindar street, liverpool street",001084,"Pindar Street, Liverpool Street",2015,2022-09-13 06:17:00,2023-03-26 20:26:00,1,False
059542cd7b559521,"allington street, victoria",300242,"Allington Street, Victoria",158116,2022-09-14 13:40:00,2025-12-31 21:54:00,1,False
059e5e25641b0dcc,"st. john's park, cubitt town",200243,"St. John's Park, Cubitt Town",22360,2022-09-13 00:24:00,2025-12-31 22:28:00,1,False
05dd88ba2395b19b,"wardour street, soho",001163,"Wardour Street, Soho",7587,2022-09-13 05:47:00,2023-03-26 23:29:00,1,False
05dda17442b7c757,"devonshire square, liverpool street",003438,"Devonshire Square, Liverpool Street",3958,2022-09-13 04:42:00,2023-03-26 19:05:00,1,False
0690a4371039d89b,"mallory street, marylebone",001175,"Mallory Street, Marylebone",1840,2022-09-13 06:45:00,2023-03-26 23:08:00,1,False
07126cd8d40f397a,"ebury bridge, pimlico",022159,"Ebury Bridge, Pimlico",3451,2022-09-13 02:19:00,2023-03-26 19:40:00,1,False
072edb11c39555b9,"dorothy road, clapham junction",200119,"Dorothy Road, Clapham Junction",55482,2022-09-13 06:37:00,2025-12-31 18:45:00,1,False
075c30b29aa7478c,"vicarage gate, kensington",003441,"Vicarage Gate, Kensington",2208,2022-09-13 00:09:00,2023-03-26 23:01:00,1,False
07c5220e19c4bc79,"shoreditch park, hoxton",001051,"Shoreditch Park, Hoxton",4624,2022-09-13 00:06:00,2023-03-26 22:21:00,1,False
07f7bb5f82ce5293,"westfield southern terrace, shepherd's bush",200061,"Westfield Southern Terrace ,Shepherd's Bush",27000,2022-09-13 05:48:00,2025-12-31 19:22:00,1,False
08136b45974271d3,"great percy street, clerkenwell",003470,"Great Percy Street, Clerkenwell",3104,2022-09-13 06:33:00,2023-03-26 23:38:00,1,False
08b869041cba9429,"st. james's square, st. james's",001067,"St. James's Square, St. James's",13454,2022-09-13 04:46:00,2023-03-26 22:20:00,1,False
08c2e9b228d35528,"cotton garden estate, kennington",000990,"Cotton Garden Estate, Kennington",2569,2022-09-13 00:14:00,2023-03-26 23:45:00,1,False
08d7c16c119d8f90,"tanner street, bermondsey",000994,"Tanner Street, Bermondsey",5980,2022-09-13 00:12:00,2023-03-26 23:02:00,1,False
092224cf075d9bdf,"courland grove, wandsworth road",200173,"Courland Grove, Wandsworth Road",62461,2022-09-13 05:52:00,2025-12-31 23:37:00,1,False
0982aa0bc1d0f436,"vauxhall walk, vauxhall",200056,"Vauxhall Walk, Vauxhall",38510,2022-09-13 00:05:00,2025-12-31 18:39:00,1,False
09b2c2871c5938de,"sloane avenue, knightsbridge",003461,"Sloane Avenue, Knightsbridge",7466,2022-09-13 02:53:00,2023-03-26 23:29:00,1,False
0a470f23ce71391a,"lower marsh, waterloo",001219,"Lower Marsh, Waterloo",3919,2022-09-13 00:38:00,2023-03-26 23:47:00,1,False
0a573d78b84c04f2,"ossulston street, somers town",300211,"Ossulston Street, Somers Town",81516,2022-09-13 06:21:00,2025-12-31 16:46:00,1,False
0ac60ea279c10713,"sheepcote lane, battersea",200176,"Sheepcote Lane, Battersea",45884,2022-09-13 05:55:00,2025-12-31 19:21:00,1,False
0b8a33254dbbe204,"strand, strand",001100,"Strand, Strand",7317,2022-09-13 06:25:00,2023-03-26 22:34:00,1,False
0b93e40c1dd2a4b4,"saltoun road, brixton",300206,"Saltoun Road, Brixton",63197,2022-09-13 05:53:00,2025-12-31 18:48:00,1,False
0bb10ff558213037,"commercial street, shoreditch",001083,"Commercial Street, Shoreditch",3401,2022-09-13 07:37:00,2023-03-26 21:23:00,1,False
0bdfecc16cecc7fc,"bevington road west, north kensington",300236,"Bevington Road West, North Kensington",64004,2022-09-13 02:28:00,2025-12-31 20:45:00,1,False
0c9d0231856ff822,"vauxhall street, vauxhall",001224,"Vauxhall Street, Vauxhall",3919,2022-09-13 00:56:00,2023-03-26 21:31:00,1,False
0d5b187b0e9ebd93,"milroy walk, south bank",000959,"Milroy Walk, South Bank",4790,2022-09-13 01:06:00,2023-03-26 20:47:00,1,False
0d6d98670d99742b,"falcon road, clapham junction",300014,"Falcon Road, Clapham Junction",110549,2022-09-13 05:14:00,2025-12-31 23:26:00,1,False
0da2c6107d2b20e3,"vincent square, westminster",001196,"Vincent Square, Westminster",1934,2022-09-13 06:31:00,2023-03-26 22:26:00,1,False
0dbf0f7eed3c98f4,"binfield road, stockwell",300015,"Binfield Road, Stockwell",88829,2022-09-13 04:27:00,2025-12-31 23:32:00,1,False
0dea6955394268aa,"jubilee crescent, cubitt town",200054,"Jubilee Crescent, Cubitt Town",34876,2022-09-13 06:05:00,2025-12-31 23:12:00,1,False
0e01a7ecb04b8075,"wellington row, bethnal green",200165,"Wellington Row, Bethnal Green",67534,2022-09-13 04:43:00,2025-12-31 18:57:00,1,False
0e16bd5e017651f4,"london street, paddington",300079,"London Street, Paddington",156173,2022-09-13 00:24:00,2025-12-31 23:59:00,1,False
0e1eda166aef0e09,"south quay east, canary wharf",200233,"South Quay East, Canary Wharf",13401,2022-09-13 01:19:00,2025-12-31 22:25:00,1,False
0eabc6ff21f11db8,"the tennis courts, the regent's park",001199,"The Tennis Courts, The Regent's Park",3365,2022-09-13 07:23:00,2023-03-26 20:05:00,1,False
0ecc5d21f78cddd0,"rochester row, westminster",003457,"Rochester Row, Westminster",2861,2022-09-13 06:58:00,2023-03-26 18:09:00,1,False
0f2436344ca2f03f,"whitehall place, strand",001151,"Whitehall Place, Strand",10000,2022-09-13 07:06:00,2023-03-26 23:46:00,1,False
0f248f27de4b8590,"devons road, bow",200255,"Devons Road, Bow",47217,2022-09-13 03:02:00,2025-12-31 20:28:00,1,False
0f329cdd5c4e420f,"city road, angel",002690,"City Road, Angel",3517,2022-09-13 06:24:00,2023-03-26 23:19:00,1,False
0f50652fd27ed604,"red lion street, holborn",022171,"Red Lion Street, Holborn",6185,2022-09-13 06:57:00,2023-03-26 21:48:00,1,False
0fdbfcc6ad08cced,"clapham road, lingham street, stockwell",300245,"Clapham Road, Lingham Street, Stockwell",28822,2022-09-13 07:42:00,2025-12-31 18:14:00,1,False
100f5067ced4cd7d,"st. bride street, holborn",200094,"St. Bride Street, Holborn",80874,2022-09-13 06:15:00,2025-12-31 23:29:00,1,False
1076af231f253378,"riverlight north, nine elms",001165,"Riverlight North, Nine Elms",6295,2022-09-13 00:30:00,2023-03-26 22:13:00,1,False
10932032d0707644,"east india dlr, blackwall",200127,"East India DLR, Blackwall",36330,2022-09-13 01:22:00,2025-12-31 20:57:00,1,False
10ae8d279a4f87f8,"stainsby road, poplar",300048,"Stainsby Road , Poplar",53363,2022-09-13 04:22:00,2025-12-31 23:30:00,1,False
10f9a2aa2c54fc0a,"william iv street, strand",001028,"William IV Street, Strand",8560,2022-09-13 17:02:00,2023-03-26 21:01:00,1,False
117aa3d2ef751f2b,"vicarage crescent, battersea",200077,"Vicarage Crescent, Battersea",74335,2022-09-13 06:05:00,2025-12-31 19:55:00,1,False
117db799868afa4d,"euston road, euston",000983,"Euston Road, Euston",3096,2022-09-13 04:15:00,2023-03-23 07:58:00,1,False
11fb24bca8848e73,"haggerston road, haggerston",300081,"Haggerston Road, Haggerston",83188,2022-09-13 00:53:00,2025-12-31 23:33:00,1,False
122b0737b1ccfd55,"earnshaw street, covent garden",001145,"Earnshaw Street , Covent Garden",5566,2022-09-13 06:59:00,2023-03-26 22:58:00,1,False
127ad70a2d66ce92,"castlehaven road, camden town",200016,"Castlehaven Road, Camden Town",93467,2022-09-13 06:12:00,2025-12-31 22:41:00,1,False
1411e79916f71426,"penywern road, earl's court",003444,"Penywern Road, Earl's Court",5237,2022-09-13 00:19:00,2023-03-26 23:41:00,1,False
14454d2accdd76c1,"bermondsey street, bermondsey",002637,"Bermondsey Street, Bermondsey",7310,2022-09-13 01:03:00,2023-03-26 23:25:00,1,False
145f5f6dfc2f1b4a,"snowsfields, london bridge",200193,"Snowsfields, London Bridge",102013,2022-09-13 00:01:00,2025-12-31 22:53:00,1,False
15104d37897550d7,"new spring gardens walk, vauxhall",300224,"New Spring Gardens Walk, Vauxhall",41013,2022-09-13 01:50:00,2025-12-31 23:49:00,1,False
157ec2085dda7afe,"holland park, kensington",010631,"Holland Park, Kensington",1607,2022-09-13 07:12:00,2023-03-26 22:52:00,1,False
158f037cd07c0d0e,"edgware road station, marylebone",001058,"Edgware Road Station, Marylebone",4343,2022-09-13 00:21:00,2023-03-26 20:37:00,1,False
159f93995c29e618,"tower gardens, tower",001071,"Tower Gardens , Tower",8549,2022-09-13 00:16:00,2023-03-26 23:42:00,1,False
15ceb60509163ff2,"chrisp street market, poplar",200089,"Chrisp Street Market, Poplar",36820,2022-09-13 03:02:00,2025-12-31 22:12:00,1,False
15e70aebb5b12f36,"old street station, st. luke's",001064,"Old Street Station, St. Luke's",11130,2022-09-13 00:53:00,2023-03-26 22:29:00,1,False
164ed9bf6271ad75,"st. luke's church, chelsea",003486,"St. Luke's Church, Chelsea",4892,2022-09-13 06:38:00,2023-03-26 22:11:00,1,False
1670d100fee8a1db,"gower place, euston",000969,"Gower Place , Euston",3863,2022-09-13 07:29:00,2023-03-26 21:27:00,1,False
173e55a6d87704c9,"queen victoria street, st. paul's",001048,"Queen Victoria Street, St. Paul's",5196,2022-09-13 05:02:00,2023-03-26 20:59:00,1,False
1759d4279a1f9be0,"great dover street, the borough",001017,"Great Dover Street, The Borough",5011,2022-09-13 00:06:00,2023-03-26 23:56:00,1,False
17bfbc376b718d08,"warwick square, pimlico",003460,"Warwick Square, Pimlico",4429,2022-09-13 04:46:00,2023-03-26 21:55:00,1,False
17f90c6e04836fc6,"rampayne street, pimlico",001106,"Rampayne Street, Pimlico",5376,2022-09-13 06:03:00,2023-03-26 23:57:00,1,False
184eec9a9e2242fe,"belgrave road, victoria",001087,"Belgrave Road, Victoria",4660,2022-09-13 05:19:00,2023-03-26 17:51:00,1,False
18b671734b596bf9,"mile end park leisure centre, mile end",300027,"Mile End Park Leisure Centre, Mile End",67371,2022-09-13 00:47:00,2025-12-31 22:08:00,1,False
191831d0cf7d7c87,"horseferry road, westminster",001170,"Horseferry Road, Westminster",6052,2022-09-13 00:24:00,2023-03-26 23:53:00,1,False
19c535b3235e1475,"graham street, angel",001131,"Graham Street, Angel",4681,2022-09-13 06:31:00,2023-03-26 22:48:00,1,False
1ac5586c9af9eb75,"hibbert street, battersea",300051,"Hibbert Street, Battersea",74464,2022-09-13 00:11:00,2025-12-31 20:21:00,1,False
1af3a0e16ad3f9a3,"clapham common north side, clapham common",300065,"Clapham Common North Side, Clapham Common",56274,2022-09-13 06:58:00,2025-12-31 20:35:00,1,False
1b2dfd828eb06955,"eastbourne mews, paddington",001203,"Eastbourne Mews, Paddington",7094,2022-09-13 03:16:00,2023-03-26 22:47:00,1,False
1b39350a514430f8,"harriet street, knightsbridge",002681,"Harriet Street, Knightsbridge",3859,2022-09-13 06:05:00,2023-03-26 21:52:00,1,False
1b824aafc9ba94ab,"norton folgate, liverpool street",001068,"Norton Folgate, Liverpool Street",4344,2022-09-13 05:46:00,2023-03-26 23:28:00,1,False
1c3ebd0989bcb780,"crabtree lane, fulham",200221,"Crabtree Lane, Fulham",49717,2022-09-13 00:12:00,2025-12-31 22:37:00,1,False
1cbd402f0f47319c,"fore street, guildhall",200253,"Fore Street, Guildhall",11088,2022-09-13 04:19:00,2023-06-18 20:01:00,2,True
1cdcac7418c03499,"guilford street, bloomsbury",000974,"Guilford Street , Bloomsbury",5780,2022-09-13 06:21:00,2023-03-26 19:23:00,1,False
1d6f554c10813ba0,"kingsway southbound, strand",200226,"Kingsway Southbound, Strand",81315,2022-09-13 06:33:00,2025-12-31 22:45:00,1,False
1d6fafeee9d5a1e2,"grove end road, st. john's wood",001130,"Grove End Road, St. John's Wood",2926,2022-09-13 07:15:00,2023-03-26 22:17:00,1,False
1dbafc137277fffd,"broadcasting house, marylebone",003424,"Broadcasting House, Marylebone",5032,2022-09-13 05:26:00,2023-03-26 20:03:00,1,False
1dfca137db987c70,"watney market, stepney",200162,"Watney Market, Stepney",43265,2022-09-13 06:21:00,2025-12-31 21:29:00,1,False
1e02cd0f75d1a015,"westferry circus, canary wharf",300228,"Westferry Circus, Canary Wharf",77096,2022-09-13 01:19:00,2025-12-31 23:30:00,1,False
1e358fdb73a2acf0,"hoxton street, hoxton",200071,"Hoxton Street, Hoxton",38449,2022-09-13 07:28:00,2025-12-31 20:42:00,1,False
1e4eb51b49738753,"trebovir road, earl's court",001113,"Trebovir Road, Earl's Court",4331,2022-09-13 06:20:00,2023-03-26 22:14:00,1,False
1e68e6618dcf321b,"timber lodge, queen elizabeth olympic park",300227,"Timber Lodge, Queen Elizabeth Olympic Park",54065,2022-09-13 00:41:00,2025-12-31 22:18:00,1,False
1e9829cae4cdf4a0,"soho square, soho",001052,"Soho Square , Soho",12337,2022-09-13 06:54:00,2023-03-26 23:57:00,1,False
1eecfaa7e4c825c1,"somerset house, strand",200068,"Somerset House, Strand",78164,2022-09-13 06:19:00,2025-12-30 23:08:00,1,False
1f4c3c30b7a1c6b5,"abbotsbury road, holland park",200111,"Abbotsbury Road, Holland Park",22862,2022-09-13 08:15:00,2025-12-31 19:04:00,1,False
1f99db4fe87ec2fd,"cloudesley road, angel",002586,"Cloudesley Road, Angel",2728,2022-09-13 06:13:00,2023-03-26 22:24:00,1,False
1fa0f4a09e4af522,"ada street, hackney central",300040,"Ada Street, Hackney Central",65017,2022-09-13 06:59:00,2025-12-31 23:25:00,1,False
1fb686eabcd3e746,"albert bridge road, battersea park",300045,"Albert Bridge Road, Battersea Park",79796,2022-09-13 06:13:00,2025-12-31 22:41:00,1,False
1fd7b357620188a6,"malmesbury road, bow",200019,"Malmesbury Road, Bow",13895,2022-09-13 03:17:00,2025-12-31 19:52:00,1,False
1fee4e26839044fa,"bishop's avenue, fulham",200043,"Bishop's Avenue, Fulham",54185,2022-09-13 06:49:00,2025-12-31 22:22:00,1,False
20bf332b5ffa1bfa,"bonny street, camden town",200105,"Bonny Street, Camden Town",96835,2022-09-13 00:01:00,2025-12-31 23:45:00,1,False
216a0755c5b142de,"ferndale road, brixton",200240,"Ferndale Road, Brixton",79312,2022-09-13 01:08:00,2025-12-31 20:20:00,1,False
21e9c2e95cfd006a,"st. katharine's way, tower",200049,"St. Katharine's Way, Tower",59055,2022-09-13 05:27:00,2025-12-31 23:34:00,1,False
21ebff74b9f6c4be,"mudchute dlr, cubitt town",200092,"Mudchute DLR, Cubitt Town",14200,2022-09-13 00:05:00,2025-12-31 14:46:00,1,False
21ed84e8fe47fcb8,"serpentine car park, hyde park",001217,"Serpentine Car Park, Hyde Park",7582,2022-09-13 06:25:00,2023-03-26 21:17:00,1,False
227f5b2cc98e449e,"hinde street, marylebone",003476,"Hinde Street, Marylebone",6684,2022-09-13 06:50:00,2023-03-26 19:41:00,1,False
22bc786fc97337c0,"westferry dlr, limehouse",200238,"Westferry DLR, Limehouse",85987,2022-09-13 00:31:00,2025-12-31 23:18:00,1,False
22cfe12dd9a388c7,"penfold street, marylebone",010625,"Penfold Street, Marylebone",1698,2022-09-13 00:21:00,2023-03-26 18:54:00,1,False
2396320a52484577,"cantrell road, bow",200150,"Cantrell Road, Bow",19873,2022-09-13 03:15:00,2025-12-31 19:41:00,1,False
23cb0dc44f2f8877,"tysoe street, clerkenwell",001146,"Tysoe Street, Clerkenwell",6187,2022-09-13 05:11:00,2023-03-26 22:40:00,1,False
24399f6cc9bcbab1,"finsbury library, finsbury",000986,"Finsbury Library , Finsbury",3216,2022-09-13 04:27:00,2023-03-26 23:54:00,1,False
246537e5ba3a3edc,"pont street, knightsbridge",001114,"Pont Street, Knightsbridge",4354,2022-09-13 04:03:00,2023-03-26 22:33:00,1,False
247307470d3a1185,"south kensington station, south kensington",002685,"South Kensington Station, South Kensington",9120,2022-09-13 04:47:00,2023-03-26 23:06:00,1,False
2595800d16ae0d5f,"lansdowne road, ladbroke grove",200172,"Lansdowne Road, Ladbroke Grove",63959,2022-09-13 05:13:00,2025-12-31 23:54:00,1,False
26dfc5e3bf19df83,"southern grove, bow",200168,"Southern Grove, Bow",33127,2022-09-13 05:02:00,2025-12-31 23:20:00,1,False
26e6ece9a350fca5,"black prince road, vauxhall",001205,"Black Prince Road, Vauxhall",4296,2022-09-13 07:09:00,2023-03-26 23:55:00,1,False
28a7e41b2ed5a138,"spanish road, clapham junction",200106,"Spanish Road, Clapham Junction",15429,2022-09-13 06:15:00,2025-12-31 23:21:00,1,False
28ca41891e223c4f,"harper road, the borough",001137,"Harper Road, The Borough",3161,2022-09-13 03:22:00,2023-03-26 23:19:00,1,False
2930aa3f7d860f5a,"wellington street, strand",001202,"Wellington Street , Strand",6945,2022-09-13 06:21:00,2023-03-12 18:24:00,1,False
294d94bd6ea54f4a,"buxton street 1, shoreditch",001223,"Buxton Street 1, Shoreditch",1815,2022-09-13 01:21:00,2023-03-26 19:05:00,1,False
294f81dc06352547,"cadogan close, victoria park",200112,"Cadogan Close, Victoria Park",61080,2022-09-13 00:45:00,2025-12-31 22:28:00,1,False
2955d6512c4ae70f,"lincoln's inn fields, holborn",300240,"Lincoln's Inn Fields, Holborn",71009,2022-09-13 07:03:00,2025-12-31 20:17:00,1,False
296ac6be47e0c35f,"victoria park road, hackney central",300011,"Victoria Park Road, Hackney Central",65873,2022-09-13 00:30:00,2025-12-31 23:13:00,1,False
2a825a3a386768af,"duke street hill, london bridge",300083,"Duke Street Hill, London Bridge",227357,2022-09-13 00:27:00,2025-12-31 23:23:00,1,False
2af410b8bbc37f49,"handyside street, king's cross",300241,"Handyside Street, King's Cross",83980,2022-09-13 06:41:00,2025-12-31 21:20:00,1,False
2af9d9e226450fc2,"pembridge villas, notting hill",002589,"Pembridge Villas, Notting Hill",2928,2022-09-13 05:49:00,2023-03-26 23:45:00,1,False
2b017dc6990b249b,"west smithfield rotunda, farringdon",001040,"West Smithfield Rotunda, Farringdon",5555,2022-09-13 06:28:00,2023-03-26 22:58:00,1,False
2c15286165525dbc,"frampton street, paddington",001099,"Frampton Street, Paddington",2703,2022-09-13 07:48:00,2023-03-26 21:50:00,1,False
2cad87ae8fb84ed9,"parkway, camden town",200118,"Parkway, Camden Town",28673,2022-09-13 00:56:00,2024-09-23 09:54:00,2,True
2cbf87dc42b5de27,"mexfield road, east putney",200063,"Mexfield Road, East Putney",18051,2022-09-13 06:45:00,2025-12-31 23:35:00,1,False
2dc4a2cd899e879d,"clarendon road, avondale",200124,"Clarendon Road, Avondale",27530,2022-09-13 06:16:00,2025-12-31 23:54:00,1,False
2dc8066732229426,"north audley street, mayfair",001126,"North Audley Street, Mayfair",5112,2022-09-13 05:26:00,2023-03-26 21:06:00,1,False
2dfeee43774bd2f5,"porchester place, paddington",003477,"Porchester Place, Paddington",5855,2022-09-13 06:41:00,2023-03-26 21:31:00,1,False
2e8583efe7693686,"copper box arena, queen elizabeth olympic park",300226,"Copper Box Arena, Queen Elizabeth Olympic Park",56654,2022-09-13 07:46:00,2025-12-31 18:07:00,1,False
2ef219e2abc86f16,"lmu commercial road, whitechapel",001105,"LMU Commercial Road, Whitechapel",6591,2022-09-13 00:31:00,2023-03-26 23:42:00,1,False
2fc10e21f43aed07,"pall mall east, west end",001153,"Pall Mall East, West End",5470,2022-09-13 03:32:00,2023-03-26 22:27:00,1,False
308054f82b07f516,"south parade, chelsea",022182,"South Parade, Chelsea",3365,2022-09-13 05:54:00,2023-03-26 22:11:00,1,False
30a9fc7a929ae928,"portugal street, holborn",003456,"Portugal Street, Holborn",2467,2022-09-13 08:28:00,2023-03-26 19:10:00,1,False
30ade85d8678cb39,"simpson street, clapham junction",200196,"Simpson Street, Clapham Junction",85128,2022-09-13 06:53:00,2025-12-31 23:22:00,1,False
30da8b8eac507497,"peterborough road, sands end",200171,"Peterborough Road, Sands End",23661,2022-09-13 06:14:00,2025-12-31 22:52:00,1,False
31161e65a6764781,"hampstead road, euston",000972,"Hampstead Road, Euston",4948,2022-09-13 07:09:00,2023-03-26 22:55:00,1,False
3142ea84a77f7d40,"driffield road, old ford",200030,"Driffield Road, Old Ford",61789,2022-09-13 00:08:00,2025-12-31 22:03:00,1,False
3180b00e64977df2,"royal avenue 1, chelsea",003440,"Royal Avenue 1, Chelsea",2778,2022-09-13 05:54:00,2023-03-26 21:41:00,1,False
3371788910cd32dc,"westminster bridge road, elephant & castle",200076,"Westminster Bridge Road, Elephant & Castle",17309,2022-09-13 08:27:00,2025-12-31 23:53:00,1,False
340d9625e621f916,"normand park, west kensington",300008,"Normand Park, West Kensington",93246,2022-09-13 00:33:00,2025-12-31 22:27:00,1,False
3426384f7e12e637,"stratford station, stratford",300234,"Stratford Station, Stratford",90457,2022-09-13 00:41:00,2025-12-31 20:02:00,1,False
3452ca9f3e3b6374,"battersea park road, nine elms",200183,"Battersea Park Road, Nine Elms",193791,2022-09-13 00:23:00,2025-12-31 23:34:00,1,False
35a5f220534269f4,"aberfeldy street, poplar",200078,"Aberfeldy Street, Poplar",24484,2022-09-13 03:17:00,2025-12-31 23:50:00,1,False
35facc1bc92eec65,"crosswall, tower",000991,"Crosswall, Tower",8886,2022-09-13 06:23:00,2023-03-26 21:44:00,1,False
36671b9492d0f521,"the guildhall, guildhall",001044,"The Guildhall, Guildhall",2624,2022-09-13 06:31:00,2023-03-26 00:11:00,1,False
36a03d6386266888,"queen street 1, bank",000999,"Queen Street 1, Bank",10810,2022-09-13 05:49:00,2023-03-26 22:54:00,1,False
36d7cd39e1b79a6c,"putney bridge road, east putney",300044,"Putney Bridge Road, East Putney",22240,2022-09-13 06:50:00,2025-12-31 18:25:00,1,False
37200f6ca9178cd1,"st. mary & st. michael church, stepney",200082,"St. Mary & St. Michael Church, Stepney",17374,2022-09-13 05:45:00,2025-12-31 22:00:00,1,False
37ac18565df65487,"wormwood street, liverpool street",002587,"Wormwood Street, Liverpool Street",15855,2022-09-13 05:31:00,2023-03-26 23:46:00,1,False
37fec88973a36c24,"sardinia street, holborn",002649,"Sardinia Street, Holborn",4122,2022-09-13 07:12:00,2023-03-26 19:51:00,1,False
3809cec247ec82cd,"london zoo, the regent's park",001136,"London Zoo,  The Regent's Park",2100,2022-09-13 05:33:00,2023-03-26 18:39:00,1,False
382ecd455a5859a8,"burgess park albany road, walworth",300063,"Burgess Park Albany Road, Walworth",88568,2022-09-13 06:27:00,2025-12-31 23:12:00,1,False
387901b2f47c080d,"sirdar road, avondale",300084,"Sirdar Road, Avondale",11372,2022-09-13 13:03:00,2025-12-31 12:43:00,1,False
38b0151cbc2df15d,"shepherd's bush road north, shepherd's bush",200209,"Shepherd's Bush Road North, Shepherd's Bush",57371,2022-09-13 00:54:00,2025-12-31 22:23:00,1,False
3917bfafac17bd05,"risinghill street, angel",001127,"Risinghill Street, Angel",1525,2022-09-13 06:53:00,2023-03-26 22:27:00,1,False
39d5fb9e56a122f5,"lindfield street, poplar",022178,"Lindfield Street, Poplar",3595,2022-09-13 06:18:00,2023-03-26 22:41:00,1,False
39d7750e4bfe075d,"blenheim crescent, ladbroke grove",300090,"Blenheim Crescent, Ladbroke Grove",55342,2022-09-13 06:25:00,2025-12-31 20:10:00,1,False
3a51a9df146d064d,"kensington church street, kensington",001143,"Kensington Church Street, Kensington",5733,2022-09-13 00:55:00,2023-03-26 22:20:00,1,False
3a948bee52527459,"rainville road, hammersmith",200182,"Rainville Road, Hammersmith",41655,2022-09-13 07:11:00,2025-12-31 20:31:00,1,False
3ad8e64a74d8cdae,"southwark station 1, southwark",022162,"Southwark Station 1, Southwark",3588,2022-09-13 03:07:00,2023-03-26 22:58:00,1,False
3b35dbf01892998e,"st martins close, camden town",200195,"St Martins Close, Camden Town",29317,2022-09-13 07:56:00,2025-12-31 22:10:00,1,False
3b4bb93453e72da6,"columbia road, shoreditch",002701,"Columbia Road, Shoreditch",5404,2022-09-13 00:36:00,2023-03-26 21:22:00,1,False
3b83368107f06aa6,"royal college street, camden town",002686,"Royal College Street, Camden Town",3367,2022-09-13 00:10:00,2023-03-26 22:17:00,1,False
3bc4432a4693d542,"elysium place, fulham",200028,"Elysium Place, Fulham",29407,2022-09-13 06:47:00,2025-12-31 22:23:00,1,False
3cd62f850858a687,"beaumont street, marylebone",003482,"Beaumont Street, Marylebone",4639,2022-09-13 04:36:00,2023-03-26 21:27:00,1,False
3d0c2057d1593a58,"pancras road, king's cross",003428,"Pancras Road, King's Cross",2500,2022-09-13 06:44:00,2023-03-26 23:01:00,1,False
3d7b86cbbb543733,"bancroft road, bethnal green",200234,"Bancroft Road, Bethnal Green",55450,2022-09-13 06:15:00,2025-12-31 22:23:00,1,False
3d916652703ab89a,"portman square, marylebone",200008,"Portman Square, Marylebone",65279,2022-09-13 07:12:00,2025-12-31 19:10:00,1,False
3da6a07989df877a,"st. john's road, clapham junction",200185,"St. John's Road, Clapham Junction",78140,2022-09-13 05:02:00,2025-12-31 22:15:00,1,False
3e9985ef62d4412e,"knightsbridge, hyde park",001101,"Knightsbridge, Hyde Park",2243,2022-09-13 01:56:00,2023-03-26 22:44:00,1,False
3ebfa647bac9e49e,"tachbrook street, victoria",000965,"Tachbrook Street, Victoria",4540,2022-09-13 06:50:00,2023-03-26 22:12:00,1,False
3ec7a20317426768,"webber street, southwark",003448,"Webber Street , Southwark",4374,2022-09-13 04:44:00,2023-03-26 21:40:00,1,False
3ec802a9e4428372,"great titchfield street, fitzrovia",003450,"Great Titchfield Street, Fitzrovia",3540,2022-09-13 06:31:00,2023-03-26 18:36:00,1,False
3f5a3e281b701554,"st. mary axe, aldgate",001184,"St. Mary Axe, Aldgate",4178,2022-09-13 06:26:00,2023-03-26 21:38:00,1,False
3f7f5ef639530bdb,"albert embankment, vauxhall",001059,"Albert Embankment, Vauxhall",3470,2022-09-13 07:53:00,2023-03-26 22:43:00,1,False
3f8e6371be724785,"hertford road, de beauvoir town",300092,"Hertford Road, De Beauvoir Town",66558,2022-09-13 06:18:00,2025-12-31 21:30:00,1,False
3ff2eeec3540a72b,"northfields, wandsworth",200204,"Northfields, Wandsworth",15524,2022-09-13 06:45:00,2025-12-31 14:45:00,1,False
405f050fa690a431,"claremont square, angel",001104,"Claremont Square, Angel",2509,2022-09-13 05:11:00,2023-03-26 19:06:00,1,False
4085be9e7d31f3e8,"sackville street, mayfair",001197,"Sackville Street, Mayfair",5471,2022-09-13 05:04:00,2023-03-26 21:31:00,1,False
408daea21a72d3c6,"belford house, haggerston",200057,"Belford House, Haggerston",23617,2022-09-13 11:47:00,2025-12-31 20:45:00,1,False
40c04aef6bd15fab,"ansell house, stepney",200148,"Ansell House, Stepney",83331,2022-09-13 01:11:00,2025-12-31 22:43:00,1,False
412e9f283f0f6010,"cranmer road, stockwell",300247,"Cranmer Road, Stockwell",87349,2022-09-13 00:32:00,2025-12-31 23:00:00,1,False
414b67684fa15ef0,"collingham gardens, earl's court",003459,"Collingham Gardens, Earl's Court",4147,2022-09-13 00:43:00,2023-03-26 22:30:00,1,False
41a0a6074641b633,"chelsea bridge, pimlico",022160,"Chelsea Bridge, Pimlico",4014,2022-09-13 05:02:00,2023-03-26 22:06:00,1,False
41af53271dc35eca,"charing cross hospital, hammersmith",300018,"Charing Cross Hospital, Hammersmith",72259,2022-09-13 05:47:00,2025-12-31 22:35:00,1,False
42533f50fa13c909,"upper richmond road, putney",300042,"Upper Richmond Road, Putney",29122,2022-09-13 00:19:00,2025-12-31 20:52:00,1,False
42ab9ea432d807a7,"cleveland gardens, bayswater",001178,"Cleveland Gardens, Bayswater",2687,2022-09-13 00:22:00,2023-03-26 23:23:00,1,False
43157a7068425f7b,"fournier street, whitechapel",200157,"Fournier Street, Whitechapel",91471,2022-09-13 07:23:00,2025-12-31 22:02:00,1,False
43357b895d284dbb,"park road (baker street), the regent's park",001050,"Park Road (Baker Street), The Regent's Park",6371,2022-09-13 02:18:00,2023-03-26 22:24:00,1,False
4387ae49cff84f96,"lansdowne walk, ladbroke grove",200065,"Lansdowne Walk, Ladbroke Grove",17182,2022-09-13 08:17:00,2025-12-31 18:52:00,1,False
4456afbafd47ebb0,"alpha grove, millwall",200109,"Alpha Grove, Millwall",29592,2022-09-13 01:27:00,2025-12-31 23:13:00,1,False
44739233bbea3b21,"kennington oval, oval",200032,"Kennington Oval, Oval",58668,2022-09-13 06:43:00,2025-12-31 16:59:00,1,False
44ba6852a86eeb58,"bolsover street, fitzrovia",001025,"Bolsover Street, Fitzrovia",4712,2022-09-13 04:44:00,2023-03-26 23:12:00,1,False
44c9627b654d652e,"east road, hoxton",001054,"East Road, Hoxton",3437,2022-09-13 05:43:00,2023-03-26 21:15:00,1,False
44d760c6c2691f61,"pitfield street north, hoxton",200152,"Pitfield Street North,Hoxton",113769,2022-09-13 02:34:00,2025-12-31 23:54:00,1,False
44df33c2b0f07b0b,"regency street, westminster",001155,"Regency Street, Westminster",4143,2022-09-13 05:50:00,2023-03-26 23:15:00,1,False
4514f1c2d6f6731b,"twig folly bridge, mile end",200167,"Twig Folly Bridge, Mile End",72922,2022-09-13 06:22:00,2025-12-31 21:48:00,1,False
4590fa90b3722808,"holden street, battersea",200007,"Holden Street, Battersea",28347,2022-09-13 05:44:00,2025-12-31 23:48:00,1,False
45915b8f58991a7b,"sumner place, south kensington",001124,"Sumner Place, South Kensington",3463,2022-09-13 04:40:00,2023-03-26 21:07:00,1,False
45943d7e31c1a634,"eversholt street, camden town",001005,"Eversholt Street , Camden Town",3186,2022-09-13 00:18:00,2023-03-26 21:30:00,1,False
4666bae5d49df101,"wandsworth rd, isley court, wandsworth road",200175,"Wandsworth Rd, Isley Court, Wandsworth Road",44813,2022-09-13 06:13:00,2025-12-31 20:35:00,1,False
469f1e10096ea982,"storey's gate, westminster",200202,"Storey's Gate, Westminster",155386,2022-09-13 01:15:00,2025-12-31 13:57:00,1,False
473d3dc72eb02561,"chancery lane, holborn",003453,"Chancery Lane, Holborn",2657,2022-09-13 05:53:00,2023-03-26 18:06:00,1,False
475de6a16942dfa2,"morie street, wandsworth",200187,"Morie Street, Wandsworth",18031,2022-09-13 07:23:00,2025-12-31 18:58:00,1,False
478979061b15a7f7,"doddington grove, kennington",200084,"Doddington Grove, Kennington",68188,2022-09-13 06:20:00,2025-12-31 22:53:00,1,False
4875590a96fe8357,"monument street, monument",200101,"Monument Street, Monument",105087,2022-09-13 06:37:00,2025-12-31 19:59:00,1,False
48ab508d6ac22597,"wynne road, stockwell",300230,"Wynne Road, Stockwell",25541,2022-09-13 06:16:00,2025-12-31 18:07:00,1,False
48b01e36f86d2267,"river street, clerkenwell",001023,"River Street , Clerkenwell",2355,2022-09-13 06:26:00,2023-03-26 22:07:00,1,False
48b20b57ab3f9cc0,"smith square, westminster",003480,"Smith Square, Westminster",5246,2022-09-13 01:15:00,2023-03-26 22:08:00,1,False
48c2550eec394a79,"austin road, battersea park",300013,"Austin Road, Battersea Park",69438,2022-09-13 07:25:00,2025-12-31 21:28:00,1,False
48c42378c2a1ec99,"new kent road, the borough",000966,"New Kent Road, The Borough",4054,2022-09-13 06:44:00,2023-03-26 21:21:00,1,False
48cd06921abc6821,"pritchard's road, bethnal green",200083,"Pritchard's Road, Bethnal Green",89954,2022-09-13 01:24:00,2025-12-31 23:22:00,1,False
48e6d173e97375e1,"howland street, fitzrovia",002691,"Howland Street, Fitzrovia",6067,2022-09-13 06:37:00,2023-03-26 23:51:00,1,False
497bd9ca245770f6,"bruton street, mayfair",001034,"Bruton Street, Mayfair",2963,2022-09-13 00:38:00,2023-03-26 18:50:00,1,False
499d2b52b30a4f67,"rectory square, stepney",200037,"Rectory Square, Stepney",44879,2022-09-13 06:30:00,2025-12-31 19:16:00,1,False
49a39626cef4816d,"garnet street, shadwell",200045,"Garnet Street, Shadwell",49357,2022-09-13 06:56:00,2025-12-31 20:55:00,1,False
49cceb18fa38cdf8,"argyll road, kensington",003463,"Argyll Road, Kensington",2656,2022-09-13 01:02:00,2023-03-26 18:59:00,1,False
49f4d17f3567b8a6,"berry street, clerkenwell",001159,"Berry Street, Clerkenwell",5762,2022-09-13 06:07:00,2023-03-26 20:56:00,1,False
4ae5c835e2018d81,"royal london hospital, whitechapel",001077,"Royal London Hospital, Whitechapel",9769,2022-09-13 00:51:00,2023-03-26 23:30:00,1,False
4b49addf18c73241,"star road, west kensington",300038,"Star Road, West Kensington",57746,2022-09-13 00:54:00,2025-12-31 23:17:00,1,False
4b83a8a9fbe10ce5,"exhibition road, knightsbridge",022179,"Exhibition Road, Knightsbridge",13102,2022-09-13 06:40:00,2023-03-26 23:12:00,1,False
4b8492e1d61fe0df,"margery street, clerkenwell",003468,"Margery Street, Clerkenwell",2880,2022-09-13 01:11:00,2023-03-26 23:26:00,1,False
4bc7ad3bea9fd0e6,"poured lines, bankside",001144,"Poured Lines, Bankside",2673,2022-09-13 06:24:00,2023-03-26 22:15:00,1,False
4c3ac5ad68f450de,"walworth square, walworth",300050,"Walworth Square, Walworth",96845,2022-09-13 06:30:00,2025-12-31 23:51:00,1,False
4e10633611f5fa70,"greenberry street, st.john's wood",200236,"Greenberry Street, St.John's Wood",26348,2022-09-13 07:18:00,2025-12-31 20:10:00,1,False
4e1668e10496fc4b,"holy trinity brompton, knightsbridge",001002,"Holy Trinity Brompton, Knightsbridge",4786,2022-09-13 06:10:00,2023-03-26 22:02:00,1,False
4e76152f6dee2e53,"charlbert street, st. john's wood",003422,"Charlbert Street, St. John's Wood",2854,2022-09-13 04:39:00,2023-03-26 21:49:00,1,False
4e81d9528d8edf08,"hewison street, old ford",200006,"Hewison Street, Old Ford",59625,2022-09-13 07:42:00,2025-12-31 21:44:00,1,False
4ef6346d64ffada4,"good's way, king's cross",300243,"Good's Way, King's Cross",115189,2022-09-13 05:00:00,2025-12-31 19:38:00,1,False
4f3a612347548f50,"kennington road, vauxhall",001154,"Kennington Road  , Vauxhall",3549,2022-09-13 06:02:00,2023-03-26 22:40:00,1,False
4f6626442caa89e5,"birkenhead street, king's cross",300212,"Birkenhead Street, King's Cross",96600,2022-09-13 02:54:00,2025-12-31 23:25:00,1,False
4f7b528c8e3dae88,"devonshire terrace, bayswater",001227,"Devonshire Terrace, Bayswater",5406,2022-09-13 06:45:00,2023-03-26 22:42:00,1,False
4f842b6a76641749,"hatton wall, holborn",001008,"Hatton Wall, Holborn",6248,2022-09-13 00:36:00,2023-03-26 22:37:00,1,False
4f94141e10596c6b,"riverlight south, nine elms",300232,"Riverlight South, Nine Elms",65219,2022-09-13 05:55:00,2025-11-14 08:57:00,1,False
4f9831e34aa56b7a,"york way, kings cross",300235,"York Way, Kings Cross",64929,2022-09-13 02:54:00,2025-12-31 22:22:00,1,False
5053e3e0247ed1c1,"harrowby street, marylebone",002680,"Harrowby Street, Marylebone",3293,2022-09-13 04:00:00,2023-03-26 21:45:00,1,False
5132131db6dc515a,"charlotte terrace, angel",200129,"Charlotte Terrace, Angel",40239,2022-09-13 05:52:00,2025-12-31 22:28:00,1,False
5184c9dbdf29ac8e,"albert gardens, stepney",022166,"Albert Gardens, Stepney",3417,2022-09-13 00:56:00,2023-03-26 23:24:00,1,False
5253c84723048032,"bonner gate, victoria park",200241,"Bonner Gate, Victoria Park",96973,2022-09-13 07:08:00,2025-12-31 20:57:00,1,False
525a2703c5925107,"humbolt road, fulham",300068,"Humbolt Road, Fulham",61414,2022-09-13 00:25:00,2025-12-31 21:08:00,1,False
5263b5e7d033f851,"charles ii street, west end",003488,"Charles II Street, West End",4877,2022-09-13 00:24:00,2023-03-26 23:57:00,1,False
52a49cc863511f32,"aylward street, stepney",300049,"Aylward Street, Stepney",41067,2022-09-13 01:18:00,2025-12-31 23:52:00,1,False
52b80af01901b76e,"victoria & albert museum, south kensington",300032,"Victoria & Albert Museum, South Kensington",46646,2022-09-13 08:37:00,2025-12-31 22:00:00,1,False
52d219c4f3cb9f1a,"george place mews, marylebone",010630,"George Place Mews, Marylebone",3384,2022-09-13 06:44:00,2023-03-26 21:55:00,1,False
5330e32c5cba6a45,"farringdon lane, clerkenwell",003432,"Farringdon Lane, Clerkenwell",3461,2022-09-13 07:02:00,2023-03-26 22:53:00,1,False
5353d756e809518f,"waterloo place, st. james's",003458,"Waterloo Place, St. James's",4477,2022-09-13 06:17:00,2023-03-26 19:20:00,1,False
53c89eddb92bb509,"prince consort road, knightsbridge",003499,"Prince Consort Road, Knightsbridge",4327,2022-09-13 06:54:00,2023-03-26 22:33:00,1,False
53e38ed0801dbc1d,"king edward walk, waterloo",002639,"King Edward Walk, Waterloo",1495,2022-09-13 07:12:00,2023-03-26 17:02:00,1,False
5463d079d57b965e,"stewart's road, wandsworth road",300055,"Stewart's Road, Wandsworth Road",29977,2022-09-13 00:45:00,2025-12-31 19:03:00,1,False
547d540ffa2b3746,"drayton gardens, west chelsea",200060,"Drayton Gardens, West Chelsea",120647,2022-09-13 08:39:00,2025-12-31 23:16:00,1,False
5551f9ca489576fe,"baylis road, waterloo",001133,"Baylis Road, Waterloo",8735,2022-09-13 00:06:00,2023-03-26 23:45:00,1,False
559f67901ebab8d3,"goldsmith's row, haggerston",200159,"Goldsmith's Row, Haggerston",93467,2022-09-13 06:20:00,2025-12-31 18:46:00,1,False
56046750aa5340ef,"swan street, the borough",001216,"Swan Street, The Borough",4600,2022-09-13 06:35:00,2023-03-26 23:56:00,1,False
5620b891bacdf753,"russell square station, bloomsbury",000978,"Russell Square Station, Bloomsbury",5189,2022-09-13 06:30:00,2023-03-26 23:56:00,1,False
5642505f3be9f20e,"albany street, the regent's park",200134,"Albany Street, The Regent's Park",65488,2022-09-13 06:50:00,2025-12-31 22:44:00,1,False
5679161486c22631,"tower wharf, bermondsey",002667,"Tower Wharf, Bermondsey",5253,2022-09-13 06:17:00,2023-03-26 23:46:00,1,False
568d1fe0bd2e3d3c,"bourne street, belgravia",001180,"Bourne Street, Belgravia",4346,2022-09-13 02:28:00,2023-03-26 20:14:00,1,False
56c3e84df1f10d1e,"shouldham street, marylebone",002693,"Shouldham Street, Marylebone",3989,2022-09-13 07:20:00,2023-03-26 22:36:00,1,False
56c4ff241e50682f,"barons court station, west kensington",200197,"Barons Court Station, West Kensington",92787,2022-09-13 00:06:00,2025-12-31 23:10:00,1,False
5741e835a6836969,"putney pier, wandsworth",003492,"Putney Pier, Wandsworth",3738,2022-09-13 05:39:00,2023-03-26 21:37:00,1,False
574e0ade83bf2fef,"royal avenue 2, chelsea",003462,"Royal Avenue 2, Chelsea",4554,2022-09-13 07:21:00,2023-03-26 19:03:00,1,False
5809b8345cd18653,"gas holders, battersea park",300216,"Gas Holders, Battersea Park",128041,2022-09-13 02:19:00,2025-12-31 23:53:00,1,False
58c8a46a6afcff97,"roscoe street, st. luke's",001026,"Roscoe Street, St. Luke's",3667,2022-09-13 00:37:00,2023-03-26 22:43:00,1,False
5968f6292ae51699,"addison road, holland park",200218,"Addison Road, Holland Park",31724,2022-09-13 06:33:00,2025-12-31 22:16:00,1,False
596c0b19e814db1f,"green street, mayfair",003464,"Green Street, Mayfair",5719,2022-09-13 00:20:00,2023-03-26 22:47:00,1,False
59a32dea15a2aa8c,"chesilton road, fulham",300054,"Chesilton Road, Fulham",60893,2022-09-13 04:59:00,2025-12-31 19:40:00,1,False
59cc63db9c3b3b23,"broadwick street, soho",003489,"Broadwick Street, Soho",5817,2022-09-13 04:48:00,2023-03-26 22:31:00,1,False
5a0a94760f09b552,"coomer place, west kensington_old",300006-1,"Coomer Place, West Kensington_OLD",3753,2022-09-13 06:16:00,2022-10-28 13:48:00,1,False
5a2c248432b626fc,"tate modern, bankside",300237,"Tate Modern, Bankside",83518,2022-09-13 06:09:00,2025-12-31 23:04:00,1,False
5a3840b1fb28b020,"preston's road, cubitt town",200232,"Preston's Road, Cubitt Town",29457,2022-09-13 07:40:00,2025-12-31 22:30:00,1,False
5a41b6050032a9f1,"furze green, bow",200011,"Furze Green, Bow",73226,2022-09-13 06:15:00,2025-12-31 23:12:00,1,False
5a5ef87813067a9d,"palace gardens terrace, notting hill",002633,"Palace Gardens Terrace, Notting Hill",4997,2022-09-13 02:05:00,2023-03-26 23:01:00,1,False
5a61000151ec0ce4,"kingsway, covent garden",001141,"Kingsway, Covent Garden",1905,2022-09-13 06:55:00,2023-03-26 22:51:00,1,False
5a6e87aa4100e5e0,"christopher street, liverpool street",001012,"Christopher Street, Liverpool Street",3531,2022-09-13 06:18:00,2023-03-26 19:11:00,1,False
5a902e6f3ea0d839,"rifle place, avondale",300007,"Rifle Place, Avondale",23042,2022-09-13 08:02:00,2025-12-31 21:57:00,1,False
5b803d47765fbabe,"victory place, walworth",300239,"Victory Place, Walworth",40190,2022-09-13 06:07:00,2025-12-31 22:51:00,1,False
5b85a5064656d271,"gloucester street, pimlico",001103,"Gloucester Street, Pimlico",4581,2022-09-13 06:33:00,2023-03-26 20:44:00,1,False
5b9a2bca61950734,"wandsworth town station, wandsworth",200091,"Wandsworth Town Station, Wandsworth",55045,2022-09-13 06:34:00,2025-12-31 23:02:00,1,False
5c457953405f326e,"marloes road, kensington",003505,"Marloes Road, Kensington",2142,2022-09-13 03:40:00,2023-03-26 21:57:00,1,False
5ca7a7a961a8c85f,"fisherman's walk west, canary wharf",022165,"Fisherman's Walk West, Canary Wharf",3817,2022-09-13 05:52:00,2023-03-26 21:36:00,1,False
5cf242de49d712f1,"craven street, strand",001160,"Craven Street, Strand",8117,2022-09-13 05:04:00,2023-03-26 22:38:00,1,False
5cff9a9c90730488,"york hall, bethnal green",200042,"York Hall, Bethnal Green",71170,2022-09-13 00:14:00,2025-12-31 23:40:00,1,False
5d3d59ed16fd38e5,"millbank tower, pimlico",002683,"Millbank Tower, Pimlico",3858,2022-09-13 07:22:00,2023-03-26 23:17:00,1,False
5d460f35d0d91f39,"chepstow villas, notting hill",001120,"Chepstow Villas, Notting Hill",3352,2022-09-13 07:37:00,2023-03-26 22:44:00,1,False
5dbd8e2de88f1412,"gloucester road (north), kensington",003447,"Gloucester Road (North), Kensington",5336,2022-09-13 06:25:00,2023-03-26 23:45:00,1,False
5dd4d5677b225e05,"kensington town hall, kensington",010632,"Kensington Town Hall, Kensington",2329,2022-09-13 06:59:00,2023-03-26 17:16:00,1,False
5e46dbedf21545b9,"east ferry road, cubitt town",200031,"East Ferry Road, Cubitt Town",21058,2022-09-13 08:47:00,2025-12-31 22:55:00,1,False
5e497be3e4b0b06e,"sea containers, south bank",200144,"Sea Containers, South Bank",89302,2022-09-13 06:08:00,2025-12-31 21:13:00,1,False
5e87d83acb9543b0,"felsham road, putney",300019,"Felsham Road, Putney",42035,2022-09-13 07:18:00,2025-12-31 23:09:00,1,False
5f3bc4ea7c02d64b,"seymour place, marylebone",200198,"Seymour Place, Marylebone",71015,2022-09-13 01:00:00,2025-12-31 21:03:00,1,False
5f3bd424f6468b5d,"fawcett close, battersea",200192,"Fawcett Close, Battersea",27424,2022-09-13 00:16:00,2025-12-31 19:48:00,1,False
5f6728bf87708209,"cephas street, bethnal green",200073,"Cephas Street, Bethnal Green",57104,2022-09-13 00:24:00,2025-12-31 23:59:00,1,False
5fb0a3e75d09425f,"holborn circus, holborn",000982,"Holborn Circus, Holborn",9499,2022-09-13 06:32:00,2023-03-26 20:33:00,1,False
5fbc6e247a7767c5,"westfield ariel way, white city",200141,"Westfield Ariel Way, White City",66486,2022-09-13 00:06:00,2025-12-31 23:36:00,1,False
5ff71b7b917142f9,"brunswick square, bloomsbury",001022,"Brunswick Square, Bloomsbury",5058,2022-09-13 00:12:00,2023-03-26 22:40:00,1,False
6003ff8c59b80a14,"great suffolk street, the borough",200200,"Great Suffolk Street, The Borough",50325,2022-09-13 06:16:00,2025-12-31 19:22:00,1,False
60e50b6d8b1c2046,"wendon street, old ford",300039,"Wendon Street, Old Ford",37969,2022-09-13 08:03:00,2025-12-31 18:31:00,1,False
60fcc46cc2a6a9c9,"bromley high street, bow",022172,"Bromley High Street, Bow",2468,2022-09-13 07:17:00,2023-03-26 22:32:00,1,False
61589b7611b5a790,"baldwin street, st. luke's",003500,"Baldwin Street, St. Luke's",5268,2022-09-13 06:51:00,2023-03-26 23:29:00,1,False
61c9afcddba7775d,"ford road, old ford",200027,"Ford Road, Old Ford",57260,2022-09-13 07:19:00,2025-12-31 23:12:00,1,False
62033c30e95eebbd,"park lane, mayfair",300093,"Park Lane, Mayfair",39454,2022-09-13 02:16:00,2025-12-31 22:05:00,1,False
62222f7efa8aa195,"hurlingham park, parsons green",300098,"Hurlingham Park, Parsons Green",19623,2022-09-13 07:03:00,2025-12-31 16:13:00,1,False
6273c53dedb18f67,"eel brook common, walham green",300003,"Eel Brook Common, Walham Green",43499,2022-09-13 06:24:00,2025-12-31 22:52:00,1,False
62cef2ebd02561b2,"albert square, stockwell",300209,"Albert Square, Stockwell",71360,2022-09-13 01:56:00,2025-12-31 19:50:00,1,False
62e026f54d5f82e4,"kennington road post office, oval",001073,"Kennington Road Post Office, Oval",3535,2022-09-13 05:59:00,2023-03-26 23:06:00,1,False
62e6f4993d600f2a,"black lion gate, kensington gardens",001157,"Black Lion Gate, Kensington Gardens",11100,2022-09-13 05:28:00,2023-03-26 19:49:00,1,False
639a4ea472a23d13,"turquoise island, notting hill",002682,"Turquoise Island, Notting Hill",4469,2022-09-13 01:57:00,2023-03-26 21:22:00,1,False
64275942670fb31f,"durant street, bethnal green",200213,"Durant Street, Bethnal Green",65105,2022-09-13 01:21:00,2025-12-31 23:49:00,1,False
644b7affaaeb3f37,"embankment (savoy), strand",001192,"Embankment (Savoy), Strand",3445,2022-09-13 08:13:00,2023-03-26 20:02:00,1,False
644f8f116e7fd649,"erin close, walham green",200184,"Erin Close, Walham Green",71059,2022-09-13 06:40:00,2025-12-31 22:29:00,1,False
64c0198f97e1f5ba,"disraeli road, putney",200217,"Disraeli Road, Putney",40946,2022-09-13 06:40:00,2025-12-31 21:11:00,1,False
64ed29717f663ad2,"the metropolitan, portobello",300244,"The Metropolitan, Portobello",34406,2022-09-13 06:41:00,2025-12-31 21:21:00,1,False
65054869d01d9d1a,"prince albert road, the regent's park",002636,"Prince Albert Road, The Regent's Park",3693,2022-09-13 05:44:00,2023-03-26 21:09:00,1,False
65060369452f099e,"globe town market, bethnal green",200247,"Globe Town Market, Bethnal Green",68230,2022-09-13 03:26:00,2025-12-31 22:29:00,1,False
65419ff343eee833,"aston street, stepney",200013,"Aston Street, Stepney",53927,2022-09-13 00:42:00,2025-12-31 22:43:00,1,False
65425e74e4fb1d93,"howick place, westminster",002666,"Howick Place, Westminster",5996,2022-09-13 05:19:00,2023-03-26 22:19:00,1,False
65708ca5edaff6bf,"millennium hotel, mayfair",001230,"Millennium Hotel, Mayfair",2752,2022-09-13 07:58:00,2023-03-26 22:00:00,1,False
65c80e9ea7096c0d,"queen's circus, battersea park",200190,"Queen's Circus, Battersea Park",97096,2022-09-13 01:08:00,2025-12-31 21:53:00,1,False
65ccd8da304d97ba,"walmer road, avondale",200035,"Walmer Road, Avondale",26539,2022-09-13 07:20:00,2025-12-31 20:51:00,1,False
662d1b3446dc142f,"st. john street, finsbury",000992,"St. John Street, Finsbury",2556,2022-09-13 07:01:00,2023-03-26 18:51:00,1,False
66709659b9de415a,"scala street, fitzrovia",000970,"Scala Street, Fitzrovia",3549,2022-09-13 00:24:00,2023-03-26 20:30:00,1,False
6678c5b4ad28de68,"battersea power station, battersea park",300221,"Battersea Power Station, Battersea Park",181024,2022-09-13 06:32:00,2025-12-31 23:35:00,1,False
66b713600494d704,"all saints church, portobello",300023,"All Saints Church, Portobello",88505,2022-09-13 02:44:00,2025-12-31 20:04:00,1,False
66d963ef70ff6132,"kensington olympia station, olympia",001214,"Kensington Olympia Station, Olympia",3136,2022-09-13 03:20:00,2023-03-26 20:37:00,1,False
66e5e7e8f3e6a786,"nantes close, wandsworth",200186,"Nantes Close, Wandsworth",26175,2022-09-13 07:35:00,2025-12-31 17:36:00,1,False
6775f407d61354b6,"new fetter lane, holborn",200044,"New Fetter Lane, Holborn",71050,2022-09-13 05:44:00,2025-12-31 15:39:00,1,False
677e7d73b2cba47c,"windsor terrace, hoxton",001029,"Windsor Terrace, Hoxton",3303,2022-09-13 00:11:00,2023-03-26 21:22:00,1,False
67bd50cab63ab8f4,"warwick road, olympia",001134,"Warwick Road, Olympia",6190,2022-09-13 00:10:00,2023-03-26 22:58:00,1,False
67e9900dc55e6f61,"clarkson street, bethnal green",200131,"Clarkson Street, Bethnal Green",36628,2022-09-13 07:12:00,2025-12-31 23:43:00,1,False
68667db4e6299328,"mile end stadium, mile end",300056,"Mile End Stadium, Mile End",56597,2022-09-13 01:10:00,2025-12-31 22:28:00,1,False
688abb81522edc9c,"butler place, westminster",002662,"Butler Place, Westminster",3909,2022-09-13 06:59:00,2023-03-26 22:13:00,1,False
690d03718d4188b6,"albert gate, hyde park",001132,"Albert Gate, Hyde Park",9017,2022-09-13 06:25:00,2023-03-26 20:01:00,1,False
69276eba1480a6d9,"heath road, battersea",200023,"Heath Road, Battersea",26343,2022-09-13 07:11:00,2025-12-31 21:44:00,1,False
6939ea75f4f053f9,"north wharf road, paddington",001108,"North Wharf Road, Paddington",3607,2022-09-13 00:32:00,2023-03-26 22:55:00,1,False
69d72caf67dc4230,"emperor's gate, south kensington",001116,"Emperor's Gate, South Kensington",3826,2022-09-13 01:33:00,2023-03-26 21:50:00,1,False
69fe2768e80dbd68,"danvers street, west chelsea",200222,"Danvers Street, West Chelsea",47012,2022-09-13 05:49:00,2025-12-31 23:49:00,1,False
6a46a142c3c0d739,"southampton street, strand",001228,"Southampton Street, Strand",6184,2022-09-13 06:38:00,2023-03-26 23:04:00,1,False
6a46c3a56489332c,"northumberland avenue, strand",001097,"Northumberland Avenue, Strand",5164,2022-09-13 01:06:00,2023-03-26 23:28:00,1,False
6aa03322b74246aa,"lightermans road, millwall",200004,"Lightermans Road, Millwall",43350,2022-09-13 05:38:00,2025-12-31 23:44:00,1,False
6aa2a3efb4cb5495,"southampton place, holborn",001123,"Southampton Place, Holborn",4455,2022-09-13 06:51:00,2023-03-26 23:42:00,1,False
6b160da9a332571d,"bishop's bridge road west, bayswater",200110,"Bishop's Bridge Road West, Bayswater",104227,2022-09-13 07:38:00,2025-12-31 23:41:00,1,False
6bb35a21bb52f3ad,"wellington arch, hyde park",001109,"Wellington Arch, Hyde Park",8032,2022-09-13 06:23:00,2023-03-26 22:20:00,1,False
6bb40c183850322c,"northington street, holborn",003425,"Northington Street , Holborn",5499,2022-09-13 06:16:00,2023-03-26 23:37:00,1,False
6bb7499836246905,"fashion street, whitechapel",003483,"Fashion Street, Whitechapel",3497,2022-09-13 02:30:00,2023-03-26 23:50:00,1,False
6be4f270234170e1,"heron quays dlr, canary wharf",200138,"Heron Quays DLR, Canary Wharf",13558,2022-09-13 06:43:00,2025-12-31 17:27:00,1,False
6c4b60ea6e52a9df,"queen's gate (south), south kensington",001172,"Queen's Gate (South), South Kensington",5324,2022-09-13 01:10:00,2023-03-26 23:41:00,1,False
6c72d855f270f8f3,"stephendale road, sands end",300053,"Stephendale Road, Sands End",75832,2022-09-13 05:52:00,2025-12-31 21:14:00,1,False
6cb36045e1d0f35a,"crisp road, hammersmith",200059,"Crisp Road, Hammersmith",76550,2022-09-13 05:39:00,2025-12-31 22:27:00,1,False
6cfdd9f709c3179d,"langdon park, poplar",200160,"Langdon Park, Poplar",21216,2022-09-13 05:16:00,2025-12-31 22:28:00,1,False
6d4f711247af8870,"hoxton station, hoxton",200151,"Hoxton Station, Hoxton",78750,2022-09-13 00:36:00,2025-12-31 21:59:00,1,False
6dc117ca83523872,"worship street, shoreditch",000997,"Worship Street, Shoreditch",5775,2022-09-13 06:12:00,2023-03-26 20:48:00,1,False
6dd0c1b550e3902f,"victoria rise, clapham common",300204,"Victoria Rise, Clapham Common",34708,2022-09-13 06:56:00,2025-12-31 22:52:00,2,True
6de509caf817f76b,"tallis street, temple",300096,"Tallis Street, Temple",69048,2022-09-13 04:06:00,2025-12-31 17:49:00,1,False
6e571cf13cc53a38,"nutford place, marylebone",001112,"Nutford Place, Marylebone",3205,2022-09-13 01:17:00,2023-03-26 22:24:00,1,False
6e81139fde883696,"fulham park road, fulham",200229,"Fulham Park Road, Fulham",53589,2022-09-13 04:22:00,2025-12-31 23:27:00,1,False
6f3294cce96dad8a,"exhibition road museums 2, south kensington",200052,"Exhibition Road Museums 2, South Kensington",63156,2022-09-13 06:54:00,2025-12-31 16:44:00,1,False
6f4f38732bab6625,"museum of london, barbican",001043,"Museum of London, Barbican",5533,2022-09-13 06:15:00,2023-03-26 22:08:00,1,False
6faa3beeb07bf512,"new cavendish street, marylebone",200005,"New Cavendish Street, Marylebone",72957,2022-09-13 07:09:00,2025-12-31 23:33:00,1,False
6fb3402e5bbd3f2e,"st. john's wood church, the regent's park",001091,"St. John's Wood Church, The Regent's Park",3278,2022-09-13 07:48:00,2023-03-26 22:20:00,1,False
6ff7f629ef16b3de,"bayley street, bloomsbury",001006,"Bayley Street , Bloomsbury",6050,2022-09-13 00:43:00,2023-03-26 23:28:00,1,False
7066d2feb9ed58b1,"page street, westminster",200048,"Page Street, Westminster",104747,2022-09-13 01:06:00,2025-12-31 23:58:00,1,False
70da73f27e18767c,"st. mark's road, north kensington",300034,"St. Mark's Road, North Kensington",40724,2022-09-13 05:48:00,2025-12-31 16:52:00,1,False
71175d49a102878e,"queen mary's, mile end",200249,"Queen Mary's, Mile End",90222,2022-09-15 16:16:00,2025-12-31 18:50:00,1,False
71f2215a1d77e331,"surrey lane, battersea",300010,"Surrey Lane, Battersea",56973,2022-09-13 07:51:00,2025-12-31 20:27:00,1,False
723ab54f3d2eb826,"gaywood street, elephant & castle",200132,"Gaywood  Street, Elephant & Castle",61429,2022-09-13 06:35:00,2025-12-31 23:41:00,1,False
72daf644f0c0ca28,"cheapside, bank",022180,"Cheapside, Bank",10504,2022-09-13 05:12:00,2023-03-26 23:56:00,1,False
72fb85861ae08dcc,"cleaver street, kennington",010628,"Cleaver Street, Kennington",2385,2022-09-13 05:53:00,2023-03-26 15:47:00,1,False
730e382045666312,"waterloo station 3, waterloo",001072,"Waterloo Station 3, Waterloo",19001,2022-09-13 05:13:00,2023-03-26 19:09:00,1,False
735a13d39a71ccba,"jewry street, aldgate",001045,"Jewry Street, Aldgate",4385,2022-09-13 06:23:00,2023-03-26 21:18:00,1,False
73cd2eb5961f0af4,"gwendwr road, west kensington",300097,"Gwendwr Road, West Kensington",46381,2022-09-13 06:17:00,2025-12-31 22:35:00,1,False
742e4f85c9c8a0d2,"empire square, the borough",001209,"Empire Square, The Borough",4455,2022-09-13 06:52:00,2023-03-26 23:13:00,1,False
7437977a0ed3aa2a,"upper bank street, canary wharf",200099,"Upper Bank Street, Canary Wharf",85619,2022-09-13 06:44:00,2025-12-31 23:12:00,1,False
7461f9d78d587cf6,"sadlers sports centre, finsbury",003433,"Sadlers Sports Centre, Finsbury",4987,2022-09-13 00:36:00,2023-03-26 22:58:00,1,False
74b5ae912f52cadd,"southwark street, bankside",300238,"Southwark Street, Bankside",38679,2022-09-13 07:02:00,2025-12-31 18:36:00,1,False
74e4ee432d10e937,"maplin street, mile end",200230,"Maplin Street, Mile End",112863,2022-09-13 00:45:00,2025-12-31 23:50:00,1,False
74ed9d9c3c44601e,"vereker road, west kensington",200116,"Vereker Road, West Kensington",72647,2022-09-13 04:50:00,2025-12-31 20:09:00,1,False
75d2db22fda6f731,"st. martin's street, west end",001158,"St. Martin's Street, West End",2900,2022-09-13 08:01:00,2023-03-26 23:48:00,1,False
762c1d2afafff438,"wells street, fitzrovia",003495,"Wells Street, Fitzrovia",6584,2022-09-13 06:50:00,2023-03-26 19:13:00,1,False
765345c4e38bb9bc,"abbey orchard street, westminster",003429,"Abbey Orchard Street, Westminster",5404,2022-09-13 03:32:00,2023-03-26 23:09:00,1,False
7843c342d519e76f,"kennington station, kennington",022170,"Kennington Station, Kennington",3511,2022-09-13 00:30:00,2023-03-26 23:52:00,1,False
78b19ec47bba6579,"flamborough street, limehouse",200115,"Flamborough Street, Limehouse",108882,2022-09-13 00:32:00,2025-12-31 23:56:00,1,False
79eabdda41197796,"park lane, hyde park",001037,"Park Lane , Hyde Park",7736,2022-09-13 00:06:00,2023-03-26 21:07:00,1,False
79ef48e3e46cf440,"merchant street, bow",200242,"Merchant Street, Bow",30304,2022-09-13 00:16:00,2025-12-31 19:11:00,1,False
7a08f8b68b1b2036,"grosvenor crescent, belgravia",001169,"Grosvenor Crescent, Belgravia",812,2022-09-13 04:49:00,2023-03-26 22:16:00,1,False
7a142e7085f733f7,"frith street, soho",002660,"Frith Street, Soho",5536,2022-09-13 06:39:00,2023-03-26 22:09:00,1,False
7a3e1041d8d1d43f,"wapping high street, wapping",001039,"Wapping High Street, Wapping",2470,2022-09-13 06:51:00,2023-03-26 23:46:00,1,False
7a9b55e8b7d3b9a2,"hawley crescent, camden town",200122,"Hawley Crescent, Camden Town",31778,2022-09-13 00:10:00,2025-12-31 23:45:00,1,False
7abfbf3938ff1c9e,"sail street, vauxhall",200039,"Sail Street, Vauxhall",50098,2022-09-13 06:37:00,2025-12-31 23:45:00,1,False
7ac677ca47a628e7,"canton street, poplar",022175,"Canton Street, Poplar",1975,2022-09-13 07:01:00,2023-03-26 22:21:00,1,False
7afc6fdca3e79d39,"prince of wales drive, battersea park",300073,"Prince of Wales Drive, Battersea Park",54525,2022-09-13 05:14:00,2025-12-31 23:02:00,1,False
7b040fc734aaa706,"goswell road (city uni), finsbury",001222,"Goswell Road (City Uni), Finsbury",3263,2022-09-13 08:04:00,2023-03-26 21:51:00,1,False
7b6626f28bbe009a,"southwark station 2, southwark",022163,"Southwark Station 2, Southwark",3993,2022-09-14 13:42:00,2023-03-26 23:08:00,1,False
7b81660cd2feafd4,"pott street, bethnal green",200156,"Pott Street, Bethnal Green",76829,2022-09-13 01:10:00,2025-12-31 19:55:00,1,False
7b8a6850975bbdb6,"eagle wharf road, hoxton",200246,"Eagle Wharf Road, Hoxton",139555,2022-09-13 05:30:00,2025-12-31 23:42:00,1,False
7c17330b8199fd17,"queensway, kensington gardens",001150,"Queensway, Kensington Gardens",6552,2022-09-13 00:20:00,2023-03-26 23:51:00,1,False
7c79fe7a17af4e7c,"golden square, soho",003451,"Golden Square, Soho",5753,2022-09-13 06:36:00,2023-03-26 22:58:00,1,False
7cccd66af467ecf8,"hammersmith road, hammersmith",200142,"Hammersmith Road, Hammersmith",86472,2022-09-13 04:49:00,2025-12-31 20:04:00,1,False
7cd81808140e2183,"stonecutter street, holborn",001061,"Stonecutter Street, Holborn",2359,2022-09-15 14:21:00,2023-03-26 14:46:00,1,False
7d22a8cdd4f2982d,"eaton square, belgravia",001069,"Eaton Square, Belgravia",2866,2022-09-13 07:05:00,2023-03-26 21:34:00,1,False
7d819c9af43bb0aa,"farringdon street, holborn",300220,"Farringdon Street, Holborn",58987,2022-09-13 05:40:00,2025-12-31 21:38:00,1,False
7d95cd8997beea2b,"marylebone lane, marylebone",001152,"Marylebone Lane, Marylebone",5761,2022-09-13 07:03:00,2023-03-26 21:31:00,1,False
7dd6b440aebf4271,"colet gardens, hammersmith",200224,"Colet Gardens, Hammersmith",10948,2022-09-13 07:16:00,2025-12-31 22:44:00,1,False
7e8057990310b2b2,"salmon lane, limehouse",200147,"Salmon Lane, Limehouse",71834,2022-09-13 03:17:00,2025-12-31 23:57:00,1,False
7f369b4de01b5d57,"phillimore gardens, kensington",001018,"Phillimore Gardens, Kensington",5430,2022-09-13 06:04:00,2023-03-26 17:49:00,1,False
7f4b3c28dfdeb6cd,"longford street, the regent's park",000976,"Longford Street, The Regent's Park",2151,2022-09-13 06:20:00,2023-03-26 22:56:00,1,False
7f993811a0acc47b,"old ford road, bethnal green",022173,"Old Ford Road, Bethnal Green",2640,2022-09-13 07:02:00,2023-03-26 23:15:00,1,False
7fdd9b7c2b0a88a3,"caldwell street, stockwell",200137,"Caldwell Street, Stockwell",72417,2022-09-13 00:32:00,2025-12-31 23:15:00,1,False
8049df2ddd6ad598,"sandilands road, walham green",300001,"Sandilands Road, Walham Green",63581,2022-09-13 06:19:00,2025-12-31 19:54:00,1,False
80ca2bafd296fdb5,"gloucester road station, south kensington",001107,"Gloucester Road Station, South Kensington",8579,2022-09-13 00:33:00,2023-03-26 19:34:00,1,False
81bf5a2a40cf3521,"boston place, marylebone",001035,"Boston Place, Marylebone",6741,2022-09-13 05:28:00,2023-03-26 19:22:00,1,False
81f25e65ab004713,"lsbu (borough road), elephant & castle",001095,"LSBU (Borough Road), Elephant & Castle",2546,2022-09-13 06:25:00,2023-03-26 23:24:00,1,False
82199f2f63bf71c7,"princes square, bayswater",003491,"Princes Square, Bayswater",2205,2022-09-13 05:42:00,2023-03-26 20:33:00,1,False
839c64e978432261,"queen street 2, bank",200128,"Queen Street 2, Bank",172304,2022-09-13 04:22:00,2025-12-31 23:55:00,1,False
845bc42f9229d61f,"smugglers way, wandsworth",200113,"Smugglers Way, Wandsworth",45344,2022-09-13 05:53:00,2025-12-31 22:11:00,1,False
851dc006f9748b07,"fore street avenue, guildhall",300222,"Fore Street Avenue, Guildhall",12444,2022-09-13 05:59:00,2023-06-18 23:47:00,2,True
851eb47f37663c37,"all saints' road, portobello",300026,"All Saints' Road, Portobello",36186,2022-09-13 01:18:00,2025-12-31 20:51:00,1,False
85342a8b0e4829c8,"blythe road, olympia",200153,"Blythe Road, Olympia",51262,2022-09-13 05:52:00,2025-12-31 20:34:00,1,False
8536a4319082511d,"claverton street, pimlico",001135,"Claverton Street, Pimlico",3219,2022-09-13 06:51:00,2023-03-26 22:11:00,1,False
8568b40c1b06f9a5,"monier road, hackney wick",300213,"Monier Road, Hackney Wick",81024,2022-09-13 05:18:00,2025-12-31 19:54:00,1,False
85750ba3b7ac93da,"sancroft street, vauxhall",003434,"Sancroft Street, Vauxhall",2267,2022-09-13 05:30:00,2023-03-26 23:58:00,1,False
85bb97356ee1e8c3,"coram street, bloomsbury",300201,"Coram Street, Bloomsbury",55617,2022-09-13 07:21:00,2025-12-31 23:15:00,1,False
85f41a03da5ebbc4,"sun street, liverpool street",001129,"Sun Street, Liverpool Street",5744,2022-09-13 05:22:00,2023-03-26 21:48:00,1,False
880dcd924da3ba3a,"bunhill row, moorgate",001211,"Bunhill Row, Moorgate",7285,2022-09-13 05:51:00,2023-03-26 23:02:00,1,False
88e5458acd7474f7,"cheshire street, bethnal green",200003,"Cheshire Street, Bethnal Green",49447,2022-09-13 03:24:00,2025-12-31 23:20:00,1,False
892eeca8361c3362,"notting hill gate station, notting hill",001182,"Notting Hill Gate Station, Notting Hill",6588,2022-09-13 00:06:00,2023-03-26 21:59:00,1,False
89402df4037f0522,"william morris way, sands end",200062,"William Morris Way, Sands End",55182,2022-09-13 05:12:00,2025-12-31 21:30:00,1,False
899be35df3a0340d,"old montague street, whitechapel",200239,"Old Montague Street, Whitechapel",69001,2022-09-13 04:01:00,2025-12-31 21:07:00,1,False
8a0da7ef548b8799,"houndsditch, aldgate",200072,"Houndsditch, Aldgate",80221,2022-09-13 04:27:00,2025-12-31 22:05:00,1,False
8a1ef7696422b4ce,"kennington cross, kennington",001093,"Kennington Cross, Kennington",7020,2022-09-13 01:21:00,2023-03-26 22:54:00,1,False
8b9a87db2abeb0ff,"hermitage court, wapping",200021,"Hermitage Court, Wapping",57363,2022-09-13 06:18:00,2025-12-31 17:51:00,1,False
8ba66342e7a9ec38,"lee valley velopark, queen elizabeth olympic park",300029,"Lee Valley VeloPark, Queen Elizabeth Olympic Park",51012,2022-09-13 06:30:00,2025-12-31 16:07:00,1,False
8c05c08eeecdf1ea,"golden lane, barbican",000967,"Golden Lane, Barbican",4052,2022-09-13 07:04:00,2023-03-26 22:11:00,1,False
8c0b9c8cd0cc6d70,"grafton street, mayfair",003431,"Grafton Street, Mayfair",3113,2022-09-13 06:12:00,2023-03-26 14:15:00,1,False
8d29c4ea68351310,"evesham street, avondale",300022,"Evesham Street, Avondale",19197,2022-09-13 06:44:00,2025-12-31 16:15:00,1,False
8d2e80da2ffccc4f,"granby street, shoreditch",022174,"Granby Street, Shoreditch",5457,2022-09-13 00:14:00,2023-03-26 23:42:00,1,False
8d35da6b684ddc1d,"irene road, parsons green",300012,"Irene Road, Parsons Green",39083,2022-09-13 06:41:00,2025-12-31 18:21:00,1,False
8d671fe2056363d6,"teviot street, poplar",200254,"Teviot Street, Poplar",11956,2022-09-13 00:03:00,2025-12-31 21:49:00,1,False
8da2f551f8b25a10,"lambeth north station, waterloo",001117,"Lambeth North Station, Waterloo",3522,2022-09-13 06:26:00,2023-03-26 22:05:00,1,False
8ed8a121eea8de22,"foley street, fitzrovia",003494,"Foley Street, Fitzrovia",4427,2022-09-13 05:24:00,2023-03-26 22:36:00,1,False
8ee01ad311370fd2,"palissy street, shoreditch",003502,"Palissy Street, Shoreditch",3712,2022-09-13 05:27:00,2023-03-26 22:06:00,1,False
8f6bd7f786ebc8f6,"orbel street, battersea",200114,"Orbel Street, Battersea",51405,2022-09-13 00:05:00,2025-12-31 21:13:00,1,False
8fbbd97a40a538aa,"imperial wharf station, sands end",300070,"Imperial Wharf Station, Sands End",99254,2022-09-13 02:11:00,2025-12-31 23:53:00,1,False
90837d64432e5878,"new north road 1, hoxton",001128,"New North Road 1, Hoxton",842,2022-09-13 08:42:00,2022-10-30 23:41:00,1,False
90877d88290b1e5b,"south lambeth road, vauxhall",200133,"South Lambeth Road, Vauxhall",102151,2022-09-13 05:37:00,2025-12-31 21:13:00,1,False
9171ca1d68ea0ec0,"theobald's road, holborn",000975,"Theobald's Road , Holborn",4734,2022-09-13 06:36:00,2023-03-26 23:05:00,1,False
91a9ed440347e772,"burdett road, mile end",200123,"Burdett Road, Mile End",69354,2022-09-13 00:03:00,2025-12-31 22:47:00,1,False
9374a18f161e7d3c,"woodstock street, mayfair",001042,"Woodstock Street, Mayfair",2971,2022-09-13 06:17:00,2023-03-26 19:35:00,1,False
93807ce3291f7ff2,"world's end place, west chelsea",300009,"World's End Place, West Chelsea",69894,2022-09-13 01:00:00,2025-12-31 23:24:00,1,False
93ab62bc3cb9c850,"bow road station, bow",200251,"Bow Road Station, Bow",62559,2022-09-13 00:49:00,2025-12-31 19:52:00,1,False
93bc5bc532696b92,"clinton road, mile end",200161,"Clinton Road, Mile End",49365,2022-09-13 00:08:00,2025-12-31 23:03:00,1,False
95208c035a3e2427,"maida vale, maida vale",003423,"Maida Vale, Maida Vale",5527,2022-09-13 00:49:00,2023-03-26 22:04:00,1,False
9554fefe541783bb,"broadley terrace, marylebone",300072,"Broadley Terrace, Marylebone",36123,2022-09-13 01:17:00,2025-12-31 19:04:00,1,False
95f8a638c20387d6,"bury place, holborn",200074,"Bury Place, Holborn",57110,2022-09-13 06:50:00,2025-12-31 20:46:00,1,False
9657ff7e5441fe13,"dock street, wapping",003467,"Dock Street, Wapping",5923,2022-09-13 01:14:00,2023-03-26 19:55:00,1,False
967faf2255e2ecbd,"the vale, chelsea",300058,"The Vale, Chelsea",79701,2022-09-13 03:08:00,2025-12-31 23:28:00,1,False
96cba7770e1bd82b,"falkirk street, hoxton",001047,"Falkirk Street, Hoxton",3288,2022-09-13 03:11:00,2023-03-26 22:11:00,1,False
96d0dfba757b7e32,"battersea church road, battersea",200201,"Battersea Church Road, Battersea",76901,2022-09-13 06:04:00,2025-12-31 22:33:00,1,False
9711ae957ea82bd6,"buckingham gate, westminster",200178,"Buckingham Gate, Westminster",78039,2022-09-13 01:45:00,2025-12-31 23:00:00,1,False
972d85074eea6862,"russell gardens, olympia",200080,"Russell Gardens, Olympia",33138,2022-09-13 06:15:00,2025-12-31 19:48:00,1,False
977e55e3003daa08,"farm street, mayfair",002678,"Farm Street, Mayfair",2495,2022-09-13 04:46:00,2023-03-26 22:52:00,1,False
97937fd2968a1732,"south park, sands end",200180,"South Park, Sands End",45644,2022-09-13 06:42:00,2025-12-31 19:29:00,1,False
98ed891b966ff44b,"saunders ness road, cubitt town",200022,"Saunders Ness Road, Cubitt Town",50791,2022-09-13 08:03:00,2025-12-31 23:09:00,1,False
99575c463f978ef5,"liverpool road (n1 centre), angel",001081,"Liverpool Road (N1 Centre), Angel",5993,2022-09-13 05:47:00,2023-03-26 21:16:00,1,False
9a4eccbbc04b5791,"red lion square, holborn",003421,"Red Lion Square, Holborn",2352,2022-09-13 06:38:00,2023-03-26 23:46:00,1,False
9a4feedeb2a58aee,"st john's crescent, brixton",300215,"St John's Crescent, Brixton",26613,2022-09-13 07:22:00,2025-12-31 20:26:00,1,False
9ae635b1c57be252,"ashmole estate, oval",200223,"Ashmole Estate, Oval",52966,2022-09-13 02:35:00,2025-12-31 18:39:00,1,False
9b1c1b7cf7898899,"stamford street, south bank",000962,"Stamford Street, South Bank",4692,2022-09-13 02:02:00,2023-03-26 23:21:00,1,False
9b6b67f3c2ef3bb7,"queensdale road, shepherd's bush",300088,"Queensdale Road, Shepherd's Bush",25285,2022-09-13 02:44:00,2025-12-31 22:53:00,1,False
9b77ae297541e92f,"ormonde gate, chelsea",300089,"Ormonde Gate, Chelsea",57842,2022-09-13 00:33:00,2025-12-31 23:32:00,1,False
9ba17a30c4e4935c,"seville street, knightsbridge",001177,"Seville Street, Knightsbridge",6224,2022-09-13 07:51:00,2023-03-26 22:42:00,1,False
9c105fb6c1a52136,"barbican centre, barbican",001191,"Barbican Centre, Barbican",4489,2022-09-13 07:19:00,2023-03-26 22:54:00,1,False
9c185dbfb764cf5f,"concert hall approach 2, south bank",001212,"Concert Hall Approach 2, South Bank",3379,2022-09-13 03:12:00,2023-03-26 21:42:00,1,False
9c336747c45dc3f5,"st. george street, mayfair",001221,"St. George Street, Mayfair",4053,2022-09-13 06:05:00,2023-03-26 19:21:00,1,False
9c419bcc25600717,"wood street, guildhall",001063,"Wood Street, Guildhall",2781,2022-09-13 05:38:00,2023-03-26 21:02:00,1,False
9c4a311362731671,"lisson grove, st. john's wood",001030,"Lisson Grove, St. John's Wood",1621,2022-09-13 08:54:00,2023-03-26 21:51:00,1,False
9ca41e16b789f6e4,"bbc white city, white city",200136,"BBC White City, White City",64967,2022-09-13 12:23:00,2025-12-31 23:36:00,1,False
9cc6f2b899e97fbd,"teversham lane, stockwell",300036,"Teversham Lane, Stockwell",38685,2022-09-13 02:35:00,2025-12-31 23:40:00,1,False
9d0afb0185356927,"hardwick street, clerkenwell",001057,"Hardwick Street, Clerkenwell",1929,2022-09-13 06:41:00,2023-03-26 21:44:00,1,False
9d461f338fefa5e4,"aintree street, fulham",200098,"Aintree Street, Fulham",66520,2022-09-13 00:06:00,2025-12-31 21:04:00,1,False
9d4b1691ee526b70,"lollard street, vauxhall",000998,"Lollard Street, Vauxhall",5512,2022-09-13 07:02:00,2023-03-26 22:51:00,1,False
9dd8e8298143ecb0,"bethnal green garden, bethnal green",200047,"Bethnal Green Garden, Bethnal Green",53923,2022-09-13 00:59:00,2025-12-31 23:19:00,1,False
9e25f1743836a001,"nevern place, earl's court",001210,"Nevern Place, Earl's Court",2987,2022-09-13 01:33:00,2023-03-26 22:18:00,1,False
9f19c0e8a406234c,"geraldine street, elephant & castle",003498,"Geraldine Street, Elephant & Castle",1274,2022-09-13 07:20:00,2023-03-26 23:23:00,1,False
9f3c3df049eb1aaf,"aldersgate street, barbican",001065,"Aldersgate Street, Barbican",7937,2022-09-13 00:36:00,2023-03-26 23:51:00,1,False
9fc8435b359819f8,"godliman street, st. paul's",000971,"Godliman Street, St. Paul's",4131,2022-09-13 03:41:00,2023-03-26 20:47:00,1,False
9fec329df9cd24b7,"aquatic centre, queen elizabeth olympic park",300233,"Aquatic Centre, Queen Elizabeth Olympic Park",53772,2022-09-13 06:30:00,2025-12-31 23:40:00,1,False
a04441c00768acaf,"gauden road, clapham",300207,"Gauden Road, Clapham",87763,2022-09-13 02:17:00,2025-12-31 23:00:00,1,False
a06366fafb422ebf,"strata, elephant & castle",010624,"Strata, Elephant & Castle",8121,2022-09-13 02:24:00,2023-03-26 23:06:00,1,False
a0c147128902d0b3,"greyhound road, hammersmith",200215,"Greyhound Road, Hammersmith",73121,2022-09-13 05:29:00,2025-12-31 23:10:00,1,False
a0c14901f73c40ce,"richmond way, shepherd's bush",200181,"Richmond Way, Shepherd's Bush",57930,2022-09-13 05:54:00,2025-12-31 21:42:00,1,False
a100a98ec0feb3be,"calshot street, king's cross",001066,"Calshot Street , King's Cross",1911,2022-09-13 07:17:00,2023-03-26 22:51:00,1,False
a1039bc5b5dcf51a,"finnis street, bethnal green",300041,"Finnis Street, Bethnal Green",41010,2022-09-13 05:50:00,2025-12-31 18:42:00,1,False
a15f189a5e77a2f2,"finsbury circus, liverpool street",000984,"Finsbury Circus, Liverpool Street",9286,2022-09-13 04:39:00,2023-03-26 15:10:00,1,False
a16e6b8d1252a1ab,"st. george's square, pimlico",001195,"St. George's Square, Pimlico",4591,2022-09-13 05:53:00,2023-03-26 22:20:00,1,False
a1cccb489ae3075d,"westminster university, marylebone",001194,"Westminster University, Marylebone",3016,2022-09-13 06:49:00,2023-03-26 20:31:00,1,False
a1d037bf99c10608,"queensbridge road, haggerston",200024,"Queensbridge Road, Haggerston",42486,2022-09-13 00:24:00,2025-12-31 21:47:00,1,False
a20995a497e4256e,"tavistock street, covent garden",001207,"Tavistock Street, Covent Garden",4840,2022-09-13 07:33:00,2023-03-26 22:39:00,1,False
a277918aba0dbb6c,"carnegie street, king's cross",300035,"Carnegie Street, King's Cross",41126,2022-09-13 00:32:00,2025-12-31 22:50:00,1,False
a2b89e7c3b6d93cc,"shoreditch court, haggerston",200121,"Shoreditch Court, Haggerston",50691,2022-09-13 04:49:00,2025-12-31 23:31:00,1,False
a32201b909fd4887,"belvedere road 1, south bank",001186,"Belvedere Road 1, South Bank",4043,2022-09-14 14:12:00,2023-03-26 21:59:00,1,False
a352935b94e31e27,"abyssinia close, clapham junction",300099,"Abyssinia Close, Clapham Junction",6114,2022-09-13 04:00:00,2023-04-10 19:16:00,2,True
a367a637a25841f6,"cartwright gardens, bloomsbury",001010,"Cartwright Gardens , Bloomsbury",4102,2022-09-13 06:13:00,2023-03-26 22:56:00,1,False
a371161a87bdfbc6,"finsbury square, moorgate",001056,"Finsbury Square , Moorgate",4084,2022-09-13 05:45:00,2023-03-26 18:44:00,1,False
a415281d47e4b732,"napier avenue, millwall",200046,"Napier Avenue, Millwall",18322,2022-09-13 00:05:00,2025-12-31 22:12:00,1,False
a427012577e44f75,"brandon street, walworth",300060,"Brandon Street, Walworth",55553,2022-09-13 06:57:00,2025-12-31 23:38:00,1,False
a431ffa51375b526,"bethnal green road, shoreditch",000973,"Bethnal Green Road, Shoreditch",11955,2022-09-13 00:11:00,2023-03-26 23:04:00,1,False
a49daf102a644cc2,"new road 1, whitechapel",001171,"New Road 1 , Whitechapel",5739,2022-09-13 13:51:00,2023-03-26 23:40:00,1,False
a4b7aced360ef0e5,"east village, queen elizabeth olympic park",300200,"East Village, Queen Elizabeth Olympic Park",70097,2022-09-13 05:46:00,2025-12-31 21:55:00,1,False
a4f285380e7648ab,"belvedere road 2, south bank",300246,"Belvedere Road 2, South Bank",58450,2022-09-13 00:01:00,2025-12-31 14:26:00,1,False
a62747135e472754,"montserrat road, putney",200205,"Montserrat Road , Putney",23468,2022-09-13 07:29:00,2025-12-31 18:32:00,1,False
a6ab115c6fa19b0a,"putney rail station, putney",300033,"Putney Rail Station, Putney",25459,2022-09-13 07:16:00,2025-12-31 08:02:00,1,False
a6b3e364fd07de63,"spindrift avenue, millwall",200018,"Spindrift Avenue, Millwall",28844,2022-09-13 08:26:00,2025-12-31 23:13:00,1,False
a6c9b406c5c177e6,"stebondale street, cubitt town",200009,"Stebondale Street, Cubitt Town",16253,2022-09-13 08:32:00,2025-12-31 20:33:00,1,False
a7ae71f4a4904059,"upper grosvenor street, mayfair",010621,"Upper Grosvenor Street, Mayfair",999,2022-09-13 09:23:00,2023-03-26 16:11:00,1,False
a83b09e4c7b54723,"spencer park, wandsworth common",200191,"Spencer Park, Wandsworth Common",17039,2022-09-13 07:20:00,2025-12-31 20:28:00,1,False
a841c43c6d63fe32,"ashley place, victoria",001122,"Ashley Place, Victoria",4958,2022-09-13 06:14:00,2023-03-26 22:37:00,1,False
a89129d2fbd09531,"drummond street, euston",000993,"Drummond Street , Euston",2358,2022-09-13 06:33:00,2023-03-26 23:08:00,1,False
a9aec424fdbc2ef1,"de vere gardens, kensington",003446,"De Vere Gardens, Kensington",4459,2022-09-13 05:15:00,2023-03-26 22:29:00,1,False
a9ca7a724b2f9f5a,"guildhouse street, victoria",003478,"Guildhouse Street, Victoria",3021,2022-09-13 04:31:00,2023-03-26 19:50:00,1,False
a9df8b70d50ff812,"derry street, kensington",003436,"Derry Street, Kensington",8925,2022-09-13 03:07:00,2023-03-26 21:31:00,1,False
aa32ce5d08091b0b,"woodstock grove, shepherd's bush",200214,"Woodstock Grove, Shepherd's Bush",80962,2022-09-13 00:04:00,2025-12-31 21:42:00,1,False
aac9855f3d237ae8,"kennington lane rail bridge, vauxhall",001190,"Kennington Lane Rail Bridge, Vauxhall",8820,2022-09-13 02:17:00,2023-03-26 22:51:00,1,False
ab1758a001e2dcef,"long lane, bermondsey",001189,"Long Lane , Bermondsey",4387,2022-09-13 05:04:00,2023-03-26 21:38:00,1,False
abda93ac57960863,"podium, queen elizabeth olympic park",300021,"Podium, Queen Elizabeth Olympic Park",130555,2022-09-13 05:31:00,2025-12-31 23:40:00,1,False
abf4666a5cd3e641,"carey street, holborn",001139,"Carey Street, Holborn",2021,2022-09-13 03:21:00,2023-03-26 15:46:00,1,False
acd21f9613278622,"culvert road, battersea",300080,"Culvert Road, Battersea",30366,2022-09-13 06:03:00,2025-12-31 20:13:00,1,False
ad84f76a72bb0357,"brick lane market, shoreditch",002687,"Brick Lane Market, Shoreditch",4103,2022-09-13 01:18:00,2023-03-26 21:12:00,1,False
adb9871958ba558b,"bouverie street, temple",001021,"Bouverie Street, Temple",4303,2022-09-13 04:44:00,2023-03-26 20:50:00,1,False
add8697871bf3839,"eaton square (south), belgravia",022164,"Eaton Square (South), Belgravia",2500,2022-09-13 06:14:00,2023-03-26 18:04:00,1,False
ae56190814d30a33,"montpelier street, knightsbridge",001206,"Montpelier Street, Knightsbridge",5118,2022-09-13 00:01:00,2023-03-26 20:51:00,1,False
af07712c8afa2672,"hereford road, bayswater",001016,"Hereford Road, Bayswater",4341,2022-09-13 06:21:00,2023-03-26 22:35:00,1,False
af58a130b51bd051,"jubilee gardens, south bank",001111,"Jubilee Gardens, South Bank",6002,2022-09-13 02:02:00,2022-10-30 21:37:00,1,False
af5ecf67494e6ad4,"malet street, bloomsbury",000980,"Malet Street, Bloomsbury",7731,2022-09-13 07:10:00,2023-03-26 23:58:00,1,False
af665304a3f3f6bb,"ilchester gardens, bayswater",200086,"Ilchester Gardens, Bayswater",75370,2022-09-13 06:29:00,2025-12-31 21:45:00,1,False
afccf516edf24a44,"everington street, fulham",300028,"Everington Street, Fulham",46499,2022-09-13 00:24:00,2025-12-31 19:41:00,1,False
afea8c186113b0e2,"ladbroke grove central, ladbroke grove",200015,"Ladbroke Grove Central, Ladbroke Grove",15188,2022-09-13 08:27:00,2025-12-31 11:17:00,1,False
b011b736cc3046fd,"union grove, wandsworth road",200211,"Union Grove, Wandsworth Road",59001,2022-09-13 01:44:00,2025-12-31 23:55:00,1,False
b05794692f9626d4,"hansard mews, holland park",200154,"Hansard Mews, Holland Park",42905,2022-09-13 06:26:00,2025-12-31 20:59:00,1,False
b0919aa97899fe90,"blackfriars road, southwark",300214,"Blackfriars Road, Southwark",79105,2022-09-13 02:35:00,2025-12-31 17:47:00,1,False
b14a558eef1a8eb9,"dorset square, marylebone",001162,"Dorset Square, Marylebone",6841,2022-09-13 06:16:00,2023-03-26 22:39:00,1,False
b2543d42276371d5,"clarence walk, stockwell",200194,"Clarence Walk, Stockwell",37164,2022-09-13 06:58:00,2025-12-31 20:16:00,1,False
b2e98bc2fb2cabc7,"bow church station, bow",200252,"Bow Church Station, Bow",70995,2022-09-13 06:00:00,2025-12-31 22:26:00,1,False
b3d7757e93ae9883,"here east south, queen elizabeth olympic park",300219,"Here East South, Queen Elizabeth Olympic Park",13056,2022-09-13 07:42:00,2025-12-31 18:26:00,1,False
b438d0a42374364d,"alderney street, pimlico",001174,"Alderney Street, Pimlico",6131,2022-09-13 06:02:00,2023-03-26 23:19:00,1,False
b50c8f9d3710ff08,"exhibition road museums 1, south kensington",022158,"Exhibition Road Museums 1, South Kensington",4033,2022-09-13 06:58:00,2023-03-26 22:23:00,1,False
b51b4a7da57b5888,"ingrave street, clapham junction",300077,"Ingrave Street, Clapham Junction",20472,2022-09-13 08:43:00,2025-12-31 15:49:00,1,False
b5243dbe0e61281b,"st mary's hospital, paddington",003496,"St Mary's Hospital, Paddington",5746,2022-09-13 00:00:00,2023-03-26 22:31:00,1,False
b5857a89989e3bbf,"paddington green, paddington",002670,"Paddington Green, Paddington",1367,2022-09-13 06:43:00,2023-03-26 22:14:00,1,False
b608d218947f5284,"walnut tree walk, vauxhall",001076,"Walnut Tree Walk, Vauxhall",4266,2022-09-13 05:44:00,2023-03-26 19:04:00,1,False
b77e53e726dbac62,"great tower street, monument",001080,"Great Tower Street, Monument",9456,2022-09-13 05:53:00,2023-03-26 20:50:00,1,False
b79ef3649e45783e,"warwick avenue station, maida vale",001027,"Warwick Avenue Station, Maida Vale",4840,2022-09-13 01:17:00,2023-03-26 23:06:00,1,False
b7a1394a8e5ae6ba,"kings gate house, westminster",300202,"Kings Gate House, Westminster",48464,2022-09-13 06:20:00,2025-12-31 22:44:00,1,False
b7d4d16aa051b5ae,"jubilee plaza, canary wharf",200163,"Jubilee Plaza, Canary Wharf",97550,2022-09-15 08:22:00,2025-12-31 23:12:00,1,False
b7fb14104f69f2ec,"ethelburga estate, battersea park",300005,"Ethelburga Estate, Battersea Park",132950,2022-09-13 06:10:00,2025-12-31 23:48:00,1,False
babae984a586708a,"millharbour, millwall",022167,"Millharbour, Millwall",529,2022-09-14 06:46:00,2023-03-26 14:31:00,1,False
bafb744e493b5848,"snow hill, farringdon",002699,"Snow Hill, Farringdon",3397,2022-09-13 04:15:00,2023-03-26 19:13:00,1,False
bb7a033b480ae907,"southwick street, paddington",003490,"Southwick Street, Paddington",3876,2022-09-13 05:31:00,2023-03-26 23:46:00,1,False
bc0d40b1caf21467,"lexham gardens, kensington",001121,"Lexham Gardens, Kensington",3842,2022-09-13 00:09:00,2023-03-26 19:15:00,1,False
bc56e6f9b4c00f78,"bedford way, bloomsbury",001156,"Bedford Way, Bloomsbury",2969,2022-09-13 07:53:00,2023-03-26 20:13:00,1,False
bc5a711adcc974e9,"houghton street, strand",003484,"Houghton Street, Strand",3399,2022-09-13 07:37:00,2023-03-26 19:36:00,1,False
bc80bd4f9525cd2e,"hollybush gardens, bethnal green",200244,"Hollybush Gardens, Bethnal Green",34612,2022-09-13 01:17:00,2025-12-31 22:26:00,1,False
bc90ee8d772637ee,"jubilee street, stepney",200002,"Jubilee Street, Stepney",53259,2022-09-13 07:00:00,2025-12-31 23:22:00,1,False
bcb62ef25ab8d1f9,"usk road, clapham junction",200126,"Usk Road, Clapham Junction",51693,2022-09-13 06:25:00,2025-12-31 23:26:00,1,False
bd5f760350d7991f,"southerton road, hammersmith",200166,"Southerton Road, Hammersmith",58132,2022-09-13 06:19:00,2025-12-31 15:47:00,1,False
bd658978b776e391,"reardon street, wapping",022176,"Reardon Street, Wapping",3851,2022-09-13 00:01:00,2023-03-26 23:29:00,1,False
bdbecff94548d000,"lots road, west chelsea",300076,"Lots Road, West Chelsea",43256,2022-09-13 01:10:00,2025-12-31 23:42:00,1,False
bdcb992e2ad1f364,"alma road, wandsworth",300046,"Alma Road, Wandsworth",24018,2022-09-13 05:02:00,2025-12-31 20:48:00,1,False
be46596c9769480f,"leonard circus, shoreditch",001020,"Leonard Circus , Shoreditch",6352,2022-09-13 06:18:00,2023-03-21 10:20:00,1,False
be485d48f6f50f96,"curlew street, shad thames",001213,"Curlew Street, Shad Thames",5730,2022-09-13 06:08:00,2023-03-26 22:59:00,1,False
bf564e92a35d7a2a,"imperial college, knightsbridge",001220,"Imperial College, Knightsbridge",7759,2022-09-13 00:22:00,2023-03-26 22:35:00,1,False
bf6e380fe667e869,"newgate street, st. paul's",001074,"Newgate Street , St. Paul's",7769,2022-09-13 05:09:00,2023-03-26 20:06:00,1,False
bfc9126b09db11c1,"vauxhall bridge, pimlico",001046,"Vauxhall Bridge , Pimlico",2007,2022-09-13 06:55:00,2023-03-26 23:23:00,1,False
bffa099347ab8c29,"baker street, marylebone",001086,"Baker Street, Marylebone",5289,2022-09-13 05:19:00,2023-03-26 20:42:00,1,False
c02e84107de2b7ef,"bishop's bridge road east, bayswater",200108,"Bishop's Bridge Road East, Bayswater",33054,2022-09-13 00:13:00,2025-12-31 22:44:00,1,False
c0ac250cc92ed0c8,"bath street, st. luke's",000964,"Bath Street, St. Luke's",5533,2022-09-13 06:22:00,2023-03-26 22:30:00,1,False
c0c8a9da27c9f9a6,"cadogan gardens, chelsea",002695,"Cadogan Gardens, Chelsea",4751,2022-09-13 05:50:00,2023-03-26 23:43:00,1,False
c175880acc29a331,"philpot street, whitechapel",200033,"Philpot Street, Whitechapel",67675,2022-09-13 00:28:00,2025-12-31 22:23:00,1,False
c1af53f88ed4b36d,"nesham street, wapping",001031,"Nesham Street, Wapping",7477,2022-09-13 06:39:00,2023-03-26 23:12:00,1,False
c1d94312c8e7fec1,"campden hill road, notting hill",003487,"Campden Hill Road, Notting Hill",1616,2022-09-13 06:41:00,2023-03-26 16:30:00,1,False
c1ef9189a14c4254,"new globe walk, bankside",001015,"New Globe Walk, Bankside",2678,2022-09-13 01:24:00,2023-03-26 23:51:00,1,False
c214d9dd3593beee,"finsbury leisure centre, st. luke's",001049,"Finsbury Leisure Centre, St. Luke's",7944,2022-09-13 03:30:00,2023-03-26 22:13:00,1,False
c29d49868df48cdb,"esmond street, putney",200170,"Esmond Street, Putney",13969,2022-09-13 05:23:00,2025-12-31 17:02:00,1,False
c2c811686d0658cc,"ashley crescent, battersea",200169,"Ashley Crescent, Battersea",64876,2022-09-13 01:03:00,2025-12-31 23:35:00,1,False
c3055b44b33a9de5,"ontario street, elephant & castle",001200,"Ontario Street, Elephant & Castle",4464,2022-09-13 06:08:00,2023-03-26 22:18:00,1,False
c3083ea92d89ae1d,"stanley grove, battersea",200199,"Stanley Grove, Battersea",32082,2022-09-13 07:18:00,2025-12-31 20:32:00,1,False
c3bbac7ba4f7c6ee,"bridge avenue, hammersmith",300082,"Bridge Avenue, Hammersmith",88569,2022-09-13 00:04:00,2025-12-31 22:09:00,1,False
c410c27351904653,"sopwith way, battersea park",300248,"Sopwith Way, Battersea Park",85275,2022-09-13 05:50:00,2025-12-31 18:20:00,1,False
c47bb579f7bf9646,"shadwell station, shadwell",200020,"Shadwell Station, Shadwell",73014,2022-09-13 00:44:00,2025-12-31 22:41:00,1,False
c49052a00f008ed9,"parsons green station, parsons green",300052,"Parsons Green Station, Parsons Green",85506,2022-09-13 01:07:00,2025-12-31 22:02:00,1,False
c4b7ecec619d62d3,"ranelagh gardens, fulham",300064,"Ranelagh Gardens, Fulham",29581,2022-09-13 06:59:00,2025-12-31 18:03:00,1,False
c4bb28620a091c77,"grant road east, clapham junction",200120,"Grant Road East, Clapham Junction",76769,2022-09-13 00:11:00,2025-12-31 22:56:00,1,False
c4bc284729990d01,"harrington square 1, camden town",001038,"Harrington Square 1, Camden Town",3705,2022-09-13 06:10:00,2023-03-26 23:08:00,1,False
c4be626482a0da27,"orsett terrace, bayswater",002585,"Orsett Terrace, Bayswater",1491,2022-09-13 06:38:00,2023-03-26 17:07:00,1,False
c507d18fcde9d494,"wren street, holborn",022169,"Wren Street, Holborn",3675,2022-09-13 01:18:00,2023-03-26 22:38:00,1,False
c579b9e79e89d251,"fire brigade pier, vauxhall",002703,"Fire Brigade Pier, Vauxhall",3845,2022-09-13 07:06:00,2023-03-26 22:19:00,1,False
c614aa9929181676,"grosvenor road, pimlico",001140,"Grosvenor Road, Pimlico",2424,2022-09-13 00:23:00,2023-03-26 23:28:00,1,False
c641886fffc32026,"sedding street, sloane square",003420,"Sedding Street, Sloane Square",7681,2022-09-13 06:17:00,2023-03-26 21:22:00,1,False
c6600cc2d09e5f38,"chadwell street, angel",003471,"Chadwell Street, Angel",4346,2022-09-13 05:40:00,2023-03-26 23:37:00,1,False
c6e964658092246a,"bell lane, liverpool street",200036,"Bell Lane, Liverpool Street",90083,2022-09-13 06:38:00,2025-12-31 18:41:00,1,False
c6ff6ae5d828d958,"shoreditch high street, shoreditch",003445,"Shoreditch High Street, Shoreditch",8627,2022-09-13 06:52:00,2023-03-26 23:52:00,1,False
c76d58ac9e04c1fe,"new north road 2, hoxton",002641,"New North Road 2, Hoxton",1859,2022-09-13 05:37:00,2023-03-26 22:29:00,1,False
c825d900ebf7bdb1,"canada water station, rotherhithe",300252,"Canada Water Station, Rotherhithe",92404,2022-09-13 00:17:00,2025-12-31 23:30:00,1,False
c8e3dd1494f74298,"macclesfield rd, st lukes",001226,"Macclesfield Rd, St Lukes",6347,2022-09-13 00:30:00,2023-03-26 22:50:00,1,False
c91087073cc688a8,"neville gill close, wandsworth",200188,"Neville Gill Close, Wandsworth",39234,2022-09-13 03:31:00,2025-12-31 17:34:00,1,False
c9290ac1aa5e4e37,"princedale road, holland park",200067,"Princedale Road , Holland Park",39374,2022-09-13 06:29:00,2025-12-31 20:45:00,1,False
c929637a5b9a7ad7,"ram street, wandsworth",200079,"Ram Street, Wandsworth",79463,2022-09-13 05:16:00,2025-12-31 22:30:00,1,False
c9b2bab28956ebc4,"old quebec street, marylebone",001085,"Old Quebec Street, Marylebone",8417,2022-09-13 06:15:00,2023-03-26 23:48:00,1,False
ca23b8bcf5fba1d5,"lancaster drive, blackwall",200143,"Lancaster Drive, Blackwall",22937,2022-09-13 01:24:00,2025-12-31 23:12:00,1,False
cbaee723393aa8b1,"percival street, finsbury",200051,"Percival Street, Finsbury",50809,2022-09-13 03:29:00,2025-12-31 23:46:00,1,False
cbb693a5ed6c987b,"blythe road west, shepherd's bush",200220,"Blythe Road West, Shepherd's Bush",46783,2022-09-13 06:33:00,2025-12-31 22:09:00,1,False
cc7724938ae61ad2,"aberdeen place, st. john's wood",002698,"Aberdeen Place, St. John's Wood",2655,2022-09-13 06:22:00,2023-03-26 22:06:00,1,False
cc79d026d75cc449,"abingdon villas, kensington",003442,"Abingdon Villas, Kensington",2844,2022-09-13 00:20:00,2023-03-26 21:37:00,1,False
cc90f17489a371f8,"waterloo road, south bank",001176,"Waterloo Road, South Bank",3265,2022-09-13 04:59:00,2023-03-26 23:53:00,1,False
ccefc861ac066061,"gunmakers lane, old ford",200014,"Gunmakers Lane, Old Ford",57006,2022-09-13 01:56:00,2025-12-31 21:56:00,1,False
cd429b14ace9dd25,"westbourne grove, bayswater",001041,"Westbourne Grove, Bayswater",3838,2022-09-13 06:38:00,2023-03-26 22:09:00,1,False
cdbf969d6f0f55d3,"stanhope gate, mayfair",003506,"Stanhope Gate, Mayfair",2566,2022-09-13 07:26:00,2023-03-26 19:02:00,1,False
cdc6f04320a111c3,"greycoat street, westminster",010623,"Greycoat Street , Westminster",1781,2022-09-13 08:33:00,2023-03-26 23:58:00,1,False
cdde3adea8587e51,"tooley street, bermondsey",001142,"Tooley Street, Bermondsey",11218,2022-09-13 00:44:00,2023-03-26 23:56:00,1,False
cdf83facb2c91dce,"george street, marylebone",001225,"George Street, Marylebone",4000,2022-09-13 05:37:00,2023-03-26 20:02:00,1,False
ce99583c3a5ff2ed,"hartington road, stockwell",200207,"Hartington Road, Stockwell",63010,2022-09-13 01:29:00,2025-12-31 23:37:00,1,False
ceb99a45e6ad9299,"palace gate, kensington gardens",001110,"Palace Gate, Kensington Gardens",6858,2022-09-13 07:01:00,2023-03-26 18:28:00,1,False
cecf732613f566d5,"st. peter's terrace, fulham",300043,"St. Peter's Terrace, Fulham",69341,2022-09-13 06:25:00,2025-12-31 22:57:00,1,False
cee8d90c74d35440,"moorfields, moorgate",001092,"Moorfields, Moorgate",8255,2022-09-13 05:10:00,2023-03-26 23:42:00,1,False
cf0ac04cbc139e62,"clapham common station, clapham common",002694,"Clapham Common Station, Clapham Common",8075,2022-09-13 05:58:00,2023-03-26 21:58:00,1,False
cf1582a7b793cab2,"denyer street, knightsbridge",003454,"Denyer Street, Knightsbridge",2583,2022-09-13 07:39:00,2023-03-26 22:27:00,1,False
cf295e90e1c7217d,"parson's green, parson's green",200237,"Parson's Green , Parson's Green",85114,2022-09-13 06:13:00,2025-12-31 18:59:00,1,False
cf5362b4704bcb74,"vincent street, pimlico",022161,"Vincent Street, Pimlico",3261,2022-09-13 06:02:00,2023-03-26 23:09:00,1,False
cfa546e6d049ce76,"endsleigh gardens, euston",001079,"Endsleigh Gardens, Euston",6168,2022-09-13 00:18:00,2023-03-26 23:54:00,1,False
d085280f916998a6,"bricklayers arms, borough",001070,"Bricklayers Arms, Borough",5187,2022-09-13 01:03:00,2023-03-26 22:47:00,1,False
d10bdef5f01d85eb,"flood street, chelsea",001218,"Flood Street, Chelsea",7341,2022-09-13 06:17:00,2023-03-26 23:29:00,1,False
d131c821159c7a51,"limburg road, clapham junction",300100,"Limburg Road, Clapham Junction",26757,2022-09-13 07:55:00,2025-12-31 18:56:00,2,True
d13a67a6426a9fc9,"park street, bankside",001024,"Park Street, Bankside",2430,2022-09-13 01:33:00,2023-03-26 21:58:00,1,False
d140f22add422d9e,"king edward street, st pauls",200203,"King Edward Street, St Pauls",45071,2022-09-13 05:51:00,2025-12-31 22:24:00,1,False
d2a3ccd8f3da614d,"finlay street, fulham",200029,"Finlay Street, Fulham",61987,2022-09-13 01:18:00,2025-12-31 20:31:00,1,False
d2d9ed3f0194d3f7,"tyers gate, bermondsey",003485,"Tyers Gate, Bermondsey",3831,2022-09-13 06:35:00,2023-03-26 19:21:00,1,False
d37ce2e18c67eaf7,"old brompton road, south kensington",003479,"Old Brompton Road, South Kensington",5224,2022-09-13 00:19:00,2023-03-26 23:14:00,1,False
d3e65cd48d6bb9b1,"clarges street, mayfair",200088,"Clarges Street, Mayfair",36983,2022-09-13 06:30:00,2025-12-31 23:04:00,1,False
d40eef298e175503,"cadogan place, knightsbridge",003469,"Cadogan Place, Knightsbridge",3374,2022-09-13 06:29:00,2023-03-13 07:22:00,1,False
d42922e6a2ebfac7,"vauxhall cross, vauxhall",001000,"Vauxhall Cross, Vauxhall",9525,2022-09-13 00:38:00,2023-03-26 23:29:00,1,False
d42ed5e8e9ac93a5,"cleveland way, stepney",200250,"Cleveland Way, Stepney",126220,2022-09-13 00:25:00,2025-12-31 23:42:00,1,False
d534cf70d2945125,"hortensia road, west brompton",300091,"Hortensia Road, West Brompton",62847,2022-09-13 07:10:00,2025-12-31 21:26:00,1,False
d53695596b89c0d2,"west cromwell road, earl's court",001001,"West Cromwell Road, Earl's Court",3149,2022-09-13 02:54:00,2023-03-26 23:40:00,1,False
d5642f14c4bb14ae,"killick street, king's cross",200053,"Killick Street, King's Cross",21411,2022-09-13 07:17:00,2025-12-31 21:22:00,1,False
d60a54b8137d68dd,"queen's gate (central), south kensington",001089,"Queen's Gate (Central), South Kensington",4971,2022-09-13 03:06:00,2023-03-26 23:40:00,1,False
d65a259c6c7a92f7,"thorndike close, west chelsea",300030,"Thorndike Close, West Chelsea",44893,2022-09-13 05:23:00,2025-12-31 18:53:00,1,False
d6ecf0924779bf77,"harcourt terrace, west brompton",300069,"Harcourt Terrace, West Brompton",77131,2022-09-13 06:15:00,2025-12-31 23:53:00,1,False
d71cf8ec3cfc6635,"wright's lane, kensington",001094,"Wright's Lane, Kensington",6670,2022-09-13 00:12:00,2023-03-26 22:58:00,1,False
d72ac3fcd6a67f53,"newby place, poplar",200146,"Newby Place, Poplar",20936,2022-09-13 07:56:00,2025-12-31 20:14:00,1,False
d9219c208a265143,"queen mother sports centre, victoria",001148,"Queen Mother Sports Centre, Victoria",5307,2022-09-13 05:28:00,2023-03-26 23:58:00,1,False
d99bdee5a3ec74d0,"waterloo bridge, south bank",002648,"Waterloo Bridge, South Bank",2253,2022-09-13 00:14:00,2023-03-26 19:38:00,1,False
d99cb4192b35a630,"gloucester road (central), south kensington",003435,"Gloucester Road (Central), South Kensington",3877,2022-09-13 05:35:00,2023-03-26 21:44:00,1,False
d9baa5c81ba7ff5e,"limerston street, west chelsea",200001,"Limerston Street, West Chelsea",144793,2022-09-13 00:05:00,2025-12-31 22:29:00,1,False
da6e17f3ce2cd07d,"whiston road, haggerston",200158,"Whiston Road, Haggerston",50505,2022-09-13 00:53:00,2025-12-31 22:54:00,1,False
da70789dd37a2f9e,"fulham broadway, walham green",300086,"Fulham Broadway, Walham Green",144773,2022-09-13 05:30:00,2025-12-31 23:00:00,1,False
dad1671748602d3e,"warren street station, euston",001090,"Warren Street Station, Euston",9884,2022-09-13 04:36:00,2023-03-26 23:45:00,1,False
daeb1203f96db980,"rodney road, walworth",003481,"Rodney Road , Walworth",3213,2022-09-13 00:37:00,2023-03-26 23:48:00,1,False
daf94f48e5fbcb37,"cromer street, bloomsbury",300205,"Cromer Street, Bloomsbury",46194,2022-09-13 00:25:00,2025-12-31 19:22:00,1,False
db21d9dd2cf421c1,"bankside mix, bankside",000963,"Bankside Mix, Bankside",4600,2022-09-13 02:34:00,2023-03-26 23:47:00,1,False
db34c68d013f5c3d,"union street, the borough",000961,"Union Street, The Borough",3974,2022-09-13 05:46:00,2023-03-26 23:48:00,1,False
db4be575c619c9b0,"pennington street, wapping",200090,"Pennington Street, Wapping",41186,2022-09-13 06:47:00,2025-12-31 23:12:00,1,False
dbd52aa11b3e6b4c,"clifton street, shoreditch",003501,"Clifton Street, Shoreditch",2724,2022-09-13 06:17:00,2023-03-26 21:57:00,1,False
dc2226f384228caa,"gascoyne road, victoria park",200155,"Gascoyne Road, Victoria Park",60691,2022-09-13 07:01:00,2025-12-31 23:27:00,1,False
dcfba07b70880b3c,"arlington road, camden town",200070,"Arlington Road, Camden Town",44307,2022-09-13 06:52:00,2025-12-31 20:15:00,1,False
de3776ee58face35,"grosvenor square, mayfair",010627,"Grosvenor Square, Mayfair",4571,2022-09-13 05:12:00,2023-03-26 22:44:00,1,False
dec9ef9b2355c0d6,"northdown street, king's cross",200058,"Northdown Street, King's Cross",38830,2022-09-13 06:27:00,2025-12-31 22:50:00,1,False
dfec889f3bc53725,"bell street, marylebone",001166,"Bell Street , Marylebone",3666,2022-09-13 06:44:00,2023-03-26 22:11:00,1,False
dff235c7eb7dc56c,"antill road, mile end",200041,"Antill Road, Mile End",47267,2022-09-13 06:40:00,2025-12-31 23:45:00,1,False
e01c952d63bb949f,"crinan street, king's cross",022183,"Crinan Street, King's Cross",1981,2022-09-13 07:27:00,2023-03-26 22:19:00,1,False
e07a8d15bd08cc57,"rathbone street, fitzrovia",003497,"Rathbone Street, Fitzrovia",3753,2022-09-13 06:45:00,2023-03-26 23:22:00,1,False
e08405e3204349a2,"concert hall approach 1, south bank",002635,"Concert Hall Approach 1, South Bank",3317,2022-09-13 02:24:00,2023-03-26 22:02:00,1,False
e0ec1594ee7cb641,"crawford street, marylebone",001036,"Crawford Street, Marylebone",5267,2022-09-13 00:00:00,2023-03-26 23:46:00,1,False
e0f5157bfa21ebcd,"selby street, whitechapel",200135,"Selby Street, Whitechapel",52817,2022-09-13 00:14:00,2025-12-31 23:18:00,1,False
e1086f91614f1f41,"normandy road, stockwell",300225,"Normandy Road, Stockwell",65956,2022-09-13 00:38:00,2025-12-31 19:04:00,1,False
e1200139364a3df3,"regent's row, haggerston",200064,"Regent's Row , Haggerston",151102,2022-09-13 05:05:00,2025-12-31 21:32:00,1,False
e1878d103b8edc98,"westbridge road, battersea",200210,"Westbridge Road, Battersea",107711,2022-09-13 05:27:00,2025-12-31 22:14:00,1,False
e1d7e6b426cd6d70,"george row, bermondsey",002679,"George Row, Bermondsey",5245,2022-09-13 02:14:00,2023-03-26 23:28:00,1,False
e1d9f4fd72997d90,"fanshaw street, hoxton",003427,"Fanshaw Street, Hoxton",5126,2022-09-13 00:06:00,2023-03-26 23:39:00,1,False
e2b3590f1cc302ab,"rotherhithe roundabout, rotherhithe",010629,"Rotherhithe Roundabout, Rotherhithe",2740,2022-09-13 06:44:00,2023-03-26 17:49:00,1,False
e2d872fdcbcd523e,"westminster pier, westminster",300249,"Westminster Pier, Westminster",170860,2022-09-13 00:35:00,2025-12-30 10:12:00,1,False
e40a583c6d2577d7,"south wharf road, paddington",001167,"South Wharf Road, Paddington",4905,2022-09-13 03:52:00,2023-03-26 21:02:00,1,False
e43117b031a24a3f,"westbourne park road, portobello",300057,"Westbourne Park Road, Portobello",37032,2022-09-13 07:26:00,2025-12-31 21:39:00,1,False
e44e405bbb0e26d7,"charlotte street, fitzrovia",002669,"Charlotte Street, Fitzrovia",3806,2022-09-13 06:48:00,2023-03-26 22:04:00,1,False
e481ee4827e3987b,"ilchester place, kensington",001115,"Ilchester Place, Kensington",1325,2022-09-13 08:27:00,2023-03-26 23:00:00,1,False
e485080e6ca88718,"belgrave square, belgravia",003473,"Belgrave Square, Belgravia",3266,2022-09-13 02:00:00,2023-03-26 23:04:00,1,False
e49a4be4583c9e88,"little argyll street, west end",000995,"Little Argyll Street, West End",11062,2022-09-13 06:35:00,2023-03-26 23:33:00,1,False
e4d08ba016a7905b,"elizabeth bridge, victoria",001138,"Elizabeth Bridge, Victoria",5429,2022-09-13 01:44:00,2023-03-26 23:58:00,1,False
e4e9991b45858118,"euston square gardens, euston",300203,"Euston Square Gardens, Euston",50630,2022-09-13 01:36:00,2025-12-31 20:18:00,1,False
e549586f7134f975,"manbre road, hammersmith",200235,"Manbre Road, Hammersmith",35284,2022-09-13 01:07:00,2025-12-31 21:44:00,1,False
e5a8e5843d87bc96,"waterloo station 2, waterloo",002692,"Waterloo Station 2, Waterloo",8131,2022-09-13 05:45:00,2023-03-26 22:16:00,1,False
e5d2c930b2b6baef,"lansdowne drive, hackney central",003426,"Lansdowne Drive, Hackney Central",3278,2022-09-13 06:57:00,2023-03-26 23:30:00,1,False
e600ad9fab46d972,"putney bridge station, fulham",200125,"Putney Bridge Station, Fulham",41274,2022-09-13 05:08:00,2025-12-31 23:46:00,1,False
e64624c31da0ee75,"lambeth road, vauxhall",001078,"Lambeth Road, Vauxhall",3457,2022-09-13 04:40:00,2023-03-26 23:38:00,1,False
e654191b0e675704,"osiers road, wandsworth",200219,"Osiers Road, Wandsworth",53200,2022-09-13 00:06:00,2025-12-31 23:02:00,1,False
e6a0fca359674f8b,"bayswater road, hyde park",001096,"Bayswater Road, Hyde Park",6272,2022-09-13 07:00:00,2023-03-26 23:42:00,1,False
e6c717b9bafe16df,"thurtle road, haggerston",200093,"Thurtle Road, Haggerston",35554,2022-09-13 00:14:00,2025-12-31 23:29:00,1,False
e7009df9a518fb2a,"knaresborough place, earl's court",200069,"Knaresborough Place, Earl's Court",63591,2022-09-13 07:08:00,2025-12-31 23:18:00,1,False
e71469405a815a07,"harford street, mile end",200102,"Harford Street, Mile End",47987,2022-09-13 00:42:00,2025-12-31 23:42:00,1,False
e73ecb4471a1b0ae,"newton street, covent garden",300074,"Newton Street, Covent Garden",47702,2022-09-13 07:45:00,2025-12-31 23:15:00,1,False
e7a7d59ea4d0f622,"brushfield street, liverpool street",001161,"Brushfield Street, Liverpool Street",14122,2022-09-13 00:14:00,2023-03-26 23:42:00,1,False
e85ae4499436830a,"halford road, west kensington",300210,"Halford Road, West Kensington",78460,2022-09-13 06:13:00,2025-12-31 18:10:00,1,False
e85bd76388176049,"curzon street, mayfair",003437,"Curzon Street, Mayfair",3865,2022-09-13 06:11:00,2023-03-26 19:33:00,1,False
e8f42cf514448a65,"drury lane, covent garden",001007,"Drury Lane, Covent Garden",8446,2022-09-13 00:44:00,2023-03-26 23:55:00,1,False
e98c604a2c9bd126,"braham street, aldgate",001062,"Braham Street, Aldgate",9137,2022-09-13 01:10:00,2023-03-26 23:02:00,1,False
e9c58156887324ed,"mostyn grove, bow",200174,"Mostyn Grove, Bow",42556,2022-09-13 03:10:00,2025-12-31 23:14:00,1,False
ea97ba5f045b666f,"store street, bloomsbury",003507,"Store Street, Bloomsbury",4713,2022-09-13 05:34:00,2023-03-26 15:02:00,1,False
ead302562a46752e,"pitfield street central, hoxton",200248,"Pitfield Street Central, Hoxton",64593,2022-09-13 04:15:00,2025-12-31 23:49:00,1,False
eafd9cf8752305b6,"west kensington station, west kensington",300020,"West Kensington Station, West Kensington",44268,2022-09-13 00:25:00,2025-12-31 19:34:00,1,False
eb4f1cbe4d1a685c,"plough terrace, clapham junction",300094,"Plough Terrace, Clapham Junction",33527,2022-09-13 01:03:00,2025-12-31 23:21:00,1,False
ecf6f64bb780be0f,"silverthorne road, battersea",200179,"Silverthorne Road, Battersea",51593,2022-09-13 01:06:00,2025-12-31 22:44:00,1,False
ed78f24dc9daea5e,"gloucester avenue, camden town",200145,"Gloucester Avenue, Camden Town",42966,2022-09-13 05:45:00,2025-08-31 21:43:00,1,False
edcc8b9f469022b9,"grenfell road, avondale",300067,"Grenfell Road, Avondale",30777,2022-09-13 08:26:00,2025-12-31 19:51:00,1,False
ee1a4e21c8520f77,"here east north, queen elizabeth olympic park",300217,"Here East North, Queen Elizabeth Olympic Park",19950,2022-09-13 07:48:00,2025-12-31 14:51:00,1,False
ee9ba14cd5681406,"ackroyd drive, bow",200038,"Ackroyd Drive, Bow",77498,2022-09-13 01:20:00,2025-12-31 23:50:00,1,False
eecbf56aadb1806e,"hyde park corner, hyde park",001075,"Hyde Park Corner, Hyde Park",17017,2022-09-13 05:55:00,2023-03-26 23:22:00,1,False
ef2b7eee03779b4d,"clerkenwell green, clerkenwell",001053,"Clerkenwell Green, Clerkenwell",6084,2022-09-13 03:34:00,2023-03-26 21:37:00,1,False
ef55e5fc852780c0,"phene street, chelsea",200189,"Phene Street, Chelsea",68931,2022-09-13 05:28:00,2025-12-31 23:49:00,1,False
ef6c8c6c9ae3daf4,"hatton garden, holborn",000985,"Hatton Garden, Holborn",5582,2022-09-13 05:46:00,2023-03-26 20:19:00,1,False
ef837a2a0957b4df,"import dock, canary wharf",200066,"Import Dock, Canary Wharf",83688,2022-09-13 05:35:00,2025-12-31 22:05:00,1,False
ef851cbc456ef051,"panton street, west end",003452,"Panton Street, West End",7128,2022-09-13 00:53:00,2023-03-26 23:02:00,1,False
efa587fd5a92a439,"st. chad's street, king's cross",001013,"St. Chad's Street, King's Cross",2957,2022-09-13 00:43:00,2023-03-26 22:50:00,1,False
eff16fa38f94cfea,"portland place, marylebone",001164,"Portland Place, Marylebone",4300,2022-09-13 05:58:00,2023-03-26 22:49:00,1,False
f024c3fb17f3f6bd,"great russell street, bloomsbury",000988,"Great Russell Street, Bloomsbury",4351,2022-09-13 06:29:00,2023-03-26 21:13:00,1,False
f11703f44672f75e,"waterloo station 1, waterloo",002696,"Waterloo Station 1, Waterloo",15512,2022-09-13 05:46:00,2023-03-26 22:54:00,1,False
f185268cc16d131e,"freston road, avondale",300085,"Freston Road, Avondale",24086,2022-09-13 03:52:00,2025-12-31 20:38:00,1,False
f1a22b77e39ca6ab,"eccleston place, victoria",003465,"Eccleston Place, Victoria",7020,2022-09-13 06:34:00,2023-03-26 22:58:00,1,False
f1d9271adfd0fba0,"gloucester terrace, bayswater",001173,"Gloucester Terrace, Bayswater",3423,2022-09-13 04:47:00,2023-03-26 22:17:00,1,False
f2520117956e5853,"archbishop's park, waterloo",300025,"Archbishop's Park, Waterloo",46378,2022-09-13 00:52:00,2025-12-31 23:44:00,1,False
f33845d0579100dc,"naval row, blackwall",200050,"Naval Row, Blackwall",25829,2022-09-13 19:00:00,2025-12-31 19:30:00,1,False
f3dbd3f3dc8d047a,"chapel place, marylebone",001003,"Chapel Place, Marylebone",4981,2022-09-13 06:51:00,2023-03-26 21:34:00,1,False
f3e1d31cb847ddc1,"sutton street, shadwell",200256,"Sutton Street, Shadwell",72568,2022-09-13 05:16:00,2025-12-31 23:40:00,1,False
f41a1a266720480b,"wellington road, st. john's wood",001055,"Wellington Road, St. John's Wood",3388,2022-09-13 06:34:00,2023-03-26 22:21:00,1,False
f4cb53aa11739cbc,"london fields, hackney central",200025,"London Fields, Hackney Central",142694,2022-09-13 01:20:00,2025-12-31 23:45:00,1,False
f4d990902ca905a6,"oxford road, putney",300078,"Oxford Road, Putney",15216,2022-09-13 08:53:00,2025-12-31 17:15:00,1,False
f5190340f7b93184,"sugden road, clapham",200208,"Sugden Road, Clapham",51775,2022-09-13 05:34:00,2025-12-31 23:34:00,1,False
f59212b3e6d06949,"imperial road, sands end",300087,"Imperial Road, Sands End",50922,2022-09-13 02:11:00,2025-12-31 23:00:00,1,False
f67053faff2e55e9,"ravenscourt park station, hammersmith",300037,"Ravenscourt Park Station, Hammersmith",73392,2022-09-13 06:04:00,2025-12-31 23:28:00,1,False
f680aab694997e2c,"santos road, wandsworth",200177,"Santos Road, Wandsworth",14916,2022-09-13 07:29:00,2025-12-31 18:24:00,1,False
f6ac6710d872ac3b,"greenland road, camden town",200026,"Greenland Road, Camden Town",96814,2022-09-13 05:53:00,2025-12-31 22:00:00,1,False
f6ce310b16e2ba30,"bramham gardens, earl's court",001183,"Bramham Gardens, Earl's Court",6459,2022-09-13 06:34:00,2023-03-26 22:04:00,1,False
f6db58fe5d44f0f4,"watney street, shadwell",200149,"Watney Street, Shadwell",69778,2022-09-13 05:15:00,2025-12-31 22:52:00,1,False
f6f06d08e6ac4e9c,"upcerne road, west chelsea",300075,"Upcerne Road, West Chelsea",46321,2022-09-13 01:29:00,2025-12-31 20:35:00,1,False
f6f9b5413aeeca5d,"manresa road, chelsea",200010,"Manresa Road, Chelsea",63564,2022-09-13 00:55:00,2025-12-31 18:24:00,1,False
f7142868e040f96c,"triangle car park, hyde park",001088,"Triangle Car Park, Hyde Park",5341,2022-09-13 06:47:00,2023-03-26 19:31:00,1,False
f735c232c584c78f,"little brook green, brook green",300101,"Little Brook Green, Brook Green",49506,2022-09-13 00:20:00,2025-12-31 22:16:00,1,False
f7bb8205e0dd4dea,"sidney road, stockwell",300229,"Sidney Road, Stockwell",46689,2022-09-13 06:38:00,2025-12-31 18:21:00,1,False
f89a77442a211ebb,"dickens square, borough",001208,"Dickens Square, Borough",1918,2022-09-18 09:33:00,2023-03-26 19:11:00,1,False
f8a21bf2fae68300,"lavington street, bankside",300208,"Lavington Street, Bankside",57849,2022-09-13 00:17:00,2025-12-31 17:17:00,1,False
f8be4525c5ed29d6,"green park station, mayfair",200096,"Green Park Station, Mayfair",139931,2022-09-13 00:01:00,2025-12-31 22:41:00,1,False
f9334a7c00979249,"blackfriars station, st. paul's",200212,"Blackfriars Station, St. Paul's",137163,2022-09-13 01:36:00,2025-12-31 17:11:00,1,False
f9903e2abe5855da,"lambeth palace road, waterloo",300231,"Lambeth Palace Road, Waterloo",127741,2022-09-13 01:21:00,2025-12-31 17:11:00,1,False
f9c78d0437ce0414,"high holborn, covent garden",001229,"High Holborn , Covent Garden",6252,2022-09-13 05:50:00,2023-03-26 22:58:00,1,False
fa4dc7553b6b8aee,"moor street, soho",003504,"Moor Street, Soho",8480,2022-09-13 06:57:00,2023-03-26 23:51:00,1,False
fad0da50a203b2ac,"st. john's wood road, st. john's wood",001187,"St. John's Wood Road, St. John's Wood",2947,2022-09-13 06:21:00,2023-03-26 22:20:00,1,False
fb71ad0a3c24127f,"clifton road, maida vale",001147,"Clifton Road, Maida Vale",4006,2022-09-13 05:44:00,2023-03-26 20:59:00,1,False
fba0f003c0099586,"dunston road, haggerston",300024,"Dunston Road , Haggerston",95636,2022-09-14 14:56:00,2025-12-31 23:27:00,1,False
fba56fb9be0d9377,"kensington gore, knightsbridge",001193,"Kensington Gore, Knightsbridge",3748,2022-09-13 07:04:00,2023-03-26 22:12:00,1,False
fc574b3c344ee9c0,"murray grove, hoxton",000989,"Murray Grove , Hoxton",3805,2022-09-13 01:17:00,2023-03-26 22:31:00,1,False
fc790555c89ad0b3,"bermondsey station, bermondsey",300253,"Bermondsey Station, Bermondsey",65741,2022-09-13 01:43:00,2025-12-31 23:25:00,1,False
fcc4909d5ec68999,"alfreda street, battersea park",300047,"Alfreda Street, Battersea Park",59767,2022-09-13 00:16:00,2025-12-31 21:55:00,1,False
fd7d7928c4a95e4c,"new inn yard, shoreditch",001032,"New Inn Yard, Shoreditch",5020,2022-09-13 00:59:00,2023-03-26 23:21:00,1,False
fe03dbcd36366b8f,"tavistock place, bloomsbury",003439,"Tavistock Place, Bloomsbury",3558,2022-09-13 06:24:00,2023-03-26 21:25:00,1,False
ff290a290d82f5e0,"broomhouse lane, parsons green",200040,"Broomhouse Lane, Parsons Green",24606,2022-09-13 06:03:00,2025-12-31 18:06:00,1,False
ff4c4ddde289701b,"doric way, somers town",001004,"Doric Way , Somers Town",5027,2022-09-13 00:32:00,2023-03-26 23:24:00,1,False
ff83bec537bf9970,"lancaster gate, bayswater",200017,"Lancaster Gate , Bayswater",85411,2022-09-13 01:02:00,2025-12-31 22:26:00,1,False
ffbbcd92ab8a7f51,"islington green, angel",300031,"Islington Green, Angel",162549,2022-09-13 04:15:00,2025-12-31 23:42:00,1,False
2c525584d32b1530,"lower thames street, monument",001098,"Lower Thames Street, Monument",2002,2022-09-19 00:11:00,2023-03-26 22:59:00,1,False
4919522db43d24b1,"london zoo car park, the regent's park",001188,"London Zoo Car Park, The Regent's Park",1804,2022-09-20 17:27:00,2023-03-26 17:18:00,1,False
53853d0a7295d3f0,"abingdon green, westminster",200231,"Abingdon Green, Westminster",79007,2022-09-24 15:53:00,2025-12-31 11:37:00,1,False
a24a40199195277e,"queen's gate, kensington gardens",001231,"Queen's Gate, Kensington Gardens",5861,2022-09-21 09:40:00,2023-03-26 19:39:00,1,False
a78e74b067ae1607,"queen's gate (north), kensington",001204,"Queen's Gate (North), Kensington",4726,2022-09-23 17:04:00,2023-03-26 22:09:00,1,False
bc75f5f7ab84ef5c,"british museum, bloomsbury",000981,"British Museum, Bloomsbury",4635,2022-09-20 18:16:00,2023-03-26 22:19:00,1,False
f6f3746163428d17,"natural history museum, south kensington",002677,"Natural History Museum, South Kensington",4762,2022-09-22 15:31:00,2023-03-26 23:49:00,1,False
16d5b9f1945968ad,"borough high street, the borough",000996,"Borough High Street, The Borough",3011,2022-09-26 10:09:00,2023-03-26 22:05:00,1,False
78bd96cc0972fb35,"temple gardens, temple",300250,"Temple Gardens, Temple",68780,2022-10-07 17:22:00,2025-12-28 10:23:00,1,False
c6248eac73b2be3b,"clifford street, mayfair",002688,"Clifford Street, Mayfair",1514,2022-10-08 13:31:00,2023-03-26 18:45:00,1,False
4447cfcb66387dd7,"south bermondsey station, bermondsey",300062,"South Bermondsey Station, Bermondsey",30738,2022-10-11 13:41:00,2025-12-31 22:12:00,1,False
cb6deac0e47d3fb4,"clements road, bermondsey",200216,"Clements Road, Bermondsey",28998,2022-10-11 14:48:00,2025-12-31 17:02:00,1,False
84fc7e195848888f,"the blue, bermondsey",300059,"The Blue, Bermondsey",41164,2022-10-18 23:19:00,2025-12-31 22:23:00,1,False
c38fcb83db5df65a,"harris academy, bermondsey",300004,"Harris Academy, Bermondsey",44586,2022-10-18 11:47:00,2025-12-31 23:40:00,1,False
37afc858be519971,"central house, aldgate",003430,"Central House, Aldgate",1458,2022-10-25 18:04:00,2023-03-26 22:49:00,1,False
000caea115a40a71,"hampton street, walworth",1118,"Hampton Street, Walworth",70934,2022-10-31 00:02:00,2025-12-31 20:59:00,1,False
0024c9fe46793e2d,"hop exchange, the borough",960,"Hop Exchange, The Borough",237575,2022-10-31 00:04:00,2025-12-31 23:49:00,1,False
00f9cfe2ea19583e,"belgrove street, king's cross",1011,"Belgrove Street , King's Cross",43562,2022-10-31 05:16:00,2023-06-18 23:56:00,2,True
019e8b7d83ed4e21,"ampton street, clerkenwell",1019,"Ampton Street , Clerkenwell",48002,2022-10-31 01:15:00,2025-12-31 23:40:00,1,False
01b22b7cce4006ce,"warwick row, westminster",968,"Warwick Row, Westminster",118377,2022-10-31 00:13:00,2025-12-31 23:11:00,1,False
01b90083be4f129f,"borough road, elephant & castle",1082,"Borough Road, Elephant & Castle",53985,2022-10-31 01:38:00,2025-12-31 23:46:00,1,False
020756787841b5ab,"wenlock road, hoxton",979,"Wenlock Road , Hoxton",83831,2022-10-31 00:47:00,2025-12-31 22:54:00,1,False
028ccaf586cdab98,"breams buildings, holborn",3449,"Breams Buildings, Holborn",52870,2022-10-31 06:20:00,2025-12-31 14:02:00,1,False
029b778b462f407b,"torrens street, angel",1060,"Torrens Street, Angel",32441,2022-10-31 06:03:00,2025-12-31 22:05:00,1,False
0300242469f4732f,"paddington street, marylebone",1033,"Paddington Street, Marylebone",73469,2022-10-31 00:02:00,2025-12-31 19:21:00,1,False
0372f62c606b2c3e,"taviton street, bloomsbury",1009,"Taviton Street, Bloomsbury",81939,2022-10-31 00:15:00,2025-12-31 18:07:00,1,False
037a0878e3294314,"south audley street, mayfair",3493,"South Audley Street, Mayfair",35844,2022-10-31 07:27:00,2025-12-31 23:14:00,1,False
043df174aeba8d44,"bank of england museum, bank",1201,"Bank of England Museum, Bank",83842,2022-10-31 04:27:00,2025-12-31 19:31:00,1,False
04b46f9c353b0b9f,"leman street, aldgate",1102,"Leman Street, Aldgate",93061,2022-10-31 02:54:00,2025-12-31 23:13:00,1,False
05580255f158d633,"pindar street, liverpool street",1084,"Pindar Street, Liverpool Street",31488,2022-10-31 06:31:00,2025-12-31 14:10:00,1,False
05dd88ba2395b19b,"wardour street, soho",1163,"Wardour Street, Soho",110677,2022-10-31 00:38:00,2025-12-31 23:50:00,1,False
05dda17442b7c757,"devonshire square, liverpool street",3438,"Devonshire Square, Liverpool Street",12415,2022-10-31 05:49:00,2023-07-07 08:46:00,1,False
0690a4371039d89b,"mallory street, marylebone",1175,"Mallory Street, Marylebone",31000,2022-10-31 08:11:00,2025-12-31 22:36:00,1,False
07126cd8d40f397a,"ebury bridge, pimlico",22159,"Ebury Bridge, Pimlico",53827,2022-10-31 02:36:00,2025-12-31 23:43:00,1,False
075c30b29aa7478c,"vicarage gate, kensington",3441,"Vicarage Gate, Kensington",34411,2022-10-31 03:45:00,2025-12-31 18:45:00,1,False
07c5220e19c4bc79,"shoreditch park, hoxton",1051,"Shoreditch Park, Hoxton",76089,2022-10-31 03:58:00,2025-12-31 21:01:00,1,False
08136b45974271d3,"great percy street, clerkenwell",3470,"Great Percy Street, Clerkenwell",46689,2022-10-31 06:32:00,2025-12-31 23:30:00,1,False
08b869041cba9429,"st. james's square, st. james's",1067,"St. James's Square, St. James's",205061,2022-10-31 03:45:00,2025-12-31 23:51:00,1,False
08c2e9b228d35528,"cotton garden estate, kennington",990,"Cotton Garden Estate, Kennington",41338,2022-10-31 00:08:00,2025-12-31 23:32:00,1,False
08d7c16c119d8f90,"tanner street, bermondsey",994,"Tanner Street, Bermondsey",86373,2022-10-31 00:13:00,2025-12-31 22:33:00,1,False
09b2c2871c5938de,"sloane avenue, knightsbridge",3461,"Sloane Avenue, Knightsbridge",78000,2022-10-31 06:45:00,2025-12-31 23:51:00,1,False
0a470f23ce71391a,"lower marsh, waterloo",1219,"Lower Marsh, Waterloo",60627,2022-10-31 06:24:00,2025-12-31 21:22:00,1,False
0b8a33254dbbe204,"strand, strand",1100,"Strand, Strand",96423,2022-10-31 01:00:00,2025-12-29 15:10:00,1,False
0bb10ff558213037,"commercial street, shoreditch",1083,"Commercial Street, Shoreditch",48913,2022-10-31 00:02:00,2025-12-31 22:05:00,1,False
0c9d0231856ff822,"vauxhall street, vauxhall",1224,"Vauxhall Street, Vauxhall",67920,2022-10-31 02:07:00,2025-12-31 20:38:00,1,False
0d5b187b0e9ebd93,"milroy walk, south bank",959,"Milroy Walk, South Bank",62606,2022-10-31 00:53:00,2025-12-31 23:34:00,1,False
0da2c6107d2b20e3,"vincent square, westminster",1196,"Vincent Square, Westminster",32778,2022-10-31 05:27:00,2025-12-31 23:48:00,1,False
0eabc6ff21f11db8,"the tennis courts, the regent's park",1199,"The Tennis Courts, The Regent's Park",56125,2022-10-31 07:14:00,2025-12-31 16:50:00,1,False
0ecc5d21f78cddd0,"rochester row, westminster",3457,"Rochester Row, Westminster",48884,2022-10-31 07:35:00,2025-12-31 21:54:00,1,False
0f2436344ca2f03f,"whitehall place, strand",1151,"Whitehall Place, Strand",141453,2022-10-31 06:57:00,2025-12-30 08:24:00,1,False
0f329cdd5c4e420f,"city road, angel",2690,"City Road, Angel",52793,2022-10-31 00:54:00,2025-12-31 21:21:00,1,False
0f50652fd27ed604,"red lion street, holborn",22171,"Red Lion Street, Holborn",95443,2022-10-31 06:54:00,2025-12-31 22:58:00,1,False
1076af231f253378,"riverlight north, nine elms",1165,"Riverlight North, Nine Elms",89692,2022-10-31 00:26:00,2025-12-31 23:34:00,1,False
10f9a2aa2c54fc0a,"william iv street, strand",1028,"William IV Street, Strand",125335,2022-10-31 00:08:00,2025-12-31 23:42:00,1,False
117db799868afa4d,"euston road, euston",983,"Euston Road, Euston",45054,2022-10-31 01:09:00,2025-12-31 16:52:00,1,False
122b0737b1ccfd55,"earnshaw street, covent garden",1145,"Earnshaw Street , Covent Garden",63398,2022-10-31 06:35:00,2025-01-31 23:03:00,2,True
1411e79916f71426,"penywern road, earl's court",3444,"Penywern Road, Earl's Court",77050,2022-10-31 00:35:00,2025-12-31 23:26:00,1,False
14454d2accdd76c1,"bermondsey street, bermondsey",2637,"Bermondsey Street, Bermondsey",99132,2022-10-31 00:20:00,2025-12-31 23:38:00,1,False
157ec2085dda7afe,"holland park, kensington",10631,"Holland Park, Kensington",31248,2022-10-31 07:44:00,2025-12-31 20:50:00,1,False
158f037cd07c0d0e,"edgware road station, marylebone",1058,"Edgware Road Station, Marylebone",66063,2022-10-31 00:10:00,2025-12-10 12:20:00,1,False
159f93995c29e618,"tower gardens, tower",1071,"Tower Gardens , Tower",126259,2022-10-31 00:01:00,2025-12-31 22:56:00,1,False
15e70aebb5b12f36,"old street station, st. luke's",1064,"Old Street Station, St. Luke's",180881,2022-10-31 01:03:00,2025-12-31 23:46:00,1,False
164ed9bf6271ad75,"st. luke's church, chelsea",3486,"St. Luke's Church, Chelsea",65927,2022-10-31 06:53:00,2025-12-31 20:20:00,1,False
1670d100fee8a1db,"gower place, euston",969,"Gower Place , Euston",64513,2022-10-31 06:58:00,2025-12-31 21:22:00,1,False
16d5b9f1945968ad,"borough high street, the borough",996,"Borough High Street, The Borough",63910,2022-10-31 06:38:00,2025-12-31 21:46:00,1,False
173e55a6d87704c9,"queen victoria street, st. paul's",1048,"Queen Victoria Street, St. Paul's",77230,2022-10-31 03:08:00,2025-12-31 23:33:00,1,False
1759d4279a1f9be0,"great dover street, the borough",1017,"Great Dover Street, The Borough",83162,2022-10-31 01:15:00,2025-12-31 23:36:00,1,False
17bfbc376b718d08,"warwick square, pimlico",3460,"Warwick Square, Pimlico",65067,2022-10-31 04:47:00,2025-12-31 18:19:00,1,False
17f90c6e04836fc6,"rampayne street, pimlico",1106,"Rampayne Street, Pimlico",78695,2022-10-31 00:09:00,2025-12-31 22:16:00,1,False
184eec9a9e2242fe,"belgrave road, victoria",1087,"Belgrave Road, Victoria",69779,2022-10-31 01:20:00,2025-12-31 23:39:00,1,False
191831d0cf7d7c87,"horseferry road, westminster",1170,"Horseferry Road, Westminster",80380,2022-10-31 00:27:00,2025-12-31 23:08:00,1,False
19c535b3235e1475,"graham street, angel",1131,"Graham Street, Angel",76906,2022-10-31 06:17:00,2025-12-31 21:38:00,1,False
1b2dfd828eb06955,"eastbourne mews, paddington",1203,"Eastbourne Mews, Paddington",114824,2022-10-31 00:00:00,2025-12-31 23:58:00,1,False
1b39350a514430f8,"harriet street, knightsbridge",2681,"Harriet Street, Knightsbridge",61549,2022-10-31 02:31:00,2025-12-31 22:24:00,1,False
1b824aafc9ba94ab,"norton folgate, liverpool street",1068,"Norton Folgate, Liverpool Street",66776,2022-10-31 04:24:00,2025-12-31 21:34:00,1,False
1cdcac7418c03499,"guilford street, bloomsbury",974,"Guilford Street , Bloomsbury",95370,2022-10-31 00:19:00,2025-12-31 23:25:00,1,False
1d6fafeee9d5a1e2,"grove end road, st. john's wood",1130,"Grove End Road, St. John's Wood",53580,2022-10-31 03:59:00,2025-12-31 23:47:00,1,False
1dbafc137277fffd,"broadcasting house, marylebone",3424,"Broadcasting House, Marylebone",74778,2022-10-31 05:16:00,2025-12-31 22:49:00,1,False
1e4eb51b49738753,"trebovir road, earl's court",1113,"Trebovir Road, Earl's Court",62122,2022-10-31 00:06:00,2025-12-31 20:58:00,1,False
1e9829cae4cdf4a0,"soho square, soho",1052,"Soho Square , Soho",196275,2022-10-31 00:08:00,2025-12-31 23:53:00,1,False
1f99db4fe87ec2fd,"cloudesley road, angel",2586,"Cloudesley Road, Angel",42849,2022-10-31 07:14:00,2025-12-31 22:00:00,1,False
21ed84e8fe47fcb8,"serpentine car park, hyde park",1217,"Serpentine Car Park, Hyde Park",155520,2022-10-31 01:24:00,2025-12-31 22:58:00,1,False
227f5b2cc98e449e,"hinde street, marylebone",3476,"Hinde Street, Marylebone",96545,2022-10-31 05:58:00,2025-12-31 21:54:00,1,False
22cfe12dd9a388c7,"penfold street, marylebone",10625,"Penfold Street, Marylebone",30861,2022-10-31 07:18:00,2025-12-31 19:55:00,1,False
23cb0dc44f2f8877,"tysoe street, clerkenwell",1146,"Tysoe Street, Clerkenwell",79771,2022-10-31 07:29:00,2025-12-31 20:53:00,1,False
24399f6cc9bcbab1,"finsbury library, finsbury",986,"Finsbury Library , Finsbury",42335,2022-10-31 00:49:00,2025-12-31 17:08:00,1,False
246537e5ba3a3edc,"pont street, knightsbridge",1114,"Pont Street, Knightsbridge",67532,2022-10-31 07:22:00,2025-12-31 22:39:00,1,False
247307470d3a1185,"south kensington station, south kensington",2685,"South Kensington Station, South Kensington",124354,2022-10-31 05:49:00,2025-12-31 22:17:00,1,False
26e6ece9a350fca5,"black prince road, vauxhall",1205,"Black Prince Road, Vauxhall",65804,2022-10-31 04:51:00,2025-12-31 23:44:00,1,False
28ca41891e223c4f,"harper road, the borough",1137,"Harper Road, The Borough",45240,2022-10-31 02:07:00,2025-12-31 20:09:00,1,False
2930aa3f7d860f5a,"wellington street, strand",1202,"Wellington Street , Strand",113308,2022-10-31 06:12:00,2025-12-31 23:40:00,1,False
294d94bd6ea54f4a,"buxton street 1, shoreditch",1223,"Buxton Street 1, Shoreditch",28594,2022-10-31 01:36:00,2025-12-31 20:18:00,1,False
2af9d9e226450fc2,"pembridge villas, notting hill",2589,"Pembridge Villas, Notting Hill",46195,2022-10-31 05:49:00,2025-12-31 23:54:00,1,False
2b017dc6990b249b,"west smithfield rotunda, farringdon",1040,"West Smithfield Rotunda, Farringdon",90599,2022-10-31 00:51:00,2025-12-31 23:13:00,1,False
2c15286165525dbc,"frampton street, paddington",1099,"Frampton Street, Paddington",52333,2022-10-31 06:34:00,2025-12-31 23:35:00,1,False
2c525584d32b1530,"lower thames street, monument",1098,"Lower Thames Street, Monument",43576,2022-10-31 06:22:00,2025-12-31 23:31:00,1,False
2dc8066732229426,"north audley street, mayfair",1126,"North Audley Street, Mayfair",76010,2022-10-31 06:30:00,2025-12-31 19:08:00,1,False
2dfeee43774bd2f5,"porchester place, paddington",3477,"Porchester Place, Paddington",88917,2022-10-31 01:34:00,2025-12-31 23:52:00,1,False
2ef219e2abc86f16,"lmu commercial road, whitechapel",1105,"LMU Commercial Road, Whitechapel",60187,2022-10-31 00:58:00,2025-12-31 22:52:00,1,False
2fc10e21f43aed07,"pall mall east, west end",1153,"Pall Mall East, West End",90175,2022-10-31 00:50:00,2025-12-31 21:31:00,1,False
308054f82b07f516,"south parade, chelsea",22182,"South Parade, Chelsea",47085,2022-10-31 00:09:00,2025-12-31 20:28:00,1,False
30a9fc7a929ae928,"portugal street, holborn",3456,"Portugal Street, Holborn",42539,2022-10-31 07:57:00,2025-12-31 19:01:00,1,False
31161e65a6764781,"hampstead road, euston",972,"Hampstead Road, Euston",93328,2022-10-31 01:35:00,2025-12-31 23:08:00,1,False
3180b00e64977df2,"royal avenue 1, chelsea",3440,"Royal Avenue 1, Chelsea",34534,2022-10-31 05:49:00,2025-12-31 16:37:00,1,False
35facc1bc92eec65,"crosswall, tower",991,"Crosswall, Tower",146120,2022-10-31 04:38:00,2025-12-31 23:42:00,1,False
36671b9492d0f521,"the guildhall, guildhall",1044,"The Guildhall, Guildhall",44169,2022-10-31 06:32:00,2025-12-31 18:04:00,1,False
36a03d6386266888,"queen street 1, bank",999,"Queen Street 1, Bank",174776,2022-10-31 06:00:00,2025-12-31 22:40:00,1,False
37ac18565df65487,"wormwood street, liverpool street",2587,"Wormwood Street, Liverpool Street",242569,2022-10-31 01:31:00,2025-12-31 23:15:00,1,False
37afc858be519971,"central house, aldgate",3430,"Central House, Aldgate",89222,2022-10-31 07:28:00,2025-12-31 23:13:00,1,False
37fec88973a36c24,"sardinia street, holborn",2649,"Sardinia Street, Holborn",55858,2022-10-31 08:12:00,2025-12-31 23:44:00,1,False
3809cec247ec82cd,"london zoo, the regent's park",1136,"London Zoo,  The Regent's Park",34087,2022-10-31 07:11:00,2025-12-31 22:44:00,1,False
3917bfafac17bd05,"risinghill street, angel",1127,"Risinghill Street, Angel",23944,2022-10-31 06:54:00,2025-12-31 17:27:00,1,False
39d5fb9e56a122f5,"lindfield street, poplar",22178,"Lindfield Street, Poplar",56311,2022-10-31 00:10:00,2025-12-31 22:02:00,1,False
3a51a9df146d064d,"kensington church street, kensington",1143,"Kensington Church Street, Kensington",74543,2022-10-31 04:15:00,2025-12-31 23:27:00,1,False
3ad8e64a74d8cdae,"southwark station 1, southwark",22162,"Southwark Station 1, Southwark",21309,2022-10-31 00:47:00,2024-02-15 07:27:00,1,False
3b4bb93453e72da6,"columbia road, shoreditch",2701,"Columbia Road, Shoreditch",78788,2022-10-31 06:28:00,2025-12-31 21:19:00,1,False
3b83368107f06aa6,"royal college street, camden town",2686,"Royal College Street, Camden Town",55250,2022-10-31 07:22:00,2025-12-31 18:57:00,1,False
3cd62f850858a687,"beaumont street, marylebone",3482,"Beaumont Street, Marylebone",72587,2022-10-31 04:58:00,2025-12-31 23:28:00,1,False
3d0c2057d1593a58,"pancras road, king's cross",3428,"Pancras Road, King's Cross",39811,2022-10-31 01:19:00,2025-12-31 19:12:00,1,False
3e9985ef62d4412e,"knightsbridge, hyde park",1101,"Knightsbridge, Hyde Park",31886,2022-10-31 01:21:00,2025-12-31 23:46:00,1,False
3ebfa647bac9e49e,"tachbrook street, victoria",965,"Tachbrook Street, Victoria",70237,2022-10-31 00:39:00,2025-12-31 23:49:00,1,False
3ec7a20317426768,"webber street, southwark",3448,"Webber Street , Southwark",73366,2022-10-31 01:00:00,2025-12-31 21:32:00,1,False
3ec802a9e4428372,"great titchfield street, fitzrovia",3450,"Great Titchfield Street, Fitzrovia",58601,2022-10-31 06:30:00,2025-12-31 22:24:00,1,False
3f5a3e281b701554,"st. mary axe, aldgate",1184,"St. Mary Axe, Aldgate",66509,2022-10-31 05:33:00,2025-12-31 18:34:00,1,False
3f7f5ef639530bdb,"albert embankment, vauxhall",1059,"Albert Embankment, Vauxhall",46065,2022-10-31 06:34:00,2025-12-31 19:50:00,1,False
405f050fa690a431,"claremont square, angel",1104,"Claremont Square, Angel",36542,2022-10-31 04:48:00,2025-12-31 22:37:00,1,False
4085be9e7d31f3e8,"sackville street, mayfair",1197,"Sackville Street, Mayfair",77303,2022-10-31 06:36:00,2025-12-31 23:25:00,1,False
414b67684fa15ef0,"collingham gardens, earl's court",3459,"Collingham Gardens, Earl's Court",59711,2022-10-31 06:14:00,2025-12-31 23:41:00,1,False
41a0a6074641b633,"chelsea bridge, pimlico",22160,"Chelsea Bridge, Pimlico",48097,2022-10-31 06:50:00,2025-12-31 23:53:00,1,False
42ab9ea432d807a7,"cleveland gardens, bayswater",1178,"Cleveland Gardens, Bayswater",43130,2022-10-31 06:38:00,2025-12-31 19:58:00,1,False
43357b895d284dbb,"park road (baker street), the regent's park",1050,"Park Road (Baker Street), The Regent's Park",102095,2022-10-31 01:01:00,2025-12-31 17:25:00,1,False
44ba6852a86eeb58,"bolsover street, fitzrovia",1025,"Bolsover Street, Fitzrovia",72002,2022-10-31 07:16:00,2025-12-31 23:02:00,1,False
44c9627b654d652e,"east road, hoxton",1054,"East Road, Hoxton",53230,2022-10-31 06:13:00,2025-12-31 20:28:00,1,False
44df33c2b0f07b0b,"regency street, westminster",1155,"Regency Street, Westminster",67499,2022-10-31 06:31:00,2025-12-31 23:27:00,1,False
45915b8f58991a7b,"sumner place, south kensington",1124,"Sumner Place, South Kensington",53152,2022-10-31 01:08:00,2025-12-31 18:24:00,1,False
45943d7e31c1a634,"eversholt street, camden town",1005,"Eversholt Street , Camden Town",47122,2022-10-31 02:18:00,2025-12-31 23:15:00,1,False
473d3dc72eb02561,"chancery lane, holborn",3453,"Chancery Lane, Holborn",16713,2022-10-31 01:42:00,2024-02-12 07:40:00,1,False
48b01e36f86d2267,"river street, clerkenwell",1023,"River Street , Clerkenwell",37624,2022-10-31 06:57:00,2025-12-31 20:17:00,1,False
48b20b57ab3f9cc0,"smith square, westminster",3480,"Smith Square, Westminster",73643,2022-10-31 00:51:00,2025-12-31 20:35:00,1,False
48c42378c2a1ec99,"new kent road, the borough",966,"New Kent Road, The Borough",61048,2022-10-31 02:40:00,2025-12-31 23:22:00,1,False
48e6d173e97375e1,"howland street, fitzrovia",2691,"Howland Street, Fitzrovia",96107,2022-10-31 00:52:00,2025-12-31 20:16:00,1,False
4919522db43d24b1,"london zoo car park, the regent's park",1188,"London Zoo Car Park, The Regent's Park",36128,2022-10-31 05:15:00,2025-12-31 16:46:00,1,False
497bd9ca245770f6,"bruton street, mayfair",1034,"Bruton Street, Mayfair",42559,2022-10-31 07:30:00,2025-12-31 21:34:00,1,False
49cceb18fa38cdf8,"argyll road, kensington",3463,"Argyll Road, Kensington",42021,2022-10-31 07:48:00,2025-12-31 22:09:00,1,False
49f4d17f3567b8a6,"berry street, clerkenwell",1159,"Berry Street, Clerkenwell",81543,2022-10-31 00:52:00,2025-12-31 23:43:00,1,False
4ae5c835e2018d81,"royal london hospital, whitechapel",1077,"Royal London Hospital, Whitechapel",158351,2022-10-31 00:02:00,2025-12-31 23:52:00,1,False
4b83a8a9fbe10ce5,"exhibition road, knightsbridge",22179,"Exhibition Road, Knightsbridge",203119,2022-10-31 06:31:00,2025-12-31 23:13:00,1,False
4b8492e1d61fe0df,"margery street, clerkenwell",3468,"Margery Street, Clerkenwell",44931,2022-10-31 00:45:00,2025-12-31 21:56:00,1,False
4bc7ad3bea9fd0e6,"poured lines, bankside",1144,"Poured Lines, Bankside",44328,2022-10-31 02:48:00,2025-12-31 23:49:00,1,False
4e1668e10496fc4b,"holy trinity brompton, knightsbridge",1002,"Holy Trinity Brompton, Knightsbridge",68090,2022-10-31 06:26:00,2025-12-31 23:22:00,1,False
4e76152f6dee2e53,"charlbert street, st. john's wood",3422,"Charlbert Street, St. John's Wood",40172,2022-10-31 01:01:00,2025-12-31 13:28:00,1,False
4f3a612347548f50,"kennington road, vauxhall",1154,"Kennington Road  , Vauxhall",19355,2022-10-31 03:52:00,2023-11-30 22:42:00,1,False
4f7b528c8e3dae88,"devonshire terrace, bayswater",1227,"Devonshire Terrace, Bayswater",86663,2022-10-31 00:10:00,2025-12-31 23:17:00,1,False
4f842b6a76641749,"hatton wall, holborn",1008,"Hatton Wall, Holborn",96493,2022-10-31 05:15:00,2025-12-31 22:13:00,1,False
5053e3e0247ed1c1,"harrowby street, marylebone",2680,"Harrowby Street, Marylebone",55758,2022-10-31 05:58:00,2025-12-31 23:12:00,1,False
5184c9dbdf29ac8e,"albert gardens, stepney",22166,"Albert Gardens, Stepney",57967,2022-10-31 06:10:00,2025-12-31 23:25:00,1,False
5263b5e7d033f851,"charles ii street, west end",3488,"Charles II Street, West End",66672,2022-10-31 00:14:00,2025-12-31 23:42:00,1,False
52d219c4f3cb9f1a,"george place mews, marylebone",10630,"George Place Mews, Marylebone",48581,2022-10-31 00:38:00,2025-12-31 23:46:00,1,False
5330e32c5cba6a45,"farringdon lane, clerkenwell",3432,"Farringdon Lane, Clerkenwell",53447,2022-10-31 06:37:00,2025-12-31 22:00:00,1,False
5353d756e809518f,"waterloo place, st. james's",3458,"Waterloo Place, St. James's",68744,2022-10-31 05:36:00,2025-12-31 23:14:00,1,False
53c89eddb92bb509,"prince consort road, knightsbridge",3499,"Prince Consort Road, Knightsbridge",76750,2022-10-31 07:22:00,2025-12-31 18:45:00,1,False
53e38ed0801dbc1d,"king edward walk, waterloo",2639,"King Edward Walk, Waterloo",19329,2022-10-31 00:26:00,2025-12-31 14:43:00,1,False
5551f9ca489576fe,"baylis road, waterloo",1133,"Baylis Road, Waterloo",146535,2022-10-31 04:08:00,2025-12-31 09:00:00,1,False
56046750aa5340ef,"swan street, the borough",1216,"Swan Street, The Borough",58814,2022-10-31 06:16:00,2025-12-31 22:51:00,1,False
5620b891bacdf753,"russell square station, bloomsbury",978,"Russell Square Station, Bloomsbury",82689,2022-10-31 07:05:00,2025-12-31 22:44:00,1,False
5679161486c22631,"tower wharf, bermondsey",2667,"Tower Wharf, Bermondsey",81606,2022-10-31 04:15:00,2025-12-31 23:45:00,1,False
568d1fe0bd2e3d3c,"bourne street, belgravia",1180,"Bourne Street, Belgravia",57087,2022-10-31 00:20:00,2025-12-31 23:46:00,1,False
56c3e84df1f10d1e,"shouldham street, marylebone",2693,"Shouldham Street, Marylebone",54118,2022-10-31 06:15:00,2025-12-31 23:44:00,1,False
5741e835a6836969,"putney pier, wandsworth",3492,"Putney Pier, Wandsworth",55182,2022-10-31 05:40:00,2025-12-31 18:41:00,1,False
574e0ade83bf2fef,"royal avenue 2, chelsea",3462,"Royal Avenue 2, Chelsea",56777,2022-10-31 06:23:00,2025-12-31 16:41:00,1,False
58c8a46a6afcff97,"roscoe street, st. luke's",1026,"Roscoe Street, St. Luke's",51898,2022-10-31 00:02:00,2025-12-31 22:03:00,1,False
596c0b19e814db1f,"green street, mayfair",3464,"Green Street, Mayfair",93689,2022-10-31 06:23:00,2025-12-31 23:28:00,1,False
59cc63db9c3b3b23,"broadwick street, soho",3489,"Broadwick Street, Soho",95402,2022-10-31 06:50:00,2025-12-31 23:04:00,1,False
5a5ef87813067a9d,"palace gardens terrace, notting hill",2633,"Palace Gardens Terrace, Notting Hill",83679,2022-10-31 05:45:00,2025-12-31 22:55:00,1,False
5a61000151ec0ce4,"kingsway, covent garden",1141,"Kingsway, Covent Garden",25608,2022-10-31 01:35:00,2025-12-31 20:45:00,1,False
5a6e87aa4100e5e0,"christopher street, liverpool street",1012,"Christopher Street, Liverpool Street",50628,2022-10-31 06:17:00,2025-12-31 18:25:00,1,False
5b85a5064656d271,"gloucester street, pimlico",1103,"Gloucester Street, Pimlico",71745,2022-10-31 04:10:00,2025-12-31 20:26:00,1,False
5c457953405f326e,"marloes road, kensington",3505,"Marloes Road, Kensington",30135,2022-10-31 06:26:00,2025-12-31 22:57:00,1,False
5ca7a7a961a8c85f,"fisherman's walk west, canary wharf",22165,"Fisherman's Walk West, Canary Wharf",50876,2022-10-31 00:54:00,2025-12-31 20:36:00,1,False
5cf242de49d712f1,"craven street, strand",1160,"Craven Street, Strand",149314,2022-10-31 00:38:00,2025-12-28 15:09:00,1,False
5d3d59ed16fd38e5,"millbank tower, pimlico",2683,"Millbank Tower, Pimlico",57210,2022-10-31 06:18:00,2025-12-31 23:59:00,1,False
5d460f35d0d91f39,"chepstow villas, notting hill",1120,"Chepstow Villas, Notting Hill",52716,2022-10-31 05:58:00,2025-12-31 16:16:00,1,False
5dbd8e2de88f1412,"gloucester road (north), kensington",3447,"Gloucester Road (North), Kensington",76075,2022-10-31 07:12:00,2025-12-31 19:12:00,1,False
5dd4d5677b225e05,"kensington town hall, kensington",10632,"Kensington Town Hall, Kensington",27519,2022-10-31 07:22:00,2025-12-31 19:57:00,1,False
5fb0a3e75d09425f,"holborn circus, holborn",982,"Holborn Circus, Holborn",142863,2022-10-31 07:03:00,2025-12-31 21:17:00,1,False
5ff71b7b917142f9,"brunswick square, bloomsbury",1022,"Brunswick Square, Bloomsbury",83870,2022-10-31 02:06:00,2025-12-31 22:37:00,1,False
60fcc46cc2a6a9c9,"bromley high street, bow",22172,"Bromley High Street, Bow",38284,2022-10-31 05:43:00,2025-12-31 18:54:00,1,False
61589b7611b5a790,"baldwin street, st. luke's",3500,"Baldwin Street, St. Luke's",79967,2022-10-31 00:17:00,2025-12-31 19:56:00,1,False
62e026f54d5f82e4,"kennington road post office, oval",1073,"Kennington Road Post Office, Oval",63360,2022-10-31 06:59:00,2025-12-31 23:43:00,1,False
62e6f4993d600f2a,"black lion gate, kensington gardens",1157,"Black Lion Gate, Kensington Gardens",211529,2022-10-31 05:33:00,2025-12-31 23:16:00,1,False
639a4ea472a23d13,"turquoise island, notting hill",2682,"Turquoise Island, Notting Hill",63443,2022-10-31 04:33:00,2025-12-31 20:59:00,1,False
644b7affaaeb3f37,"embankment (savoy), strand",1192,"Embankment (Savoy), Strand",52662,2022-10-31 00:32:00,2025-12-31 07:18:00,1,False
65054869d01d9d1a,"prince albert road, the regent's park",2636,"Prince Albert Road, The Regent's Park",60311,2022-10-31 06:03:00,2025-12-31 23:47:00,1,False
65425e74e4fb1d93,"howick place, westminster",2666,"Howick Place, Westminster",93218,2022-10-31 05:43:00,2025-12-31 20:23:00,1,False
65708ca5edaff6bf,"millennium hotel, mayfair",1230,"Millennium Hotel, Mayfair",39498,2022-10-31 06:21:00,2025-12-31 15:31:00,1,False
662d1b3446dc142f,"st. john street, finsbury",992,"St. John Street, Finsbury",38411,2022-10-31 07:54:00,2025-12-31 23:18:00,1,False
66709659b9de415a,"scala street, fitzrovia",970,"Scala Street, Fitzrovia",55346,2022-10-31 07:08:00,2025-12-31 22:43:00,1,False
66d963ef70ff6132,"kensington olympia station, olympia",1214,"Kensington Olympia Station, Olympia",47687,2022-10-31 01:15:00,2025-12-31 22:39:00,1,False
677e7d73b2cba47c,"windsor terrace, hoxton",1029,"Windsor Terrace, Hoxton",62622,2022-10-31 00:01:00,2025-12-31 21:57:00,1,False
67bd50cab63ab8f4,"warwick road, olympia",1134,"Warwick Road, Olympia",83133,2022-10-31 05:07:00,2025-12-31 23:25:00,1,False
688abb81522edc9c,"butler place, westminster",2662,"Butler Place, Westminster",52990,2022-10-31 03:52:00,2025-12-31 23:10:00,1,False
690d03718d4188b6,"albert gate, hyde park",1132,"Albert Gate, Hyde Park",225603,2022-10-31 05:59:00,2025-12-31 23:38:00,1,False
6939ea75f4f053f9,"north wharf road, paddington",1108,"North Wharf Road, Paddington",57106,2022-10-31 05:58:00,2025-12-31 19:26:00,1,False
69d72caf67dc4230,"emperor's gate, south kensington",1116,"Emperor's Gate, South Kensington",71542,2022-10-31 01:25:00,2025-12-31 23:23:00,1,False
6a46a142c3c0d739,"southampton street, strand",1228,"Southampton Street, Strand",74535,2022-10-31 06:26:00,2025-12-31 23:17:00,1,False
6a46c3a56489332c,"northumberland avenue, strand",1097,"Northumberland Avenue, Strand",65336,2022-10-31 00:38:00,2025-12-31 05:53:00,1,False
6aa2a3efb4cb5495,"southampton place, holborn",1123,"Southampton Place, Holborn",64994,2022-10-31 06:41:00,2025-12-31 21:32:00,1,False
6bb35a21bb52f3ad,"wellington arch, hyde park",1109,"Wellington Arch, Hyde Park",132429,2022-10-31 00:00:00,2025-12-31 23:46:00,1,False
6bb40c183850322c,"northington street, holborn",3425,"Northington Street , Holborn",81148,2022-10-31 05:40:00,2025-12-31 19:02:00,1,False
6bb7499836246905,"fashion street, whitechapel",3483,"Fashion Street, Whitechapel",51459,2022-10-31 00:11:00,2025-12-31 20:21:00,1,False
6c4b60ea6e52a9df,"queen's gate (south), south kensington",1172,"Queen's Gate (South), South Kensington",71193,2022-10-31 00:06:00,2025-12-31 22:16:00,1,False
6dc117ca83523872,"worship street, shoreditch",997,"Worship Street, Shoreditch",90104,2022-10-31 00:20:00,2025-12-31 22:33:00,1,False
6e571cf13cc53a38,"nutford place, marylebone",1112,"Nutford Place, Marylebone",43305,2022-10-31 01:17:00,2025-12-31 22:21:00,1,False
6f4f38732bab6625,"museum of london, barbican",1043,"Museum of London, Barbican",91172,2022-10-31 02:01:00,2025-12-31 19:03:00,1,False
6fb3402e5bbd3f2e,"st. john's wood church, the regent's park",1091,"St. John's Wood Church, The Regent's Park",47478,2022-10-31 01:06:00,2025-12-31 23:40:00,1,False
6ff7f629ef16b3de,"bayley street, bloomsbury",1006,"Bayley Street , Bloomsbury",51095,2022-10-31 00:40:00,2024-09-30 23:13:00,2,True
72daf644f0c0ca28,"cheapside, bank",22180,"Cheapside, Bank",168541,2022-10-31 00:02:00,2025-12-31 23:32:00,1,False
72fb85861ae08dcc,"cleaver street, kennington",10628,"Cleaver Street, Kennington",35944,2022-10-31 05:51:00,2025-12-31 19:28:00,1,False
730e382045666312,"waterloo station 3, waterloo",1072,"Waterloo Station 3, Waterloo",312521,2022-10-31 00:51:00,2025-12-31 16:23:00,1,False
735a13d39a71ccba,"jewry street, aldgate",1045,"Jewry Street, Aldgate",59575,2022-10-31 06:00:00,2025-12-31 22:27:00,1,False
742e4f85c9c8a0d2,"empire square, the borough",1209,"Empire Square, The Borough",81096,2022-10-31 00:25:00,2025-12-31 22:30:00,1,False
7461f9d78d587cf6,"sadlers sports centre, finsbury",3433,"Sadlers Sports Centre, Finsbury",68200,2022-10-31 01:52:00,2025-12-31 20:20:00,1,False
75d2db22fda6f731,"st. martin's street, west end",1158,"St. Martin's Street, West End",49772,2022-10-31 00:39:00,2025-12-31 23:51:00,1,False
762c1d2afafff438,"wells street, fitzrovia",3495,"Wells Street, Fitzrovia",101362,2022-10-31 00:18:00,2025-12-31 21:09:00,1,False
765345c4e38bb9bc,"abbey orchard street, westminster",3429,"Abbey Orchard Street, Westminster",67704,2022-10-31 05:54:00,2025-12-31 20:38:00,1,False
7843c342d519e76f,"kennington station, kennington",22170,"Kennington Station, Kennington",54683,2022-10-31 00:08:00,2025-12-31 20:53:00,1,False
79eabdda41197796,"park lane, hyde park",1037,"Park Lane , Hyde Park",129460,2022-10-31 01:17:00,2025-12-31 23:55:00,1,False
7a08f8b68b1b2036,"grosvenor crescent, belgravia",1169,"Grosvenor Crescent, Belgravia",24890,2022-10-31 06:36:00,2025-12-31 19:03:00,1,False
7a142e7085f733f7,"frith street, soho",2660,"Frith Street, Soho",83233,2022-10-31 01:28:00,2025-12-31 23:27:00,1,False
7a3e1041d8d1d43f,"wapping high street, wapping",1039,"Wapping High Street, Wapping",37595,2022-10-31 00:24:00,2025-12-31 23:43:00,1,False
7ac677ca47a628e7,"canton street, poplar",22175,"Canton Street, Poplar",33999,2022-10-31 06:53:00,2025-12-31 23:03:00,1,False
7b040fc734aaa706,"goswell road (city uni), finsbury",1222,"Goswell Road (City Uni), Finsbury",42653,2022-10-31 01:06:00,2025-12-31 19:13:00,1,False
7b6626f28bbe009a,"southwark station 2, southwark",22163,"Southwark Station 2, Southwark",85890,2022-10-31 07:12:00,2025-12-31 22:33:00,1,False
7c17330b8199fd17,"queensway, kensington gardens",1150,"Queensway, Kensington Gardens",106485,2022-10-31 05:18:00,2025-12-31 22:27:00,1,False
7c79fe7a17af4e7c,"golden square, soho",3451,"Golden Square, Soho",93114,2022-10-31 02:42:00,2025-12-31 23:39:00,1,False
7cd81808140e2183,"stonecutter street, holborn",1061,"Stonecutter Street, Holborn",23860,2022-10-31 06:16:00,2025-12-31 23:06:00,1,False
7d22a8cdd4f2982d,"eaton square, belgravia",1069,"Eaton Square, Belgravia",19220,2022-10-31 05:33:00,2025-12-31 16:37:00,1,False
7d95cd8997beea2b,"marylebone lane, marylebone",1152,"Marylebone Lane, Marylebone",82217,2022-10-31 00:11:00,2025-12-31 23:14:00,1,False
7f369b4de01b5d57,"phillimore gardens, kensington",1018,"Phillimore Gardens, Kensington",84335,2022-10-31 06:08:00,2025-12-31 20:49:00,1,False
7f4b3c28dfdeb6cd,"longford street, the regent's park",976,"Longford Street, The Regent's Park",41715,2022-10-31 02:43:00,2025-12-31 21:47:00,1,False
7f993811a0acc47b,"old ford road, bethnal green",22173,"Old Ford Road, Bethnal Green",37882,2022-10-31 00:04:00,2025-12-31 21:35:00,1,False
80ca2bafd296fdb5,"gloucester road station, south kensington",1107,"Gloucester Road Station, South Kensington",129494,2022-10-31 00:33:00,2025-12-31 23:47:00,1,False
81bf5a2a40cf3521,"boston place, marylebone",1035,"Boston Place, Marylebone",104348,2022-10-31 06:25:00,2025-12-31 16:59:00,1,False
81f25e65ab004713,"lsbu (borough road), elephant & castle",1095,"LSBU (Borough Road), Elephant & Castle",39433,2022-10-31 05:37:00,2025-12-31 21:37:00,1,False
82199f2f63bf71c7,"princes square, bayswater",3491,"Princes Square, Bayswater",35668,2022-10-31 00:17:00,2025-12-31 15:31:00,1,False
8536a4319082511d,"claverton street, pimlico",1135,"Claverton Street, Pimlico",47041,2022-10-31 00:02:00,2025-12-31 23:39:00,1,False
85750ba3b7ac93da,"sancroft street, vauxhall",3434,"Sancroft Street, Vauxhall",35357,2022-10-31 00:09:00,2025-12-31 23:54:00,1,False
85f41a03da5ebbc4,"sun street, liverpool street",1129,"Sun Street, Liverpool Street",88520,2022-10-31 06:15:00,2025-12-31 18:46:00,1,False
880dcd924da3ba3a,"bunhill row, moorgate",1211,"Bunhill Row, Moorgate",107907,2022-10-31 05:55:00,2025-12-31 17:37:00,1,False
892eeca8361c3362,"notting hill gate station, notting hill",1182,"Notting Hill Gate Station, Notting Hill",102895,2022-10-31 00:03:00,2025-12-31 21:35:00,1,False
8a1ef7696422b4ce,"kennington cross, kennington",1093,"Kennington Cross, Kennington",103428,2022-10-31 00:32:00,2025-12-31 23:44:00,1,False
8c05c08eeecdf1ea,"golden lane, barbican",967,"Golden Lane, Barbican",62887,2022-10-31 07:57:00,2025-12-31 17:53:00,1,False
8c0b9c8cd0cc6d70,"grafton street, mayfair",3431,"Grafton Street, Mayfair",39869,2022-10-31 06:19:00,2025-12-31 19:46:00,1,False
8d2e80da2ffccc4f,"granby street, shoreditch",22174,"Granby Street, Shoreditch",80614,2022-10-31 00:14:00,2025-12-31 21:44:00,1,False
8da2f551f8b25a10,"lambeth north station, waterloo",1117,"Lambeth North Station, Waterloo",55267,2022-10-31 01:48:00,2025-12-31 23:53:00,1,False
8ed8a121eea8de22,"foley street, fitzrovia",3494,"Foley Street, Fitzrovia",74592,2022-10-31 01:03:00,2025-12-31 23:42:00,1,False
8ee01ad311370fd2,"palissy street, shoreditch",3502,"Palissy Street, Shoreditch",56030,2022-10-31 06:55:00,2025-12-31 19:41:00,1,False
90837d64432e5878,"new north road 1, hoxton",1128,"New North Road 1, Hoxton",819,2022-10-31 08:01:00,2022-12-14 21:59:00,2,True
9171ca1d68ea0ec0,"theobald's road, holborn",975,"Theobald's Road , Holborn",73257,2022-10-31 06:48:00,2025-12-31 22:26:00,1,False
9374a18f161e7d3c,"woodstock street, mayfair",1042,"Woodstock Street, Mayfair",43834,2022-10-31 05:50:00,2025-12-31 18:13:00,1,False
95208c035a3e2427,"maida vale, maida vale",3423,"Maida Vale, Maida Vale",89891,2022-10-31 00:03:00,2025-12-31 20:46:00,1,False
9657ff7e5441fe13,"dock street, wapping",3467,"Dock Street, Wapping",82021,2022-10-31 00:53:00,2025-12-31 23:55:00,1,False
96cba7770e1bd82b,"falkirk street, hoxton",1047,"Falkirk Street, Hoxton",53136,2022-10-31 00:39:00,2025-12-31 22:29:00,1,False
977e55e3003daa08,"farm street, mayfair",2678,"Farm Street, Mayfair",35276,2022-10-31 00:17:00,2025-12-31 23:05:00,1,False
99575c463f978ef5,"liverpool road (n1 centre), angel",1081,"Liverpool Road (N1 Centre), Angel",101616,2022-10-31 00:19:00,2025-12-31 23:15:00,1,False
9a4eccbbc04b5791,"red lion square, holborn",3421,"Red Lion Square, Holborn",40563,2022-10-31 07:59:00,2025-12-31 20:36:00,1,False
9b1c1b7cf7898899,"stamford street, south bank",962,"Stamford Street, South Bank",66006,2022-10-31 00:04:00,2025-12-31 07:31:00,1,False
9ba17a30c4e4935c,"seville street, knightsbridge",1177,"Seville Street, Knightsbridge",78902,2022-10-31 05:33:00,2025-12-31 21:01:00,1,False
9c105fb6c1a52136,"barbican centre, barbican",1191,"Barbican Centre, Barbican",69692,2022-10-31 07:04:00,2025-12-31 21:13:00,1,False
9c185dbfb764cf5f,"concert hall approach 2, south bank",1212,"Concert Hall Approach 2, South Bank",28389,2022-10-31 07:09:00,2024-08-29 16:51:00,2,True
9c336747c45dc3f5,"st. george street, mayfair",1221,"St. George Street, Mayfair",64724,2022-10-31 06:35:00,2025-12-31 15:09:00,1,False
9c419bcc25600717,"wood street, guildhall",1063,"Wood Street, Guildhall",43724,2022-10-31 06:17:00,2025-12-31 17:57:00,1,False
9c4a311362731671,"lisson grove, st. john's wood",1030,"Lisson Grove, St. John's Wood",30298,2022-10-31 05:37:00,2025-12-31 21:15:00,1,False
9d0afb0185356927,"hardwick street, clerkenwell",1057,"Hardwick Street, Clerkenwell",33036,2022-10-31 06:48:00,2025-12-31 21:31:00,1,False
9d4b1691ee526b70,"lollard street, vauxhall",998,"Lollard Street, Vauxhall",74223,2022-10-31 00:03:00,2025-12-31 21:21:00,1,False
9e25f1743836a001,"nevern place, earl's court",1210,"Nevern Place, Earl's Court",37992,2022-10-31 01:18:00,2025-12-31 23:27:00,1,False
9f19c0e8a406234c,"geraldine street, elephant & castle",3498,"Geraldine Street, Elephant & Castle",25764,2022-10-31 08:20:00,2025-12-31 19:00:00,1,False
9f3c3df049eb1aaf,"aldersgate street, barbican",1065,"Aldersgate Street, Barbican",122691,2022-10-31 06:21:00,2025-12-31 20:52:00,1,False
9fc8435b359819f8,"godliman street, st. paul's",971,"Godliman Street, St. Paul's",77198,2022-10-31 03:37:00,2025-12-31 21:42:00,1,False
a06366fafb422ebf,"strata, elephant & castle",10624,"Strata, Elephant & Castle",130852,2022-10-31 02:05:00,2025-12-31 22:52:00,1,False
a100a98ec0feb3be,"calshot street, king's cross",1066,"Calshot Street , King's Cross",28603,2022-10-31 00:10:00,2025-12-31 23:22:00,1,False
a15f189a5e77a2f2,"finsbury circus, liverpool street",984,"Finsbury Circus, Liverpool Street",148874,2022-10-31 05:36:00,2025-12-31 20:19:00,1,False
a16e6b8d1252a1ab,"st. george's square, pimlico",1195,"St. George's Square, Pimlico",76314,2022-10-31 00:36:00,2025-12-31 22:20:00,1,False
a1cccb489ae3075d,"westminster university, marylebone",1194,"Westminster University, Marylebone",44109,2022-10-31 00:10:00,2025-12-31 23:27:00,1,False
a20995a497e4256e,"tavistock street, covent garden",1207,"Tavistock Street, Covent Garden",93836,2022-10-31 01:24:00,2025-12-31 19:52:00,1,False
a24a40199195277e,"queen's gate, kensington gardens",1231,"Queen's Gate, Kensington Gardens",115505,2022-10-31 06:06:00,2025-12-31 17:30:00,1,False
a32201b909fd4887,"belvedere road 1, south bank",1186,"Belvedere Road 1, South Bank",75445,2022-10-31 06:58:00,2025-12-31 16:40:00,1,False
a367a637a25841f6,"cartwright gardens, bloomsbury",1010,"Cartwright Gardens , Bloomsbury",63698,2022-10-31 00:52:00,2025-12-31 22:56:00,1,False
a371161a87bdfbc6,"finsbury square, moorgate",1056,"Finsbury Square , Moorgate",70115,2022-10-31 05:18:00,2025-12-31 18:57:00,1,False
a431ffa51375b526,"bethnal green road, shoreditch",973,"Bethnal Green Road, Shoreditch",157719,2022-10-31 00:03:00,2025-12-31 22:12:00,1,False
a49daf102a644cc2,"new road 1, whitechapel",1171,"New Road 1 , Whitechapel",101286,2022-10-31 00:52:00,2025-12-31 22:12:00,1,False
a78e74b067ae1607,"queen's gate (north), kensington",1204,"Queen's Gate (North), Kensington",77584,2022-10-31 00:13:00,2025-12-31 20:36:00,1,False
a7ae71f4a4904059,"upper grosvenor street, mayfair",10621,"Upper Grosvenor Street, Mayfair",15839,2022-10-31 07:31:00,2025-12-31 15:44:00,1,False
a841c43c6d63fe32,"ashley place, victoria",1122,"Ashley Place, Victoria",72982,2022-10-31 01:28:00,2025-12-31 20:43:00,1,False
a89129d2fbd09531,"drummond street, euston",993,"Drummond Street , Euston",39847,2022-10-31 00:10:00,2025-12-31 15:46:00,1,False
a9aec424fdbc2ef1,"de vere gardens, kensington",3446,"De Vere Gardens, Kensington",64345,2022-10-31 01:15:00,2025-12-31 19:42:00,1,False
a9ca7a724b2f9f5a,"guildhouse street, victoria",3478,"Guildhouse Street, Victoria",46063,2022-10-31 00:45:00,2025-12-31 21:53:00,1,False
a9df8b70d50ff812,"derry street, kensington",3436,"Derry Street, Kensington",139394,2022-10-31 00:05:00,2025-12-31 23:40:00,1,False
aac9855f3d237ae8,"kennington lane rail bridge, vauxhall",1190,"Kennington Lane Rail Bridge, Vauxhall",116496,2022-10-31 00:26:00,2025-12-31 23:55:00,1,False
ab1758a001e2dcef,"long lane, bermondsey",1189,"Long Lane , Bermondsey",61059,2022-10-31 01:04:00,2025-12-31 21:41:00,1,False
abf4666a5cd3e641,"carey street, holborn",1139,"Carey Street, Holborn",38185,2022-10-31 00:02:00,2025-12-31 21:56:00,1,False
ad84f76a72bb0357,"brick lane market, shoreditch",2687,"Brick Lane Market, Shoreditch",58365,2022-10-31 01:10:00,2025-12-31 21:39:00,1,False
adb9871958ba558b,"bouverie street, temple",1021,"Bouverie Street, Temple",39806,2022-10-31 00:04:00,2024-10-14 08:51:00,1,False
add8697871bf3839,"eaton square (south), belgravia",22164,"Eaton Square (South), Belgravia",35599,2022-10-31 08:27:00,2025-12-31 18:56:00,1,False
ae56190814d30a33,"montpelier street, knightsbridge",1206,"Montpelier Street, Knightsbridge",86623,2022-10-31 02:16:00,2025-12-31 23:04:00,1,False
af07712c8afa2672,"hereford road, bayswater",1016,"Hereford Road, Bayswater",62056,2022-10-31 06:24:00,2025-12-31 21:36:00,1,False
af58a130b51bd051,"jubilee gardens, south bank",1111,"Jubilee Gardens, South Bank",4457,2022-10-31 00:27:00,2022-12-16 09:14:00,2,True
af5ecf67494e6ad4,"malet street, bloomsbury",980,"Malet Street, Bloomsbury",125565,2022-10-31 06:33:00,2025-12-31 19:11:00,1,False
b14a558eef1a8eb9,"dorset square, marylebone",1162,"Dorset Square, Marylebone",99087,2022-10-31 00:25:00,2025-12-31 21:01:00,1,False
b438d0a42374364d,"alderney street, pimlico",1174,"Alderney Street, Pimlico",88969,2022-10-31 03:57:00,2025-12-31 22:11:00,1,False
b50c8f9d3710ff08,"exhibition road museums 1, south kensington",22158,"Exhibition Road Museums 1, South Kensington",66463,2022-10-31 06:57:00,2025-12-31 18:10:00,1,False
b5243dbe0e61281b,"st mary's hospital, paddington",3496,"St Mary's Hospital, Paddington",88038,2022-10-31 00:52:00,2025-12-31 23:31:00,1,False
b5857a89989e3bbf,"paddington green, paddington",2670,"Paddington Green, Paddington",20202,2022-10-31 06:16:00,2025-12-31 23:51:00,1,False
b608d218947f5284,"walnut tree walk, vauxhall",1076,"Walnut Tree Walk, Vauxhall",56605,2022-10-31 00:47:00,2025-12-31 23:44:00,1,False
b77e53e726dbac62,"great tower street, monument",1080,"Great Tower Street, Monument",142891,2022-10-31 03:59:00,2025-12-31 23:52:00,1,False
b79ef3649e45783e,"warwick avenue station, maida vale",1027,"Warwick Avenue Station, Maida Vale",72267,2022-10-31 05:44:00,2025-12-31 23:25:00,1,False
babae984a586708a,"millharbour, millwall",22167,"Millharbour, Millwall",13303,2022-10-31 06:31:00,2025-12-31 23:50:00,1,False
bafb744e493b5848,"snow hill, farringdon",2699,"Snow Hill, Farringdon",55029,2022-10-31 04:19:00,2025-12-31 17:33:00,1,False
bb7a033b480ae907,"southwick street, paddington",3490,"Southwick Street, Paddington",63740,2022-10-31 06:35:00,2025-12-31 22:40:00,1,False
bc0d40b1caf21467,"lexham gardens, kensington",1121,"Lexham Gardens, Kensington",62856,2022-10-31 06:08:00,2025-12-31 23:54:00,1,False
bc56e6f9b4c00f78,"bedford way, bloomsbury",1156,"Bedford Way, Bloomsbury",46646,2022-10-31 03:06:00,2025-12-31 22:25:00,1,False
bc5a711adcc974e9,"houghton street, strand",3484,"Houghton Street, Strand",48161,2022-10-31 06:57:00,2025-12-31 21:52:00,1,False
bc75f5f7ab84ef5c,"british museum, bloomsbury",981,"British Museum, Bloomsbury",86985,2022-10-31 06:36:00,2025-12-31 21:21:00,1,False
bd658978b776e391,"reardon street, wapping",22176,"Reardon Street, Wapping",54589,2022-10-31 00:59:00,2025-12-31 19:54:00,1,False
be46596c9769480f,"leonard circus, shoreditch",1020,"Leonard Circus , Shoreditch",86579,2022-10-31 06:53:00,2025-12-31 22:42:00,1,False
be485d48f6f50f96,"curlew street, shad thames",1213,"Curlew Street, Shad Thames",101302,2022-10-31 00:02:00,2025-12-31 22:12:00,1,False
bf564e92a35d7a2a,"imperial college, knightsbridge",1220,"Imperial College, Knightsbridge",137255,2022-10-31 00:00:00,2025-12-31 23:51:00,1,False
bf6e380fe667e869,"newgate street, st. paul's",1074,"Newgate Street , St. Paul's",121582,2022-10-31 00:38:00,2025-12-31 22:45:00,1,False
bfc9126b09db11c1,"vauxhall bridge, pimlico",1046,"Vauxhall Bridge , Pimlico",33037,2022-10-31 00:23:00,2025-12-31 23:53:00,1,False
bffa099347ab8c29,"baker street, marylebone",1086,"Baker Street, Marylebone",80255,2022-10-31 05:44:00,2025-12-31 17:31:00,1,False
c0ac250cc92ed0c8,"bath street, st. luke's",964,"Bath Street, St. Luke's",91234,2022-10-31 02:11:00,2025-12-31 21:25:00,2,True
c0c8a9da27c9f9a6,"cadogan gardens, chelsea",2695,"Cadogan Gardens, Chelsea",86148,2022-10-31 06:08:00,2025-12-31 21:57:00,1,False
c1af53f88ed4b36d,"nesham street, wapping",1031,"Nesham Street, Wapping",118043,2022-10-31 05:34:00,2025-12-31 23:32:00,1,False
c1d94312c8e7fec1,"campden hill road, notting hill",3487,"Campden Hill Road, Notting Hill",28310,2022-10-31 07:58:00,2025-12-31 22:37:00,1,False
c1ef9189a14c4254,"new globe walk, bankside",1015,"New Globe Walk, Bankside",47809,2022-10-31 06:49:00,2025-12-31 22:59:00,1,False
c214d9dd3593beee,"finsbury leisure centre, st. luke's",1049,"Finsbury Leisure Centre, St. Luke's",109739,2022-10-31 01:18:00,2025-12-31 22:58:00,1,False
c3055b44b33a9de5,"ontario street, elephant & castle",1200,"Ontario Street, Elephant & Castle",68234,2022-10-31 03:16:00,2025-12-31 21:00:00,1,False
c4bc284729990d01,"harrington square 1, camden town",1038,"Harrington Square 1, Camden Town",59387,2022-10-31 05:53:00,2025-12-31 21:33:00,1,False
c4be626482a0da27,"orsett terrace, bayswater",2585,"Orsett Terrace, Bayswater",19764,2022-10-31 07:16:00,2025-12-31 23:43:00,1,False
c507d18fcde9d494,"wren street, holborn",22169,"Wren Street, Holborn",67829,2022-10-31 00:19:00,2025-12-31 23:54:00,1,False
c579b9e79e89d251,"fire brigade pier, vauxhall",2703,"Fire Brigade Pier, Vauxhall",51864,2022-10-31 02:29:00,2025-12-31 23:43:00,1,False
c614aa9929181676,"grosvenor road, pimlico",1140,"Grosvenor Road, Pimlico",35095,2022-10-31 06:58:00,2025-12-31 23:22:00,1,False
c6248eac73b2be3b,"clifford street, mayfair",2688,"Clifford Street, Mayfair",47058,2022-10-31 03:45:00,2025-12-31 17:30:00,1,False
c641886fffc32026,"sedding street, sloane square",3420,"Sedding Street, Sloane Square",104405,2022-10-31 06:46:00,2025-12-31 21:23:00,1,False
c6600cc2d09e5f38,"chadwell street, angel",3471,"Chadwell Street, Angel",47709,2022-10-31 06:12:00,2025-03-25 08:47:00,1,False
c6ff6ae5d828d958,"shoreditch high street, shoreditch",3445,"Shoreditch High Street, Shoreditch",121624,2022-10-31 00:39:00,2025-12-31 21:32:00,1,False
c76d58ac9e04c1fe,"new north road 2, hoxton",2641,"New North Road 2, Hoxton",39802,2022-10-31 07:35:00,2025-12-31 20:14:00,1,False
c8e3dd1494f74298,"macclesfield rd, st lukes",1226,"Macclesfield Rd, St Lukes",84918,2022-10-31 01:04:00,2025-12-31 21:14:00,1,False
c9b2bab28956ebc4,"old quebec street, marylebone",1085,"Old Quebec Street, Marylebone",105139,2022-10-31 00:14:00,2025-12-31 21:05:00,1,False
cc7724938ae61ad2,"aberdeen place, st. john's wood",2698,"Aberdeen Place, St. John's Wood",44513,2022-10-31 06:01:00,2025-12-31 18:44:00,1,False
cc79d026d75cc449,"abingdon villas, kensington",3442,"Abingdon Villas, Kensington",39479,2022-10-31 06:02:00,2025-12-31 21:01:00,1,False
cc90f17489a371f8,"waterloo road, south bank",1176,"Waterloo Road, South Bank",48798,2022-10-31 00:08:00,2025-12-31 16:04:00,1,False
cd429b14ace9dd25,"westbourne grove, bayswater",1041,"Westbourne Grove, Bayswater",62783,2022-10-31 02:15:00,2025-12-31 22:44:00,1,False
cdbf969d6f0f55d3,"stanhope gate, mayfair",3506,"Stanhope Gate, Mayfair",35458,2022-10-31 07:12:00,2025-12-31 22:44:00,1,False
cdc6f04320a111c3,"greycoat street, westminster",10623,"Greycoat Street , Westminster",26783,2022-10-31 06:44:00,2025-12-31 18:06:00,1,False
cdde3adea8587e51,"tooley street, bermondsey",1142,"Tooley Street, Bermondsey",191146,2022-10-31 06:01:00,2025-12-31 23:19:00,1,False
cdf83facb2c91dce,"george street, marylebone",1225,"George Street, Marylebone",71980,2022-10-31 00:49:00,2025-12-31 20:27:00,1,False
ceb99a45e6ad9299,"palace gate, kensington gardens",1110,"Palace Gate, Kensington Gardens",121241,2022-10-31 07:14:00,2025-12-31 16:12:00,1,False
cee8d90c74d35440,"moorfields, moorgate",1092,"Moorfields, Moorgate",157493,2022-10-31 05:43:00,2025-12-31 19:06:00,1,False
cf0ac04cbc139e62,"clapham common station, clapham common",2694,"Clapham Common Station, Clapham Common",121039,2022-10-31 00:13:00,2025-12-31 22:42:00,1,False
cf1582a7b793cab2,"denyer street, knightsbridge",3454,"Denyer Street, Knightsbridge",43592,2022-10-31 00:44:00,2025-12-31 21:23:00,1,False
cf5362b4704bcb74,"vincent street, pimlico",22161,"Vincent Street, Pimlico",56271,2022-10-31 05:53:00,2025-12-31 23:43:00,1,False
cfa546e6d049ce76,"endsleigh gardens, euston",1079,"Endsleigh Gardens, Euston",90184,2022-10-31 00:09:00,2025-12-31 19:56:00,1,False
d085280f916998a6,"bricklayers arms, borough",1070,"Bricklayers Arms, Borough",88217,2022-10-31 04:32:00,2025-12-31 22:41:00,1,False
d10bdef5f01d85eb,"flood street, chelsea",1218,"Flood Street, Chelsea",119663,2022-10-31 06:32:00,2025-12-31 20:55:00,1,False
d13a67a6426a9fc9,"park street, bankside",1024,"Park Street, Bankside",44060,2022-10-31 00:45:00,2025-12-31 23:50:00,1,False
d2d9ed3f0194d3f7,"tyers gate, bermondsey",3485,"Tyers Gate, Bermondsey",57384,2022-10-31 06:17:00,2025-12-31 20:48:00,1,False
d37ce2e18c67eaf7,"old brompton road, south kensington",3479,"Old Brompton Road, South Kensington",72583,2022-10-31 00:29:00,2025-12-31 23:53:00,1,False
d40eef298e175503,"cadogan place, knightsbridge",3469,"Cadogan Place, Knightsbridge",49207,2022-10-31 06:50:00,2025-12-31 18:13:00,1,False
d42922e6a2ebfac7,"vauxhall cross, vauxhall",1000,"Vauxhall Cross, Vauxhall",132945,2022-10-31 02:32:00,2025-12-31 23:05:00,1,False
d53695596b89c0d2,"west cromwell road, earl's court",1001,"West Cromwell Road, Earl's Court",49655,2022-10-31 02:22:00,2025-12-31 21:20:00,1,False
d60a54b8137d68dd,"queen's gate (central), south kensington",1089,"Queen's Gate (Central), South Kensington",65623,2022-10-31 02:22:00,2025-12-31 23:53:00,1,False
d71cf8ec3cfc6635,"wright's lane, kensington",1094,"Wright's Lane, Kensington",113937,2022-10-31 00:13:00,2025-12-31 18:57:00,1,False
d9219c208a265143,"queen mother sports centre, victoria",1148,"Queen Mother Sports Centre, Victoria",76842,2022-10-31 05:27:00,2025-12-31 23:11:00,1,False
d99bdee5a3ec74d0,"waterloo bridge, south bank",2648,"Waterloo Bridge, South Bank",33432,2022-10-31 00:09:00,2025-12-31 15:15:00,1,False
d99cb4192b35a630,"gloucester road (central), south kensington",3435,"Gloucester Road (Central), South Kensington",49103,2022-10-31 00:25:00,2025-12-31 20:40:00,1,False
dad1671748602d3e,"warren street station, euston",1090,"Warren Street Station, Euston",166223,2022-10-31 00:26:00,2025-12-31 20:29:00,1,False
daeb1203f96db980,"rodney road, walworth",3481,"Rodney Road , Walworth",48438,2022-10-31 01:54:00,2025-12-31 23:03:00,1,False
db21d9dd2cf421c1,"bankside mix, bankside",963,"Bankside Mix, Bankside",77825,2022-10-31 00:08:00,2025-12-31 23:50:00,1,False
db34c68d013f5c3d,"union street, the borough",961,"Union Street, The Borough",62402,2022-10-31 00:06:00,2025-12-31 20:48:00,1,False
dbd52aa11b3e6b4c,"clifton street, shoreditch",3501,"Clifton Street, Shoreditch",38078,2022-10-31 04:29:00,2025-12-31 19:57:00,1,False
de3776ee58face35,"grosvenor square, mayfair",10627,"Grosvenor Square, Mayfair",72252,2022-10-31 00:53:00,2025-12-31 23:21:00,1,False
dfec889f3bc53725,"bell street, marylebone",1166,"Bell Street , Marylebone",65838,2022-10-31 00:19:00,2025-12-31 21:40:00,1,False
e01c952d63bb949f,"crinan street, king's cross",22183,"Crinan Street, King's Cross",26975,2022-10-31 07:33:00,2025-12-31 23:26:00,1,False
e07a8d15bd08cc57,"rathbone street, fitzrovia",3497,"Rathbone Street, Fitzrovia",48428,2022-10-31 01:00:00,2025-12-31 23:08:00,1,False
e08405e3204349a2,"concert hall approach 1, south bank",2635,"Concert Hall Approach 1, South Bank",32070,2022-10-31 07:24:00,2024-08-29 19:18:00,2,True
e0ec1594ee7cb641,"crawford street, marylebone",1036,"Crawford Street, Marylebone",80372,2022-10-31 00:36:00,2025-12-31 23:03:00,1,False
e1d7e6b426cd6d70,"george row, bermondsey",2679,"George Row, Bermondsey",81843,2022-10-31 00:37:00,2025-12-31 21:42:00,1,False
e1d9f4fd72997d90,"fanshaw street, hoxton",3427,"Fanshaw Street, Hoxton",83905,2022-10-31 00:00:00,2025-12-31 23:42:00,1,False
e2b3590f1cc302ab,"rotherhithe roundabout, rotherhithe",10629,"Rotherhithe Roundabout, Rotherhithe",50312,2022-10-31 05:11:00,2025-12-31 21:08:00,1,False
e40a583c6d2577d7,"south wharf road, paddington",1167,"South Wharf Road, Paddington",68155,2022-10-31 06:18:00,2025-12-31 18:26:00,1,False
e44e405bbb0e26d7,"charlotte street, fitzrovia",2669,"Charlotte Street, Fitzrovia",55162,2022-10-31 07:09:00,2025-12-31 21:26:00,1,False
e481ee4827e3987b,"ilchester place, kensington",1115,"Ilchester Place, Kensington",20220,2022-10-31 07:26:00,2025-12-31 14:27:00,1,False
e485080e6ca88718,"belgrave square, belgravia",3473,"Belgrave Square, Belgravia",42038,2022-10-31 06:44:00,2025-12-31 19:42:00,1,False
e49a4be4583c9e88,"little argyll street, west end",995,"Little Argyll Street, West End",169322,2022-10-31 05:58:00,2025-12-31 23:54:00,1,False
e4d08ba016a7905b,"elizabeth bridge, victoria",1138,"Elizabeth Bridge, Victoria",82461,2022-10-31 00:19:00,2025-12-31 22:16:00,1,False
e5a8e5843d87bc96,"waterloo station 2, waterloo",2692,"Waterloo Station 2, Waterloo",126670,2022-10-31 00:06:00,2025-12-31 09:56:00,1,False
e5d2c930b2b6baef,"lansdowne drive, hackney central",3426,"Lansdowne Drive, Hackney Central",57165,2022-10-31 04:52:00,2025-12-31 21:05:00,1,False
e64624c31da0ee75,"lambeth road, vauxhall",1078,"Lambeth Road, Vauxhall",49933,2022-10-31 02:05:00,2025-12-31 20:34:00,1,False
e6a0fca359674f8b,"bayswater road, hyde park",1096,"Bayswater Road, Hyde Park",121806,2022-10-31 00:10:00,2025-12-31 23:59:00,1,False
e7a7d59ea4d0f622,"brushfield street, liverpool street",1161,"Brushfield Street, Liverpool Street",226503,2022-10-31 00:23:00,2025-12-31 19:48:00,1,False
e85bd76388176049,"curzon street, mayfair",3437,"Curzon Street, Mayfair",52929,2022-10-31 06:44:00,2025-12-31 23:41:00,1,False
e8f42cf514448a65,"drury lane, covent garden",1007,"Drury Lane, Covent Garden",126247,2022-10-31 01:52:00,2025-12-31 23:31:00,1,False
e98c604a2c9bd126,"braham street, aldgate",1062,"Braham Street, Aldgate",126410,2022-10-31 00:03:00,2025-12-31 23:57:00,1,False
ea97ba5f045b666f,"store street, bloomsbury",3507,"Store Street, Bloomsbury",76581,2022-10-31 05:37:00,2025-12-31 18:45:00,1,False
eecbf56aadb1806e,"hyde park corner, hyde park",1075,"Hyde Park Corner, Hyde Park",355063,2022-10-31 00:23:00,2025-12-31 23:55:00,1,False
ef2b7eee03779b4d,"clerkenwell green, clerkenwell",1053,"Clerkenwell Green, Clerkenwell",89420,2022-10-31 00:14:00,2025-12-31 21:41:00,1,False
ef6c8c6c9ae3daf4,"hatton garden, holborn",985,"Hatton Garden, Holborn",85114,2022-10-31 02:06:00,2025-12-31 23:27:00,1,False
ef851cbc456ef051,"panton street, west end",3452,"Panton Street, West End",110100,2022-10-31 00:52:00,2025-12-31 22:48:00,1,False
efa587fd5a92a439,"st. chad's street, king's cross",1013,"St. Chad's Street, King's Cross",42390,2022-10-31 06:17:00,2025-12-31 23:40:00,1,False
eff16fa38f94cfea,"portland place, marylebone",1164,"Portland Place, Marylebone",68385,2022-10-31 05:56:00,2025-12-31 21:03:00,1,False
f024c3fb17f3f6bd,"great russell street, bloomsbury",988,"Great Russell Street, Bloomsbury",73680,2022-10-31 00:09:00,2025-12-31 20:21:00,1,False
f11703f44672f75e,"waterloo station 1, waterloo",2696,"Waterloo Station 1, Waterloo",255736,2022-10-31 00:15:00,2025-12-31 16:57:00,1,False
f1a22b77e39ca6ab,"eccleston place, victoria",3465,"Eccleston Place, Victoria",121782,2022-10-31 00:10:00,2025-12-31 20:53:00,1,False
f1d9271adfd0fba0,"gloucester terrace, bayswater",1173,"Gloucester Terrace, Bayswater",51535,2022-10-31 00:25:00,2025-12-31 23:58:00,1,False
f3dbd3f3dc8d047a,"chapel place, marylebone",1003,"Chapel Place, Marylebone",75704,2022-10-31 01:32:00,2025-12-31 19:57:00,1,False
f41a1a266720480b,"wellington road, st. john's wood",1055,"Wellington Road, St. John's Wood",51939,2022-10-31 02:13:00,2025-12-31 22:33:00,1,False
f6ce310b16e2ba30,"bramham gardens, earl's court",1183,"Bramham Gardens, Earl's Court",97928,2022-10-31 00:10:00,2025-12-31 23:43:00,1,False
f6f3746163428d17,"natural history museum, south kensington",2677,"Natural History Museum, South Kensington",84787,2022-10-31 02:28:00,2025-12-31 20:17:00,1,False
f7142868e040f96c,"triangle car park, hyde park",1088,"Triangle Car Park, Hyde Park",137995,2022-10-31 08:48:00,2025-12-31 23:59:00,1,False
f89a77442a211ebb,"dickens square, borough",1208,"Dickens Square, Borough",40359,2022-10-31 03:51:00,2025-12-31 23:45:00,1,False
f9c78d0437ce0414,"high holborn, covent garden",1229,"High Holborn , Covent Garden",93352,2022-10-31 00:37:00,2025-12-31 20:37:00,1,False
fa4dc7553b6b8aee,"moor street, soho",3504,"Moor Street, Soho",129808,2022-10-31 01:45:00,2025-12-31 23:39:00,1,False
fad0da50a203b2ac,"st. john's wood road, st. john's wood",1187,"St. John's Wood Road, St. John's Wood",47548,2022-10-31 06:49:00,2025-12-31 18:05:00,1,False
fb71ad0a3c24127f,"clifton road, maida vale",1147,"Clifton Road, Maida Vale",62088,2022-10-31 05:49:00,2025-12-31 22:01:00,1,False
fba56fb9be0d9377,"kensington gore, knightsbridge",1193,"Kensington Gore, Knightsbridge",47446,2022-10-31 07:44:00,2025-12-31 23:24:00,1,False
fc574b3c344ee9c0,"murray grove, hoxton",989,"Murray Grove , Hoxton",58003,2022-10-31 05:40:00,2025-12-31 21:17:00,1,False
fd7d7928c4a95e4c,"new inn yard, shoreditch",1032,"New Inn Yard, Shoreditch",79529,2022-10-31 01:17:00,2025-12-31 22:55:00,1,False
fe03dbcd36366b8f,"tavistock place, bloomsbury",3439,"Tavistock Place, Bloomsbury",58210,2022-10-31 03:24:00,2025-12-31 23:33:00,1,False
ff4c4ddde289701b,"doric way, somers town",1004,"Doric Way , Somers Town",79992,2022-10-31 06:24:00,2025-12-31 22:25:00,1,False
2062db809079e720,"hammersmith town hall, hammersmith",300254,"Hammersmith Town Hall, Hammersmith",2,2022-11-17 16:21:00,2022-11-17 16:31:00,1,False
14f405d0b3639362,one london,123456,One London,6,2022-11-28 14:48:00,2023-01-25 14:31:00,1,False
514a1c1a121aec7f,"coomer place, west kensington",300006,"Coomer Place, West Kensington",11800,2022-12-01 11:02:00,2023-06-18 22:41:00,2,True
278446fffba3ed42,"arundel street, temple",3455,"Arundel Street, Temple",42266,2022-12-07 11:59:00,2025-12-31 14:59:00,1,False
3def4c9ae56c094b,"chicheley street, south bank",200206,"Chicheley Street, South Bank",109507,2022-12-07 12:40:00,2025-12-30 07:57:00,1,False
c81570af7d6316fd,"crimscott street, bermondsey",300061,"Crimscott Street, Bermondsey",61046,2022-12-09 12:56:00,2025-12-31 20:13:00,1,False
2534c842cb56388e,mechanical workshop penton,10626,Mechanical Workshop Penton,3,2023-01-01 12:41:00,2023-04-05 15:08:00,1,False
bf4a8185fbb183de,"michael road, walham green",300095,"Michael Road, Walham Green",39724,2023-01-11 14:50:00,2025-12-31 19:35:00,1,False
13ac086b7080d0fa,"chelsea green, chelsea",1179,"Chelsea Green, Chelsea",41916,2023-01-18 12:28:00,2025-12-31 23:27:00,1,False
b63b3d8a341419e5,"lord's, st. john's wood",2665,"Lord's, St. John's Wood",17559,2023-02-17 09:00:00,2025-12-31 10:21:00,1,False
13ac086b7080d0fa,"chelsea green, chelsea",001179,"Chelsea Green, Chelsea",599,2023-03-06 07:21:00,2023-03-26 18:48:00,1,False
278446fffba3ed42,"arundel street, temple",003455,"Arundel Street, Temple",572,2023-03-06 06:39:00,2023-03-26 22:07:00,1,False
a0061caeae404a04,"disraeli road, putney2",200217old2,"Disraeli Road, Putney2",246,2023-03-07 14:33:00,2023-03-16 15:06:00,1,False
b63b3d8a341419e5,"lord's, st. john's wood",002665,"Lord's, St. John's Wood",237,2023-03-06 06:21:00,2023-03-26 22:39:00,1,False
0f97c1a918b14876,"hardwick street, clerkenwell_old2",001057_old,"Hardwick Street, Clerkenwell_old2",25,2023-03-21 12:32:00,2023-03-22 16:40:00,1,False
1372cbaa3a3a53e0,"westfield library corner, shepherd's bush",200227,"Westfield Library Corner, Shepherd's Bush",38970,2023-05-25 20:04:00,2025-12-31 23:37:00,1,False
6e1f03169f652e18,"christian street, whitechapel",22177,"Christian Street, Whitechapel",51239,2023-06-01 16:42:00,2025-12-31 23:33:00,1,False
cf0db28098fd1260,"elgin avenue, maida hill",300071,"Elgin Avenue, Maida Hill",43455,2023-06-08 12:22:00,2025-12-31 22:18:00,1,False
1cbd402f0f47319c,"fore street, guildhall",300222,"Fore Street, Guildhall",47021,2023-06-19 06:36:00,2025-12-31 19:30:00,2,True
514a1c1a121aec7f,"coomer place, west kensington",200081,"Coomer Place, West Kensington",68766,2023-06-19 05:44:00,2025-12-31 23:55:00,1,False
851dc006f9748b07,"fore street avenue, guildhall",200253,"Fore Street Avenue, Guildhall",41627,2023-06-19 05:50:00,2025-12-31 21:37:00,2,True
9d59e03c5979de99,"argyle street, kings cross",1011,"Argyle Street, Kings Cross",184833,2023-06-19 00:53:00,2025-12-31 22:52:00,2,True
c14f1504ffb1d42a,"strand, strand_old",1100444,"Strand, Strand_OLD",11697,2023-06-19 07:12:00,2023-10-14 15:43:00,1,False
962d3a14e88f2643,"clapham south, clapham south",300006,"Clapham South, Clapham South",41573,2023-08-24 15:47:00,2025-12-31 22:42:00,2,True
4f3a612347548f50,"kennington road, vauxhall",1154,"Kennington Road, Vauxhall",39788,2023-12-01 00:15:00,2025-12-31 23:04:00,1,False
6b621f309ade3199,"westbourne green, westbourne",1128,"Westbourne Green, Westbourne",24198,2024-02-23 12:20:00,2025-12-31 17:24:00,2,True
5393e0f5fb4dc69f,"colombo street, southwark",3472,"Colombo Street, Southwark",11512,2024-03-03 14:50:00,2025-12-31 18:28:00,1,False
067506cd8a987fb4,"bath street, st. lke's",964,"Bath Street, St. Lke's",13014,2024-05-01 04:30:00,2024-08-26 21:18:00,2,True
4514aaab698189b7,"abbey orchard street, westminster_old",3429444,"Abbey Orchard Street, Westminster_OLD",8210,2024-05-01 02:55:00,2024-08-15 09:57:00,1,False
cf988e4e8fd25f85,"leonard circus, shoreditch_old",1020444,"Leonard Circus , Shoreditch_OLD",11770,2024-05-01 03:44:00,2024-08-16 09:11:00,1,False
8ddb3a11d1234a19,"kennington oval, oval_old",200032444,"Kennington Oval, Oval_OLD",351,2024-05-20 22:47:00,2024-06-02 21:04:00,1,False
7e517a28d6f35722,mechanical workshop clapham,22168,Mechanical Workshop Clapham,34,2024-06-03 09:01:00,2025-10-17 11:01:00,1,False
f49e108aebad5a9d,"camley street, camden town",22181,"Camley Street, Camden Town",16080,2024-06-12 14:22:00,2025-12-31 19:13:00,1,False
3e793f96710d7b3e,"limburg road, clapham junction_old",300100,"Limburg Road, Clapham Junction_OLD",1701,2024-10-01 07:03:00,2024-12-10 10:07:00,2,True
63f5c91bc22e7761,"kennington lane rail bridge, vauxhall_old",1190444,"Kennington Lane Rail Bridge, Vauxhall_OLD",14193,2024-10-01 02:17:00,2025-02-05 09:57:00,1,False
bc8de10df6f2c3ee,"albert embankment, vauxhall_old",1059444,"Albert Embankment, Vauxhall_OLD",4675,2024-10-01 00:14:00,2025-02-06 10:25:00,1,False
be01e1c580804601,"percy street, bloomsbury",1006,"Percy Street, Bloomsbury",31927,2024-10-01 01:24:00,2025-12-31 23:28:00,2,True
dcae3ac82203e52c,"pritchard's road, bethnal green_old",200083444,"Pritchard's Road, Bethnal Green_OLD",3484,2024-10-01 08:08:00,2025-02-04 11:52:00,1,False
d7c4a665d7e4089d,"albert street, camden town",200118,"Albert Street, Camden Town",13884,2024-11-19 17:30:00,2025-12-31 21:26:00,2,True
067c0f79ef11cd25,"handyside street, king's cross_old",300241444,"Handyside Street, King's Cross_OLD",4756,2025-02-01 00:14:00,2025-04-03 09:47:00,1,False
12406cafab584f76,"lower marsh, waterloo_old",1219444,"Lower Marsh, Waterloo_OLD",504,2025-02-01 02:22:00,2025-02-12 09:19:00,1,False
4ad4ade974f24634,"bucknall street, covent garden",1145,"Bucknall Street, Covent Garden",31508,2025-02-01 00:50:00,2025-12-31 23:24:00,2,True
4f105468afda01fb,"victoria rise, clapham common_old",300204,"Victoria Rise, Clapham Common_OLD",4177,2025-02-01 07:26:00,2025-05-23 13:33:00,2,True
6e5e4af87275f36b,"risinghill street, angel_old",11274444,"Risinghill Street, Angel_OLD",584,2025-02-01 02:49:00,2025-03-04 10:03:00,1,False
e0ec83e77b3696db,"old quebec street, marylebone_old",1085444,"Old Quebec Street, Marylebone_OLD",13278,2025-02-01 01:57:00,2025-06-09 23:41:00,1,False
1b26917c9fadea8a,"st. pancras way, camden town",1111,"St. Pancras Way, Camden Town",3627,2025-05-02 22:28:00,2025-12-31 19:38:00,2,True
55dbd4e66c983791,"westfield ariel way, white city_old",200141444,"Westfield Ariel Way, White City_OLD",8705,2025-06-01 01:05:00,2025-10-17 07:04:00,1,False
8c61641520625f86,"albany street, the regent's park_old",200134444,"Albany Street, The Regent's Park_OLD",4386,2025-06-01 00:04:00,2025-08-04 23:26:00,1,False
934e8a638a74024d,"london fields, hackney central_old",200025444,"London Fields, Hackney Central_OLD",14598,2025-06-01 00:23:00,2025-09-02 22:42:00,1,False
aebe022d396e532f,"victoria & albert museum, south kensington_old",300032444,"Victoria & Albert Museum, South Kensington_OLD",2434,2025-06-01 00:00:00,2025-07-16 22:12:00,1,False
b03de667636bb567,"spencer park, wandsworth common_old",200191444,"Spencer Park, Wandsworth Common_OLD",482,2025-06-01 06:41:00,2025-06-26 12:10:00,1,False
ce5b48ae58cbed4d,"maplin street, mile end_old",200230444,"Maplin Street, Mile End_OLD",10860,2025-06-01 00:11:00,2025-09-02 23:35:00,1,False
decd48830597f3ea,"bbc white city, white city_old",200136444,"BBC White City, White City_OLD",4840,2025-06-01 00:00:00,2025-08-06 02:37:00,1,False
0ec8212d4e4b77b5,"gloucester avenue, camden town_old",2001454444,"Gloucester Avenue, Camden Town_OLD",6776,2025-07-01 06:10:00,2025-12-31 23:10:00,1,False
30ead49630bd0225,"concert hall approach, south bank",1212,"Concert Hall Approach, South Bank",6359,2025-08-18 17:01:00,2025-12-31 14:45:00,2,True
508d765dbcb89f22,"adeline place, bloomsbury",300099,"Adeline Place, Bloomsbury",1665,2025-10-29 16:28:00,2025-12-31 21:01:00,2,True
038f52772ac23c70,"agar grove, camden town",2635,"Agar Grove, Camden Town",68,2025-12-24 16:16:00,2025-12-31 22:04:00,2,True
